{"id":"PROCESS_MODEL-e6119544-bddf-43b6-bd23-5e12a7559228","name":"Process Trading Order","key":"process-trading-order","description":"","editorJson":{"resourceId":"editor_PROCESS_MODEL-e6119544-bddf-43b6-bd23-5e12a7559228","stencil":{"id":"BPMNDiagram"},"pathProperties":{},"xmlProperties":[],"childShapes":[{"resourceId":"startnoneevent1","stencil":{"id":"StartNoneEvent"},"pathProperties":{},"xmlProperties":["formproperties","initiator","name","name_en_us","name_en_us-run","name_de_de","name_de_de-run","name_fr_fr","name_fr_fr-run","name_it_it","name_it_it-run","name_es_es","name_es_es-run","name-run","name_i18n-key"],"childShapes":[],"bounds":{"lowerRight":{"x":90,"y":115},"upperLeft":{"x":60,"y":85}},"specialproperties":{"formreference":{"type":"treeview","placeholder":"formkey"},"workformreference":{"type":"treeview","placeholder":"workformkey"}},"outputmappingproperties":{"formproperties":{"type":"complex","placeholders":[]},"genericproperty":{"type":"complex","placeholders":[]},"fields":{"type":"complex","placeholders":[]},"executionlistener":{"type":"complex","placeholders":[]}},"properties":{"stencilid":"cloudstartnoneevent","stencilsuperid":"StartNoneEvent","stencilsuperids":["StartNoneEvent"],"customstencil":"true","fontcolor":"","notes":"","trigger":"None","formproperties":"","exclusive":true,"documentation":"","initiator":"initiator","genericproperty":"","name":"","name_en_us":"","name_en_us-run":"","name_de_de":"","name_de_de-run":"","name_fr_fr":"","name_fr_fr-run":"","name_it_it":"","name_it_it-run":"","name_es_es":"","name_es_es-run":"","name-run":"","name_i18n-key":"","fontsize":"","id":"startnoneevent1","fontweight":"","fontstyle":"","interrupting":true,"executionlistener":"","bgcolor":"#ffffff","formreference":"","formkey":"","oldresourceid":"","workformreference":"","workformkey":"","async":false,"bordercolor":"#000000","customstencilid":"cloudstartnoneevent","customnamespace":"http://b3mn.org/stencilset/default.flowable.process.palette.xml#","xmlTag":"StartNoneEvent"},"ssextensions":[],"outgoing":[{"resourceId":"sequenceflow2"}],"dockers":[],"labels":[{"styles":{"fill":"#000000","size":"12","italic":false,"bold":false},"ref":"text_name"}]},{"resourceId":"formtask1","stencil":{"id":"Task"},"pathProperties":{},"xmlProperties":["exposetoobjectitems","exposeasmessageitems","formproperties","name","name_en_us","name_en_us-run","name_de_de","name_de_de-run","name_fr_fr","name_fr_fr-run","name_it_it","name_it_it-run","name_es_es","name_es_es-run","name-run","name_i18n-key"],"childShapes":[],"bounds":{"lowerRight":{"x":400,"y":140},"upperLeft":{"x":300,"y":60}},"specialproperties":{"form_entry":{"type":"treeview","placeholder":"formtaskentry"}},"outputmappingproperties":{"tasklistener":{"type":"complex","placeholders":[]},"exposetoobjectitems":{"type":"complex","placeholders":[]},"fields":{"type":"complex","placeholders":[]},"executionlistener":{"type":"complex","placeholders":[]},"exposeasmessageitems":{"type":"complex","placeholders":[]},"genericproperty":{"type":"complex","placeholders":[]},"formproperties":{"type":"complex","placeholders":[]}},"properties":{"stencilid":"cloudformtask","stencilsuperid":"FormTask","stencilsuperids":["Task","FormTask"],"customstencil":"true","id":"formtask1","notes":"","skipexpression":"","async":false,"loopelementindexvariable":"loopCounter","fontstyle":"","loopcollection":"","exclusive":true,"priority":"","loopelementvariable":"","tasklistener":"","exposetoobjectitems":"","initiator-can-complete":false,"assignee":"","assignee-run":"${initiator}","loopcardinality":"","executionlistener":"","fontcolor":"","fontsize":"","owner":"","owner-run":"","guid":"GEAR-2615f6e4-f159-4fd8-9810-86691f290d5c","categories":"","duedate":"","documentation":"","bgcolor":"#ffffff","exposeasmessageitems":"","candidateusers":"","candidateusers-run":"","looptype":"None","callacitivity":false,"isforcompensation":false,"candidategroups":"","candidategroups-run":"","genericproperty":"","oldresourceid":"","form_entry":"FORM_MODEL-ae5e2f96-a437-444a-97a5-452af6beaed5","formtaskentry":"trading-form","fontweight":"","completioncondition":"","tasktype":"FormTask","bordercolor":"#000000","formproperties":"","name":"Enter trading details","name_en_us":"Enter trading details","name_en_us-run":"","name_de_de":"","name_de_de-run":"","name_fr_fr":"","name_fr_fr-run":"","name_it_it":"","name_it_it-run":"","name_es_es":"","name_es_es-run":"","name-run":"","name_i18n-key":"","customstencilid":"cloudformtask","customnamespace":"http://b3mn.org/stencilset/default.flowable.process.palette.xml#","xmlTag":"FormTask"},"ssextensions":[],"outgoing":[{"resourceId":"sequenceflow4"}],"dockers":[],"labels":[{"styles":{"fill":"#000000","size":"12","italic":false,"bold":false},"ref":"text_name"}]},{"resourceId":"sequenceflow2","stencil":{"id":"SequenceFlow"},"pathProperties":{},"xmlProperties":["name","name_en_us","name_en_us-run","name_de_de","name_de_de-run","name_fr_fr","name_fr_fr-run","name_it_it","name_it_it-run","name_es_es","name_es_es-run","name-run","name_i18n-key"],"childShapes":[],"bounds":{"lowerRight":{"x":150,"y":100},"upperLeft":{"x":90,"y":100}},"outputmappingproperties":{"fields":{"type":"complex","placeholders":[]},"executionlistener":{"type":"complex","placeholders":[]},"genericproperty":{"type":"complex","placeholders":[]}},"properties":{"stencilid":"cloudsequenceflow","stencilsuperid":"SequenceFlow","stencilsuperids":["SequenceFlow"],"customstencil":"true","oldresourceid":"","notes":"","fontcolor":"","executionlistener":"","defaultflow":false,"name":"","name_en_us":"","name_en_us-run":"","name_de_de":"","name_de_de-run":"","name_fr_fr":"","name_fr_fr-run":"","name_it_it":"","name_it_it-run":"","name_es_es":"","name_es_es-run":"","name-run":"","name_i18n-key":"","showdiamondmarker":false,"bordercolor":"#000000","conditionexpression":"","bgcolor":"#ffffff","id":"sequenceflow2","fontsize":"","fontstyle":"","conditiontype":"None","fontweight":"","isimmediate":false,"genericproperty":"","skipexpression":"","documentation":"","customstencilid":"cloudsequenceflow","customnamespace":"http://b3mn.org/stencilset/default.flowable.process.palette.xml#","xmlTag":"SequenceFlow"},"ssextensions":[],"outgoing":[{"resourceId":"httptask1"}],"dockers":[{"x":15,"y":15},{"x":1,"y":40}],"labels":[{"styles":{"fill":"#000000","size":"12","italic":false,"bold":false},"ref":"text_name"}],"target":{"resourceId":"httptask1"}},{"resourceId":"servicetask1","stencil":{"id":"Task"},"pathProperties":{},"xmlProperties":["name","name_en_us","name_en_us-run","name_de_de","name_de_de-run","name_fr_fr","name_fr_fr-run","name_it_it","name_it_it-run","name_es_es","name_es_es-run","name-run","name_i18n-key"],"childShapes":[],"bounds":{"lowerRight":{"x":670,"y":320},"upperLeft":{"x":570,"y":240}},"outputmappingproperties":{"genericproperty":{"type":"complex","placeholders":[]},"fields":{"type":"complex","placeholders":[]},"executionlistener":{"type":"complex","placeholders":[]},"classfields":{"type":"complex","placeholders":[]}},"properties":{"stencilid":"cloudservicetask","stencilsuperid":"ServiceTask","stencilsuperids":["Task","ServiceTask"],"customstencil":"true","oldresourceid":"","notes":"","callacitivity":false,"genericproperty":"","fontsize":"","guid":"GEAR-977e9ccb-6f4f-41f5-86d1-b1244db9ff60","loopelementindexvariable":"loopCounter","looptype":"None","loopcollection":"","loopcardinality":"","fontstyle":"","fontcolor":"","bgcolor":"#ffffff","bordercolor":"#000000","fontweight":"","loopelementvariable":"","id":"servicetask1","documentation":"","tasktype":"Service","completioncondition":"","categories":"","name":"Execute trade","name_en_us":"Execute trade","name_en_us-run":"","name_de_de":"","name_de_de-run":"","name_fr_fr":"","name_fr_fr-run":"","name_it_it":"","name_it_it-run":"","name_es_es":"","name_es_es-run":"","name-run":"","name_i18n-key":"","executionlistener":"","expression":"","delegateexpression":"${tradeService}","resultvariable":"","servicetaskuselocalscopeforresultvariable":false,"class":"","async":true,"exclusive":false,"classfields":"","servicetasktriggerable":false,"skipexpression":"","isforcompensation":false,"customstencilid":"cloudservicetask","customnamespace":"http://b3mn.org/stencilset/default.flowable.process.palette.xml#","xmlTag":"ServiceTask"},"ssextensions":[],"outgoing":[{"resourceId":"sequenceflow3"}],"dockers":[],"labels":[{"styles":{"fill":"#000000","size":"12","italic":false,"bold":false},"ref":"text_name"}]},{"resourceId":"receivetask1","stencil":{"id":"Task"},"pathProperties":{},"xmlProperties":["name","name_en_us","name_en_us-run","name_de_de","name_de_de-run","name_fr_fr","name_fr_fr-run","name_it_it","name_it_it-run","name_es_es","name_es_es-run","name-run","name_i18n-key"],"childShapes":[],"bounds":{"lowerRight":{"x":820,"y":320},"upperLeft":{"x":720,"y":240}},"outputmappingproperties":{"genericproperty":{"type":"complex","placeholders":[]},"fields":{"type":"complex","placeholders":[]},"executionlistener":{"type":"complex","placeholders":[]}},"properties":{"stencilid":"cloudreceivetask","stencilsuperid":"ReceiveTask","stencilsuperids":["Task","ReceiveTask"],"customstencil":"true","loopcollection":"","notes":"","exclusive":true,"looptype":"None","documentation":"","fontstyle":"","fontweight":"","loopelementvariable":"","bordercolor":"#000000","id":"receivetask1","guid":"GEAR-843aedd9-2fdc-4a4f-a255-d9de3014d01c","fontsize":"","skipexpression":"","categories":"","fontcolor":"","bgcolor":"#ffffff","completioncondition":"","callacitivity":false,"async":false,"loopelementindexvariable":"loopCounter","oldresourceid":"","genericproperty":"","executionlistener":"","tasktype":"Receive","isforcompensation":false,"loopcardinality":"","name":"Trade executed","name_en_us":"Trade executed","name_en_us-run":"","name_de_de":"","name_de_de-run":"","name_fr_fr":"","name_fr_fr-run":"","name_it_it":"","name_it_it-run":"","name_es_es":"","name_es_es-run":"","name-run":"","name_i18n-key":"","customstencilid":"cloudreceivetask","customnamespace":"http://b3mn.org/stencilset/default.flowable.process.palette.xml#","xmlTag":"ReceiveTask"},"ssextensions":[],"outgoing":[{"resourceId":"_intermediatetimereventboundary1"},{"resourceId":"sequenceflow12"}],"dockers":[],"labels":[{"styles":{"fill":"#000000","size":"12","italic":false,"bold":false},"ref":"text_name"}]},{"resourceId":"sequenceflow3","stencil":{"id":"SequenceFlow"},"pathProperties":{},"xmlProperties":["name","name_en_us","name_en_us-run","name_de_de","name_de_de-run","name_fr_fr","name_fr_fr-run","name_it_it","name_it_it-run","name_es_es","name_es_es-run","name-run","name_i18n-key"],"childShapes":[],"bounds":{"lowerRight":{"x":719,"y":280},"upperLeft":{"x":670,"y":280}},"outputmappingproperties":{"fields":{"type":"complex","placeholders":[]},"executionlistener":{"type":"complex","placeholders":[]},"genericproperty":{"type":"complex","placeholders":[]}},"properties":{"stencilid":"cloudsequenceflow","stencilsuperid":"SequenceFlow","stencilsuperids":["SequenceFlow"],"customstencil":"true","oldresourceid":"","notes":"","fontcolor":"","executionlistener":"","defaultflow":false,"name":"","name_en_us":"","name_en_us-run":"","name_de_de":"","name_de_de-run":"","name_fr_fr":"","name_fr_fr-run":"","name_it_it":"","name_it_it-run":"","name_es_es":"","name_es_es-run":"","name-run":"","name_i18n-key":"","showdiamondmarker":false,"bordercolor":"#000000","conditionexpression":"","bgcolor":"#ffffff","id":"sequenceflow3","fontsize":"","fontstyle":"","conditiontype":"None","fontweight":"","isimmediate":false,"genericproperty":"","skipexpression":"","documentation":"","customstencilid":"cloudsequenceflow","customnamespace":"http://b3mn.org/stencilset/default.flowable.process.palette.xml#","xmlTag":"SequenceFlow"},"ssextensions":[],"outgoing":[{"resourceId":"receivetask1"}],"dockers":[{"x":50,"y":40},{"x":50,"y":40}],"labels":[{"styles":{"fill":"#000000","size":"12","italic":false,"bold":false},"ref":"text_name"}],"target":{"resourceId":"receivetask1"}},{"resourceId":"servicetask2","stencil":{"id":"Task"},"pathProperties":{},"xmlProperties":["name","name_en_us","name_en_us-run","name_de_de","name_de_de-run","name_fr_fr","name_fr_fr-run","name_it_it","name_it_it-run","name_es_es","name_es_es-run","name-run","name_i18n-key"],"childShapes":[],"bounds":{"lowerRight":{"x":565,"y":140},"upperLeft":{"x":465,"y":60}},"outputmappingproperties":{"genericproperty":{"type":"complex","placeholders":[]},"fields":{"type":"complex","placeholders":[]},"executionlistener":{"type":"complex","placeholders":[]},"classfields":{"type":"complex","placeholders":[]}},"properties":{"stencilid":"cloudservicetask","stencilsuperid":"ServiceTask","stencilsuperids":["Task","ServiceTask"],"customstencil":"true","oldresourceid":"","notes":"","callacitivity":false,"genericproperty":"","fontsize":"","guid":"GEAR-c450b8c2-c247-454c-854e-e7707c2058e7","loopelementindexvariable":"loopCounter","looptype":"None","loopcollection":"","loopcardinality":"","fontstyle":"","fontcolor":"","bgcolor":"#ffffff","bordercolor":"#000000","fontweight":"","loopelementvariable":"","id":"servicetask2","documentation":"","tasktype":"Service","completioncondition":"","categories":"","name":"Execute fraud detection","name_en_us":"Execute fraud detection","name_en_us-run":"","name_de_de":"","name_de_de-run":"","name_fr_fr":"","name_fr_fr-run":"","name_it_it":"","name_it_it-run":"","name_es_es":"","name_es_es-run":"","name-run":"","name_i18n-key":"","executionlistener":"","expression":"","delegateexpression":"${fraudDetectionService}","resultvariable":"","servicetaskuselocalscopeforresultvariable":false,"class":"","async":true,"exclusive":false,"classfields":"","servicetasktriggerable":true,"skipexpression":"","isforcompensation":false,"customstencilid":"cloudservicetask","customnamespace":"http://b3mn.org/stencilset/default.flowable.process.palette.xml#","xmlTag":"ServiceTask"},"ssextensions":[],"outgoing":[{"resourceId":"sequenceflow6"}],"dockers":[],"labels":[{"styles":{"fill":"#000000","size":"12","italic":false,"bold":false},"ref":"text_name"}]},{"resourceId":"sequenceflow4","stencil":{"id":"SequenceFlow"},"pathProperties":{},"xmlProperties":["name","name_en_us","name_en_us-run","name_de_de","name_de_de-run","name_fr_fr","name_fr_fr-run","name_it_it","name_it_it-run","name_es_es","name_es_es-run","name-run","name_i18n-key"],"childShapes":[],"bounds":{"lowerRight":{"x":464,"y":100},"upperLeft":{"x":400,"y":100}},"outputmappingproperties":{"fields":{"type":"complex","placeholders":[]},"executionlistener":{"type":"complex","placeholders":[]},"genericproperty":{"type":"complex","placeholders":[]}},"properties":{"stencilid":"cloudsequenceflow","stencilsuperid":"SequenceFlow","stencilsuperids":["SequenceFlow"],"customstencil":"true","oldresourceid":"","notes":"","fontcolor":"","executionlistener":"","defaultflow":false,"name":"","name_en_us":"","name_en_us-run":"","name_de_de":"","name_de_de-run":"","name_fr_fr":"","name_fr_fr-run":"","name_it_it":"","name_it_it-run":"","name_es_es":"","name_es_es-run":"","name-run":"","name_i18n-key":"","showdiamondmarker":false,"bordercolor":"#000000","conditionexpression":"","bgcolor":"#ffffff","id":"sequenceflow4","fontsize":"","fontstyle":"","conditiontype":"None","fontweight":"","isimmediate":false,"genericproperty":"","skipexpression":"","documentation":"","customstencilid":"cloudsequenceflow","customnamespace":"http://b3mn.org/stencilset/default.flowable.process.palette.xml#","xmlTag":"SequenceFlow"},"ssextensions":[],"outgoing":[{"resourceId":"servicetask2"}],"dockers":[{"x":50,"y":40},{"x":50,"y":40}],"labels":[{"styles":{"fill":"#000000","size":"12","italic":false,"bold":false},"ref":"text_name"}],"target":{"resourceId":"servicetask2"}},{"resourceId":"httptask1","stencil":{"id":"Task"},"pathProperties":{},"xmlProperties":["name","name_en_us","name_en_us-run","name_de_de","name_de_de-run","name_fr_fr","name_fr_fr-run","name_it_it","name_it_it-run","name_es_es","name_es_es-run","name-run","name_i18n-key"],"childShapes":[],"bounds":{"lowerRight":{"x":250,"y":140},"upperLeft":{"x":150,"y":60}},"outputmappingproperties":{"handle-status-codes":{"type":"complex","placeholders":[]},"genericproperty":{"type":"complex","placeholders":[]},"fields":{"type":"complex","placeholders":[]},"executionlistener":{"type":"complex","placeholders":[]},"fail-status-codes":{"type":"complex","placeholders":[]}},"properties":{"stencilid":"cloudhttptask","stencilsuperid":"HttpTask","stencilsuperids":["Task","HttpTask"],"customstencil":"true","fontstyle":"","notes":"","fontweight":"","expression":"","fontsize":"","handle-status-codes":"","handle-status-codes-run":"","async":true,"genericproperty":"","class":"","requestheaders":"","requestheaders-run":"","executionlistener":"","looptype":"None","ignore-exception":false,"ignore-exception-run":"","request-body":"","request-body-run":"","delegateexpression":"","id":"httptask1","httptasksaveresponseasjson":true,"httptasksaveresponseasjson-run":"","request-body-encoding":"","request-body-encoding-run":"","loopcardinality":"","request-url":"http://localhost:8091/flowable-work/api/symbols","request-url-run":"http://localhost:8091/flowable-work/api/symbols","loopelementvariable":"","bgcolor":"#ffffff","oldresourceid":"","bordercolor":"#000000","tasktype":"Http","isforcompensation":false,"callacitivity":false,"exclusive":true,"request-timeout":"","request-timeout-run":"","save-response-status":false,"save-response-status-run":"","save-request-variables":false,"save-request-variables-run":"","httptasksaveresponseparameterstransient":false,"httptasksaveresponseparameterstransient-run":"","loopcollection":"","resultvariable":"","skipexpression":"","completioncondition":"","fail-status-codes":"","fail-status-codes-run":"","response-variable-name":"symbols","response-variable-name-run":"symbols","fontcolor":"","loopelementindexvariable":"loopCounter","documentation":"","guid":"GEAR-e64b7ded-9832-4cd8-8129-3f05e26ef4f4","categories":"","result-variable-prefix":"","result-variable-prefix-run":"","requestmethod":"GET","requestmethod-run":"","disallow-redirects":false,"disallow-redirects-run":"","name":"Fetch instruments","name_en_us":"Fetch instruments","name_en_us-run":"","name_de_de":"","name_de_de-run":"","name_fr_fr":"","name_fr_fr-run":"","name_it_it":"","name_it_it-run":"","name_es_es":"","name_es_es-run":"","name-run":"","name_i18n-key":"","customstencilid":"cloudhttptask","customnamespace":"http://b3mn.org/stencilset/default.flowable.process.palette.xml#","xmlTag":"HttpTask"},"ssextensions":[],"outgoing":[{"resourceId":"sequenceflow5"}],"dockers":[],"labels":[{"styles":{"fill":"#000000","size":"12","italic":false,"bold":false},"ref":"text_name"}]},{"resourceId":"sequenceflow5","stencil":{"id":"SequenceFlow"},"pathProperties":{},"xmlProperties":["name","name_en_us","name_en_us-run","name_de_de","name_de_de-run","name_fr_fr","name_fr_fr-run","name_it_it","name_it_it-run","name_es_es","name_es_es-run","name-run","name_i18n-key"],"childShapes":[],"bounds":{"lowerRight":{"x":299,"y":100},"upperLeft":{"x":250,"y":100}},"outputmappingproperties":{"fields":{"type":"complex","placeholders":[]},"executionlistener":{"type":"complex","placeholders":[]},"genericproperty":{"type":"complex","placeholders":[]}},"properties":{"stencilid":"cloudsequenceflow","stencilsuperid":"SequenceFlow","stencilsuperids":["SequenceFlow"],"customstencil":"true","oldresourceid":"","notes":"","fontcolor":"","executionlistener":"","defaultflow":false,"name":"","name_en_us":"","name_en_us-run":"","name_de_de":"","name_de_de-run":"","name_fr_fr":"","name_fr_fr-run":"","name_it_it":"","name_it_it-run":"","name_es_es":"","name_es_es-run":"","name-run":"","name_i18n-key":"","showdiamondmarker":false,"bordercolor":"#000000","conditionexpression":"","bgcolor":"#ffffff","id":"sequenceflow5","fontsize":"","fontstyle":"","conditiontype":"None","fontweight":"","isimmediate":false,"genericproperty":"","skipexpression":"","documentation":"","customstencilid":"cloudsequenceflow","customnamespace":"http://b3mn.org/stencilset/default.flowable.process.palette.xml#","xmlTag":"SequenceFlow"},"ssextensions":[],"outgoing":[{"resourceId":"formtask1"}],"dockers":[{"x":50,"y":40},{"x":50,"y":40}],"labels":[{"styles":{"fill":"#000000","size":"12","italic":false,"bold":false},"ref":"text_name"}],"target":{"resourceId":"formtask1"}},{"resourceId":"_endnoneevent2","stencil":{"id":"EndNoneEvent"},"pathProperties":{},"xmlProperties":["name","name_en_us","name_en_us-run","name_de_de","name_de_de-run","name_fr_fr","name_fr_fr-run","name_it_it","name_it_it-run","name_es_es","name_es_es-run","name-run","name_i18n-key"],"childShapes":[],"bounds":{"lowerRight":{"x":784,"y":114},"upperLeft":{"x":756,"y":86}},"outputmappingproperties":{"fields":{"type":"complex","placeholders":[]},"executionlistener":{"type":"complex","placeholders":[]},"genericproperty":{"type":"complex","placeholders":[]}},"properties":{"stencilid":"cloud_endnoneevent","stencilsuperid":"EndNoneEvent","stencilsuperids":["EndNoneEvent"],"customstencil":"true","documentation":"","notes":"","bordercolor":"#000000","name":"Trade aborted","name_en_us":"Trade aborted","name_en_us-run":"","name_de_de":"","name_de_de-run":"","name_fr_fr":"","name_fr_fr-run":"","name_it_it":"","name_it_it-run":"","name_es_es":"","name_es_es-run":"","name-run":"","name_i18n-key":"","fontweight":"","terminateall":false,"executionlistener":"","genericproperty":"","bgcolor":"#ffffff","oldresourceid":"","trigger":"None","id":"_endnoneevent2","fontstyle":"","fontcolor":"","fontsize":"","customstencilid":"cloud_endnoneevent","customnamespace":"http://b3mn.org/stencilset/default.flowable.process.palette.xml#","xmlTag":"EndNoneEvent"},"ssextensions":[],"outgoing":[],"dockers":[],"labels":[{"styles":{"fill":"#000000","size":"12","italic":false,"bold":false},"ref":"text_name"}]},{"resourceId":"sequenceflow6","stencil":{"id":"SequenceFlow"},"pathProperties":{},"xmlProperties":["name","name_en_us","name_en_us-run","name_de_de","name_de_de-run","name_fr_fr","name_fr_fr-run","name_it_it","name_it_it-run","name_es_es","name_es_es-run","name-run","name_i18n-key"],"childShapes":[],"bounds":{"lowerRight":{"x":600,"y":100},"upperLeft":{"x":565,"y":100}},"outputmappingproperties":{"fields":{"type":"complex","placeholders":[]},"executionlistener":{"type":"complex","placeholders":[]},"genericproperty":{"type":"complex","placeholders":[]}},"properties":{"stencilid":"cloudsequenceflow","stencilsuperid":"SequenceFlow","stencilsuperids":["SequenceFlow"],"customstencil":"true","oldresourceid":"","notes":"","fontcolor":"","executionlistener":"","defaultflow":false,"name":"","name_en_us":"","name_en_us-run":"","name_de_de":"","name_de_de-run":"","name_fr_fr":"","name_fr_fr-run":"","name_it_it":"","name_it_it-run":"","name_es_es":"","name_es_es-run":"","name-run":"","name_i18n-key":"","showdiamondmarker":false,"bordercolor":"#000000","conditionexpression":"","bgcolor":"#ffffff","id":"sequenceflow6","fontsize":"","fontstyle":"","conditiontype":"None","fontweight":"","isimmediate":false,"genericproperty":"","skipexpression":"","documentation":"","customstencilid":"cloudsequenceflow","customnamespace":"http://b3mn.org/stencilset/default.flowable.process.palette.xml#","xmlTag":"SequenceFlow"},"ssextensions":[],"outgoing":[{"resourceId":"_exclusivedatabasedgateway1"}],"dockers":[{"x":50,"y":40},{"x":20,"y":20}],"labels":[{"styles":{"fill":"#000000","size":"12","italic":false,"bold":false},"ref":"text_name"}],"target":{"resourceId":"_exclusivedatabasedgateway1"}},{"resourceId":"_exclusivedatabasedgateway1","stencil":{"id":"Exclusive_Databased_Gateway"},"pathProperties":{},"xmlProperties":["name","name_en_us","name_en_us-run","name_de_de","name_de_de-run","name_fr_fr","name_fr_fr-run","name_it_it","name_it_it-run","name_es_es","name_es_es-run","name-run","name_i18n-key"],"childShapes":[],"bounds":{"lowerRight":{"x":640,"y":120},"upperLeft":{"x":600,"y":80}},"outputmappingproperties":{"genericproperty":{"type":"complex","placeholders":[]}},"properties":{"stencilid":"cloud_exclusivedatabasedgateway","stencilsuperid":"Exclusive_Databased_Gateway","stencilsuperids":["Exclusive_Databased_Gateway"],"customstencil":"true","fontstyle":"","notes":"","async":false,"gatewaytype":"XOR","exclusive":true,"sequencefloworder":"","oldresourceid":"","gate_assignments":"","xortype":"Data","name":"","name_en_us":"","name_en_us-run":"","name_de_de":"","name_de_de-run":"","name_fr_fr":"","name_fr_fr-run":"","name_it_it":"","name_it_it-run":"","name_es_es":"","name_es_es-run":"","name-run":"","name_i18n-key":"","bgcolor":"#ffffff","genericproperty":"","gate_outgoingsequenceflow":"","markervisible":true,"categories":"","fontweight":"","fontcolor":"","id":"_exclusivedatabasedgateway1","fontsize":"","bordercolor":"#000000","defaultgate":"","documentation":"","customstencilid":"cloud_exclusivedatabasedgateway","customnamespace":"http://b3mn.org/stencilset/default.flowable.process.palette.xml#","xmlTag":"Exclusive_Databased_Gateway"},"ssextensions":[],"outgoing":[{"resourceId":"sequenceflow7"},{"resourceId":"sequenceflow8"}],"dockers":[],"labels":[{"styles":{"fill":"#000000","size":"12","italic":false,"bold":false},"ref":"text_name"}]},{"resourceId":"sequenceflow7","stencil":{"id":"SequenceFlow"},"pathProperties":{},"xmlProperties":["name","name_en_us","name_en_us-run","name_de_de","name_de_de-run","name_fr_fr","name_fr_fr-run","name_it_it","name_it_it-run","name_es_es","name_es_es-run","name-run","name_i18n-key"],"childShapes":[],"bounds":{"lowerRight":{"x":755,"y":100},"upperLeft":{"x":639,"y":100}},"outputmappingproperties":{"fields":{"type":"complex","placeholders":[]},"executionlistener":{"type":"complex","placeholders":[]},"genericproperty":{"type":"complex","placeholders":[]}},"properties":{"stencilid":"cloudsequenceflow","stencilsuperid":"SequenceFlow","stencilsuperids":["SequenceFlow"],"customstencil":"true","oldresourceid":"","notes":"","fontcolor":"","executionlistener":"","defaultflow":true,"name":"","name_en_us":"","name_en_us-run":"","name_de_de":"","name_de_de-run":"","name_fr_fr":"","name_fr_fr-run":"","name_it_it":"","name_it_it-run":"","name_es_es":"","name_es_es-run":"","name-run":"","name_i18n-key":"","showdiamondmarker":false,"bordercolor":"#000000","conditionexpression":"","bgcolor":"#ffffff","id":"sequenceflow7","fontsize":"","fontstyle":"","conditiontype":"None","fontweight":"","isimmediate":false,"genericproperty":"","skipexpression":"","documentation":"","customstencilid":"cloudsequenceflow","customnamespace":"http://b3mn.org/stencilset/default.flowable.process.palette.xml#","xmlTag":"SequenceFlow"},"ssextensions":[],"outgoing":[{"resourceId":"_endnoneevent2"}],"dockers":[{"x":20,"y":20},{"x":14,"y":14}],"labels":[{"styles":{"fill":"#000000","size":"12","italic":false,"bold":false},"ref":"text_name"}],"target":{"resourceId":"_endnoneevent2"}},{"resourceId":"sequenceflow8","stencil":{"id":"SequenceFlow"},"pathProperties":{},"xmlProperties":["name","name_en_us","name_en_us-run","name_de_de","name_de_de-run","name_fr_fr","name_fr_fr-run","name_it_it","name_it_it-run","name_es_es","name_es_es-run","name-run","name_i18n-key"],"childShapes":[],"bounds":{"lowerRight":{"x":620,"y":239},"upperLeft":{"x":620,"y":120}},"outputmappingproperties":{"fields":{"type":"complex","placeholders":[]},"executionlistener":{"type":"complex","placeholders":[]},"genericproperty":{"type":"complex","placeholders":[]}},"properties":{"stencilid":"cloudsequenceflow","stencilsuperid":"SequenceFlow","stencilsuperids":["SequenceFlow"],"customstencil":"true","oldresourceid":"","notes":"","fontcolor":"","executionlistener":"","defaultflow":false,"name":"","name_en_us":"","name_en_us-run":"","name_de_de":"","name_de_de-run":"","name_fr_fr":"","name_fr_fr-run":"","name_it_it":"","name_it_it-run":"","name_es_es":"","name_es_es-run":"","name-run":"","name_i18n-key":"","showdiamondmarker":false,"bordercolor":"#000000","conditionexpression":"${!fraud}","bgcolor":"#ffffff","id":"sequenceflow8","fontsize":"","fontstyle":"","conditiontype":"None","fontweight":"","isimmediate":false,"genericproperty":"","skipexpression":"","documentation":"","customstencilid":"cloudsequenceflow","customnamespace":"http://b3mn.org/stencilset/default.flowable.process.palette.xml#","xmlTag":"SequenceFlow"},"ssextensions":[],"outgoing":[{"resourceId":"servicetask1"}],"dockers":[{"x":20.5,"y":20.5},{"x":50,"y":40}],"labels":[{"styles":{"fill":"#000000","size":"12","italic":false,"bold":false},"ref":"text_name"}],"target":{"resourceId":"servicetask1"}},{"resourceId":"_formtask1","stencil":{"id":"Task"},"pathProperties":{},"xmlProperties":["exposetoobjectitems","exposeasmessageitems","formproperties","name","name_en_us","name_en_us-run","name_de_de","name_de_de-run","name_fr_fr","name_fr_fr-run","name_it_it","name_it_it-run","name_es_es","name_es_es-run","name-run","name_i18n-key"],"childShapes":[],"bounds":{"lowerRight":{"x":820,"y":470},"upperLeft":{"x":720,"y":390}},"specialproperties":{"form_entry":{"type":"treeview","placeholder":"formtaskentry"}},"outputmappingproperties":{"tasklistener":{"type":"complex","placeholders":[]},"exposetoobjectitems":{"type":"complex","placeholders":[]},"fields":{"type":"complex","placeholders":[]},"executionlistener":{"type":"complex","placeholders":[]},"exposeasmessageitems":{"type":"complex","placeholders":[]},"genericproperty":{"type":"complex","placeholders":[]},"formproperties":{"type":"complex","placeholders":[]}},"properties":{"stencilid":"cloud_formtask","stencilsuperid":"FormTask","stencilsuperids":["Task","FormTask"],"customstencil":"true","id":"_formtask1","notes":"","skipexpression":"","async":false,"loopelementindexvariable":"loopCounter","fontstyle":"","loopcollection":"","exclusive":true,"priority":"","loopelementvariable":"","tasklistener":"","exposetoobjectitems":"","initiator-can-complete":false,"assignee":"","assignee-run":"${initiator}","loopcardinality":"","executionlistener":"","fontcolor":"","fontsize":"","owner":"","owner-run":"","guid":"GEAR-46c8b66f-16e0-43d7-bfaa-18ba5aa1ef6e","categories":"","duedate":"","documentation":"","bgcolor":"#ffffff","exposeasmessageitems":"","candidateusers":"","candidateusers-run":"","looptype":"None","callacitivity":false,"isforcompensation":false,"candidategroups":"","candidategroups-run":"","genericproperty":"","oldresourceid":"","form_entry":"","formtaskentry":"","fontweight":"","completioncondition":"","tasktype":"FormTask","bordercolor":"#000000","formproperties":"","customstencilid":"cloud_formtask","customnamespace":"http://b3mn.org/stencilset/default.flowable.process.palette.xml#","name":"Investigate pending trade","name_en_us":"Investigate pending trade","name_en_us-run":"","name_de_de":"","name_de_de-run":"","name_fr_fr":"","name_fr_fr-run":"","name_it_it":"","name_it_it-run":"","name_es_es":"","name_es_es-run":"","name-run":"","name_i18n-key":"","xmlTag":"FormTask"},"ssextensions":[],"outgoing":[{"resourceId":"sequenceflow10"}],"dockers":[],"labels":[{"styles":{"fill":"#000000","size":"12","italic":false,"bold":false},"ref":"text_name"}]},{"resourceId":"endnoneevent1","stencil":{"id":"EndNoneEvent"},"pathProperties":{},"xmlProperties":["name","name_en_us","name_en_us-run","name_de_de","name_de_de-run","name_fr_fr","name_fr_fr-run","name_it_it","name_it_it-run","name_es_es","name_es_es-run","name-run","name_i18n-key"],"childShapes":[],"bounds":{"lowerRight":{"x":908,"y":444},"upperLeft":{"x":880,"y":416}},"outputmappingproperties":{"fields":{"type":"complex","placeholders":[]},"executionlistener":{"type":"complex","placeholders":[]},"genericproperty":{"type":"complex","placeholders":[]}},"properties":{"stencilid":"cloudendnoneevent","stencilsuperid":"EndNoneEvent","stencilsuperids":["EndNoneEvent"],"customstencil":"true","documentation":"","notes":"","bordercolor":"#000000","name":"Issue investigated","name_en_us":"Issue investigated","name_en_us-run":"","name_de_de":"","name_de_de-run":"","name_fr_fr":"","name_fr_fr-run":"","name_it_it":"","name_it_it-run":"","name_es_es":"","name_es_es-run":"","name-run":"","name_i18n-key":"","fontweight":"","terminateall":false,"executionlistener":"","genericproperty":"","bgcolor":"#ffffff","oldresourceid":"","trigger":"None","id":"endnoneevent1","fontstyle":"","fontcolor":"","fontsize":"","customstencilid":"cloudendnoneevent","customnamespace":"http://b3mn.org/stencilset/default.flowable.process.palette.xml#","xmlTag":"EndNoneEvent"},"ssextensions":[],"outgoing":[],"dockers":[],"labels":[{"styles":{"fill":"#000000","size":"12","italic":false,"bold":false},"ref":"text_name"}]},{"resourceId":"sequenceflow10","stencil":{"id":"SequenceFlow"},"pathProperties":{},"xmlProperties":["name","name_en_us","name_en_us-run","name_de_de","name_de_de-run","name_fr_fr","name_fr_fr-run","name_it_it","name_it_it-run","name_es_es","name_es_es-run","name-run","name_i18n-key"],"childShapes":[],"bounds":{"lowerRight":{"x":879,"y":430},"upperLeft":{"x":820,"y":430}},"outputmappingproperties":{"fields":{"type":"complex","placeholders":[]},"executionlistener":{"type":"complex","placeholders":[]},"genericproperty":{"type":"complex","placeholders":[]}},"properties":{"stencilid":"cloudsequenceflow","stencilsuperid":"SequenceFlow","stencilsuperids":["SequenceFlow"],"customstencil":"true","oldresourceid":"","notes":"","fontcolor":"","executionlistener":"","defaultflow":false,"name":"","name_en_us":"","name_en_us-run":"","name_de_de":"","name_de_de-run":"","name_fr_fr":"","name_fr_fr-run":"","name_it_it":"","name_it_it-run":"","name_es_es":"","name_es_es-run":"","name-run":"","name_i18n-key":"","showdiamondmarker":false,"bordercolor":"#000000","conditionexpression":"","bgcolor":"#ffffff","id":"sequenceflow10","fontsize":"","fontstyle":"","conditiontype":"None","fontweight":"","isimmediate":false,"genericproperty":"","skipexpression":"","documentation":"","customstencilid":"cloudsequenceflow","customnamespace":"http://b3mn.org/stencilset/default.flowable.process.palette.xml#","xmlTag":"SequenceFlow"},"ssextensions":[],"outgoing":[{"resourceId":"endnoneevent1"}],"dockers":[{"x":50,"y":40},{"x":14,"y":14}],"labels":[{"styles":{"fill":"#000000","size":"12","italic":false,"bold":false},"ref":"text_name"}],"target":{"resourceId":"endnoneevent1"}},{"resourceId":"emailtask1","stencil":{"id":"Task"},"pathProperties":{},"xmlProperties":["name","name_en_us","name_en_us-run","name_de_de","name_de_de-run","name_fr_fr","name_fr_fr-run","name_it_it","name_it_it-run","name_es_es","name_es_es-run","name-run","name_i18n-key"],"childShapes":[],"bounds":{"lowerRight":{"x":989,"y":320},"upperLeft":{"x":889,"y":240}},"outputmappingproperties":{"genericproperty":{"type":"complex","placeholders":[]},"fields":{"type":"complex","placeholders":[]},"executionlistener":{"type":"complex","placeholders":[]}},"properties":{"stencilid":"cloudemailtask","stencilsuperid":"EmailTask","stencilsuperids":["Task","EmailTask"],"customstencil":"true","loopelementvariable":"","notes":"","exclusive":true,"genericproperty":"","isforcompensation":false,"fontsize":"","fontcolor":"","oldresourceid":"","id":"emailtask1","callacitivity":false,"fontstyle":"","async":false,"guid":"GEAR-1748b7ed-df24-4a8b-91ee-f776b5278aba","completioncondition":"","bordercolor":"#000000","categories":"","documentation":"","tasktype":"Email","bgcolor":"#ffffff","fontweight":"","looptype":"None","executionlistener":"","loopcollection":"","email":{"from":"services@flowable.demo.io","to":"${confirmationMailAddress}","cc":"","bcc":"","subject":"Trade order confirmation","html":"","text":"Your order of ${amount} CHF of ${symbol} has been executed!"},"loopelementindexvariable":"loopCounter","skipexpression":"","loopcardinality":"","name":"Send confirmation mail","name_en_us":"Send confirmation mail","name_en_us-run":"","name_de_de":"","name_de_de-run":"","name_fr_fr":"","name_fr_fr-run":"","name_it_it":"","name_it_it-run":"","name_es_es":"","name_es_es-run":"","name-run":"","name_i18n-key":"","customstencilid":"cloudemailtask","customnamespace":"http://b3mn.org/stencilset/default.flowable.process.palette.xml#","xmlTag":"EmailTask"},"ssextensions":[],"outgoing":[{"resourceId":"sequenceflow13"}],"dockers":[],"labels":[{"styles":{"fill":"#000000","size":"12","italic":false,"bold":false},"ref":"text_name"}]},{"resourceId":"sequenceflow12","stencil":{"id":"SequenceFlow"},"pathProperties":{},"xmlProperties":["name","name_en_us","name_en_us-run","name_de_de","name_de_de-run","name_fr_fr","name_fr_fr-run","name_it_it","name_it_it-run","name_es_es","name_es_es-run","name-run","name_i18n-key"],"childShapes":[],"bounds":{"lowerRight":{"x":888,"y":280},"upperLeft":{"x":820,"y":280}},"outputmappingproperties":{"fields":{"type":"complex","placeholders":[]},"executionlistener":{"type":"complex","placeholders":[]},"genericproperty":{"type":"complex","placeholders":[]}},"properties":{"stencilid":"cloudsequenceflow","stencilsuperid":"SequenceFlow","stencilsuperids":["SequenceFlow"],"customstencil":"true","oldresourceid":"","notes":"","fontcolor":"","executionlistener":"","defaultflow":false,"name":"","name_en_us":"","name_en_us-run":"","name_de_de":"","name_de_de-run":"","name_fr_fr":"","name_fr_fr-run":"","name_it_it":"","name_it_it-run":"","name_es_es":"","name_es_es-run":"","name-run":"","name_i18n-key":"","showdiamondmarker":false,"bordercolor":"#000000","conditionexpression":"","bgcolor":"#ffffff","id":"sequenceflow12","fontsize":"","fontstyle":"","conditiontype":"None","fontweight":"","isimmediate":false,"genericproperty":"","skipexpression":"","documentation":"","customstencilid":"cloudsequenceflow","customnamespace":"http://b3mn.org/stencilset/default.flowable.process.palette.xml#","xmlTag":"SequenceFlow"},"ssextensions":[],"outgoing":[{"resourceId":"emailtask1"}],"dockers":[{"x":50,"y":40},{"x":50,"y":40}],"labels":[{"styles":{"fill":"#000000","size":"12","italic":false,"bold":false},"ref":"text_name"}],"target":{"resourceId":"emailtask1"}},{"resourceId":"endnoneevent2","stencil":{"id":"EndNoneEvent"},"pathProperties":{},"xmlProperties":["name","name_en_us","name_en_us-run","name_de_de","name_de_de-run","name_fr_fr","name_fr_fr-run","name_it_it","name_it_it-run","name_es_es","name_es_es-run","name-run","name_i18n-key"],"childShapes":[],"bounds":{"lowerRight":{"x":1062,"y":294},"upperLeft":{"x":1034,"y":266}},"outputmappingproperties":{"fields":{"type":"complex","placeholders":[]},"executionlistener":{"type":"complex","placeholders":[]},"genericproperty":{"type":"complex","placeholders":[]}},"properties":{"stencilid":"cloudendnoneevent","stencilsuperid":"EndNoneEvent","stencilsuperids":["EndNoneEvent"],"customstencil":"true","documentation":"","notes":"","bordercolor":"#000000","name":"Trade executed","name_en_us":"Trade executed","name_en_us-run":"","name_de_de":"","name_de_de-run":"","name_fr_fr":"","name_fr_fr-run":"","name_it_it":"","name_it_it-run":"","name_es_es":"","name_es_es-run":"","name-run":"","name_i18n-key":"","fontweight":"","terminateall":false,"executionlistener":"","genericproperty":"","bgcolor":"#ffffff","oldresourceid":"","trigger":"None","id":"endnoneevent2","fontstyle":"","fontcolor":"","fontsize":"","customstencilid":"cloudendnoneevent","customnamespace":"http://b3mn.org/stencilset/default.flowable.process.palette.xml#","xmlTag":"EndNoneEvent"},"ssextensions":[],"outgoing":[],"dockers":[],"labels":[{"styles":{"fill":"#000000","size":"12","italic":false,"bold":false},"ref":"text_name"}]},{"resourceId":"sequenceflow13","stencil":{"id":"SequenceFlow"},"pathProperties":{},"xmlProperties":["name","name_en_us","name_en_us-run","name_de_de","name_de_de-run","name_fr_fr","name_fr_fr-run","name_it_it","name_it_it-run","name_es_es","name_es_es-run","name-run","name_i18n-key"],"childShapes":[],"bounds":{"lowerRight":{"x":1033,"y":280},"upperLeft":{"x":989,"y":280}},"outputmappingproperties":{"fields":{"type":"complex","placeholders":[]},"executionlistener":{"type":"complex","placeholders":[]},"genericproperty":{"type":"complex","placeholders":[]}},"properties":{"stencilid":"cloudsequenceflow","stencilsuperid":"SequenceFlow","stencilsuperids":["SequenceFlow"],"customstencil":"true","oldresourceid":"","notes":"","fontcolor":"","executionlistener":"","defaultflow":false,"name":"","name_en_us":"","name_en_us-run":"","name_de_de":"","name_de_de-run":"","name_fr_fr":"","name_fr_fr-run":"","name_it_it":"","name_it_it-run":"","name_es_es":"","name_es_es-run":"","name-run":"","name_i18n-key":"","showdiamondmarker":false,"bordercolor":"#000000","conditionexpression":"","bgcolor":"#ffffff","id":"sequenceflow13","fontsize":"","fontstyle":"","conditiontype":"None","fontweight":"","isimmediate":false,"genericproperty":"","skipexpression":"","documentation":"","customstencilid":"cloudsequenceflow","customnamespace":"http://b3mn.org/stencilset/default.flowable.process.palette.xml#","xmlTag":"SequenceFlow"},"ssextensions":[],"outgoing":[{"resourceId":"endnoneevent2"}],"dockers":[{"x":50,"y":40},{"x":14,"y":14}],"labels":[{"styles":{"fill":"#000000","size":"12","italic":false,"bold":false},"ref":"text_name"}],"target":{"resourceId":"endnoneevent2"}},{"resourceId":"sequenceflow14","stencil":{"id":"SequenceFlow"},"pathProperties":{},"xmlProperties":["name","name_en_us","name_en_us-run","name_de_de","name_de_de-run","name_fr_fr","name_fr_fr-run","name_it_it","name_it_it-run","name_es_es","name_es_es-run","name-run","name_i18n-key"],"childShapes":[],"bounds":{"lowerRight":{"x":770,"y":389},"upperLeft":{"x":770,"y":335}},"outputmappingproperties":{"fields":{"type":"complex","placeholders":[]},"executionlistener":{"type":"complex","placeholders":[]},"genericproperty":{"type":"complex","placeholders":[]}},"properties":{"stencilid":"cloudsequenceflow","stencilsuperid":"SequenceFlow","stencilsuperids":["SequenceFlow"],"customstencil":"true","oldresourceid":"","notes":"","fontcolor":"","executionlistener":"","defaultflow":false,"name":"","name_en_us":"","name_en_us-run":"","name_de_de":"","name_de_de-run":"","name_fr_fr":"","name_fr_fr-run":"","name_it_it":"","name_it_it-run":"","name_es_es":"","name_es_es-run":"","name-run":"","name_i18n-key":"","showdiamondmarker":false,"bordercolor":"#000000","conditionexpression":"","bgcolor":"#ffffff","id":"sequenceflow14","fontsize":"","fontstyle":"","conditiontype":"None","fontweight":"","isimmediate":false,"genericproperty":"","skipexpression":"","documentation":"","customstencilid":"cloudsequenceflow","customnamespace":"http://b3mn.org/stencilset/default.flowable.process.palette.xml#","xmlTag":"SequenceFlow"},"ssextensions":[],"outgoing":[{"resourceId":"_formtask1"}],"dockers":[{"x":15,"y":15},{"x":50,"y":40}],"labels":[{"styles":{"fill":"#000000","size":"12","italic":false,"bold":false},"ref":"text_name"}],"target":{"resourceId":"_formtask1"}},{"resourceId":"_intermediatetimereventboundary1","stencil":{"id":"IntermediateTimerEvent"},"pathProperties":{},"xmlProperties":["name","name_en_us","name_en_us-run","name_de_de","name_de_de-run","name_fr_fr","name_fr_fr-run","name_it_it","name_it_it-run","name_es_es","name_es_es-run","name-run","name_i18n-key"],"childShapes":[],"bounds":{"lowerRight":{"x":785,"y":335},"upperLeft":{"x":755,"y":305}},"outputmappingproperties":{"fields":{"type":"complex","placeholders":[]},"executionlistener":{"type":"complex","placeholders":[]},"genericproperty":{"type":"complex","placeholders":[]}},"properties":{"stencilid":"cloud_intermediatetimereventboundary","stencilsuperid":"IntermediateTimerEventBoundary","stencilsuperids":["IntermediateTimerEvent","IntermediateTimerEventBoundary"],"customstencil":"true","executionlistener":"","notes":"","bgcolor":"#ffffff","boundarycancelactivity2":false,"timecycle":"","name":"","name_en_us":"","name_en_us-run":"","name_de_de":"","name_de_de-run":"","name_fr_fr":"","name_fr_fr-run":"","name_it_it":"","name_it_it-run":"","name_es_es":"","name_es_es-run":"","name-run":"","name_i18n-key":"","timedate":"","timeduration":"P1D","fontstyle":"","id":"_intermediatetimereventboundary1","fontweight":"","bordercolor":"#000000","fontsize":"","trigger":"Timer","oldresourceid":"","fontcolor":"","timerproperites":{"timeduration":"P1D"},"documentation":"","genericproperty":"","customstencilid":"cloud_intermediatetimereventboundary","customnamespace":"http://b3mn.org/stencilset/default.flowable.process.palette.xml#","xmlTag":"IntermediateTimerEventBoundary"},"ssextensions":[],"outgoing":[{"resourceId":"sequenceflow14"}],"dockers":[{"x":50,"y":79}],"labels":[{"styles":{"fill":"#000000","size":"12","italic":false,"bold":false},"ref":"text_name"}]}],"bounds":{"lowerRight":{"x":1485,"y":1050},"upperLeft":{"x":0,"y":0}},"outputmappingproperties":{"genericproperty":{"type":"complex","placeholders":[]},"namespaces":{"type":"complex","placeholders":[]},"fields":{"type":"complex","placeholders":[]},"executionlistener":{"type":"complex","placeholders":[]},"dataproperties":{"type":"complex","placeholders":[]},"eventlisteners":{"type":"complex","placeholders":[]},"signaldefinitions":{"type":"complex","placeholders":[]},"messagedefinitions":{"type":"complex","placeholders":[]}},"properties":{"stencilid":"BPMNDiagram","stencilsuperid":"BPMNDiagram","stencilsuperids":["BPMNDiagram"],"customstencil":false,"id":"process-trading-order","notes":"","name":"Process Trading Order","name_en_us":"","name_de_de":"","name_fr_fr":"","name_it_it":"","name_es_es":"","name_i18n-key":"","documentation":"","documentation_en_us":"","documentation_de_de":"","documentation_fr_fr":"","documentation_it_it":"","documentation_es_es":"","documentation_i18n-key":"","genericproperty":"","oldresourceid":"","guid":"PROCESS_MODEL-e6119544-bddf-43b6-bd23-5e12a7559228","labelexpression":"","version":"","author":"","language":"English","namespaces":"","creationdate":"2019-06-05T15:27:03.094Z","modificationdate":"2019-06-06T12:07:06.436Z","isexecutable":false,"isprocessexecutable":true,"fontsize":"12","fontweight":"normal","fontstyle":"normal","fontcolor":"#000000","process_author":"","process_namespace":"","process_historylevel":"audit","executionlistener":"","dataproperties":"","eventlisteners":"","signaldefinitions":"","messagedefinitions":"","process_potentialstarteruser":"","process_potentialstarteruser-run":"","process_potentialstartergroup":"","process_potentialstartergroup-run":"","iseagerexecutionfetch":false,"initiator":"","xmlTag":"BPMNDiagram","description":"","key":"process-trading-order","process_id":"process-trading-order"},"ssextensions":["http://b3mn.org/stencilset/default.flowable.process.palette.xml#"],"stencilset":{"url":"./app/editor_stencilset","namespace":"http://b3mn.org/stencilset/bpmn2.0#"},"name":"Process Trading Order","key":"process-trading-order"}}