{"id":"APP_MODEL-9d0db1bb-a5b2-4987-82b2-d17977c444ca","name":"Hello World App","key":"helloWorldApp","description":"","editorJson":{"models":[{"id":"PROCESS_MODEL-6e683a0d-3ab7-4417-97c4-68b87acba877","name":"Hello World Process","version":6,"modelType":0,"description":"","stencilSetId":null,"createdBy":"493d372c-b72f-4765-91af-7de4895ed3fe","lastUpdatedBy":"493d372c-b72f-4765-91af-7de4895ed3fe","lastUpdated":"2019-06-04T11:14:19.274+0000","key":"helloWorldProcess"}],"theme":"theme-6","icon":"glyphicon-globe","flowApp":false}}