{"id":"PROCESS_MODEL-c515bd3d-3d5a-45e2-826d-4e367265ba84","name":"Create New Address Process","key":"DOB-P001","description":"","editorJson":{"resourceId":"editor_PROCESS_MODEL-c515bd3d-3d5a-45e2-826d-4e367265ba84","stencil":{"id":"BPMNDiagram"},"pathProperties":{},"xmlProperties":["process_namespace"],"childShapes":[{"resourceId":"startnoneevent1","stencil":{"id":"StartNoneEvent"},"pathProperties":{},"xmlProperties":["formproperties"],"childShapes":[],"bounds":{"lowerRight":{"x":147,"y":291},"upperLeft":{"x":117,"y":261}},"specialproperties":{"formreference":{"type":"treeview","placeholder":"formkey"},"workformreference":{"type":"treeview","placeholder":"workformkey"}},"outputmappingproperties":{"formproperties":{"type":"complex","placeholders":[]},"executionlistener":{"type":"complex","placeholders":[]}},"properties":{"stencilid":"StartNoneEvent","stencilsuperid":"StartNoneEvent","stencilsuperids":["StartNoneEvent"],"customstencil":false,"formproperties":"","notes":"","interrupting":true,"bgcolor":"#ffffff","bordercolor":"#000000","executionlistener":"","name":"","name_en_us":"","name_en_us-run":"","name_de_de":"","name_de_de-run":"","name_fr_fr":"","name_fr_fr-run":"","name_it_it":"","name_it_it-run":"","name_es_es":"","name_es_es-run":"","name-run":"","name_i18n-key":"","id":"startnoneevent1","documentation":"","fontsize":"","fontweight":"","fontstyle":"","fontcolor":"#000000","async":false,"exclusive":true,"trigger":"None","initiator":"initiator","formreference":"","formkey":"","formfieldvalidation":false,"formfieldvalidation-run":"","workformreference":"","workformkey":"","workformfieldvalidation":false,"workformfieldvalidation-run":"","xmlTag":"StartNoneEvent"},"ssextensions":[],"outgoing":[{"resourceId":"sequenceFlow1"}],"dockers":[],"labels":[{"styles":{"fill":"#000000","size":"12","italic":false,"bold":false},"ref":"text_name"}]},{"resourceId":"formTask1","stencil":{"id":"Task"},"pathProperties":{},"xmlProperties":["exposetoobjectitems","exposeasmessageitems","formproperties"],"childShapes":[],"bounds":{"lowerRight":{"x":325,"y":316},"upperLeft":{"x":225,"y":236}},"specialproperties":{"form_entry":{"type":"treeview","placeholder":"formtaskentry"},"securitypolicy":{"type":"treeview","placeholder":"securitypolicymodel"}},"outputmappingproperties":{"executionlistener":{"type":"complex","placeholders":[]},"exposetoobjectitems":{"type":"complex","placeholders":[]},"exposeasmessageitems":{"type":"complex","placeholders":[]},"formproperties":{"type":"complex","placeholders":[]},"genericproperty":{"type":"complex","placeholders":[]},"fields":{"type":"complex","placeholders":[]},"tasklistener":{"type":"complex","placeholders":[]}},"properties":{"stencilid":"FormTask","stencilsuperid":"Task","stencilsuperids":["Task"],"customstencil":false,"categories":"","notes":"","looptype":"None","loopcollection":"","loopelementvariable":"","loopelementindexvariable":"loopCounter","loopcardinality":"","completioncondition":"","isforcompensation":false,"executionlistener":"","exposetoobjectitems":"","async":false,"exclusive":true,"exposeasmessageitems":"","formproperties":"","bordercolor":"#000000","tasktype":"FormTask","bgcolor":"#ffffff","guid":"GEAR-4d83518c-75a7-461c-8b2e-8df8d9730d0b","skipexpression":"","owner":"","owner-run":"","assignee":"","assignee-run":"${initiator}","candidateusers":"","candidateusers-run":"","candidategroups":"","candidategroups-run":"","participantusers":"","participantusers-run":"","participantgroups":"","participantgroups-run":"","watcherusers":"","watcherusers-run":"","watchergroups":"","watchergroups-run":"","name":"Add Address","name_en_us":"Add Address","name_en_us-run":"","name_de_de":"","name_de_de-run":"","name_fr_fr":"","name_fr_fr-run":"","name_it_it":"","name_it_it-run":"","name_es_es":"","name_es_es-run":"","name-run":"Add Address","name_i18n-key":"","id":"formTask1","documentation":"","fontsize":"12","fontweight":"normal","fontstyle":"normal","fontcolor":"#000000","genericproperty":"","priority":"","duedate":"","categorydefinition":"","form_entry":"FORM_MODEL-32e6aeea-5fcc-4faf-bc53-b2f39cc8f110","formtaskentry":"DOB-F001","formfieldvalidation":false,"formfieldvalidation-run":"","securitypolicy":"","securitypolicymodel":"","tasklistener":"","customfolderpath":"","xmlTag":"FormTask"},"ssextensions":[],"outgoing":[{"resourceId":"sequenceFlow2"}],"dockers":[],"labels":[{"styles":{"fill":"#000000","size":"12","italic":false,"bold":false},"ref":"text_name"}]},{"resourceId":"sequenceFlow1","stencil":{"id":"SequenceFlow"},"pathProperties":{},"xmlProperties":[],"childShapes":[],"bounds":{"lowerRight":{"x":224,"y":276},"upperLeft":{"x":147,"y":276}},"outputmappingproperties":{"executionlistener":{"type":"complex","placeholders":[]}},"properties":{"stencilid":"SequenceFlow","stencilsuperid":"SequenceFlow","stencilsuperids":["SequenceFlow"],"customstencil":false,"bordercolor":"#000000","notes":"","executionlistener":"","name":"","name_en_us":"","name_en_us-run":"","name_de_de":"","name_de_de-run":"","name_fr_fr":"","name_fr_fr-run":"","name_it_it":"","name_it_it-run":"","name_es_es":"","name_es_es-run":"","name-run":"","name_i18n-key":"","id":"sequenceFlow1","bgcolor":"#ffffff","documentation":"","fontsize":"12","fontweight":"normal","fontstyle":"normal","fontcolor":"#000000","conditiontype":"None","conditionexpression":"","skipexpression":"","showdiamondmarker":false,"defaultflow":false,"xmlTag":"SequenceFlow"},"ssextensions":[],"outgoing":[{"resourceId":"formTask1"}],"dockers":[{"x":15,"y":15},{"x":50,"y":40}],"labels":[{"styles":{"fill":"#000000","size":"12","italic":false,"bold":false},"ref":"text_name"}],"target":{"resourceId":"formTask1"}},{"resourceId":"endNoneEvent1","stencil":{"id":"EndNoneEvent"},"pathProperties":{},"xmlProperties":[],"childShapes":[],"bounds":{"lowerRight":{"x":598,"y":290},"upperLeft":{"x":570,"y":262}},"outputmappingproperties":{"executionlistener":{"type":"complex","placeholders":[]}},"properties":{"stencilid":"EndNoneEvent","stencilsuperid":"EndNoneEvent","stencilsuperids":["EndNoneEvent"],"customstencil":false,"bgcolor":"#ffffff","notes":"","bordercolor":"#000000","executionlistener":"","name":"","name_en_us":"","name_en_us-run":"","name_de_de":"","name_de_de-run":"","name_fr_fr":"","name_fr_fr-run":"","name_it_it":"","name_it_it-run":"","name_es_es":"","name_es_es-run":"","name-run":"","name_i18n-key":"","id":"endNoneEvent1","documentation":"","fontsize":"12","fontweight":"normal","fontstyle":"normal","fontcolor":"#000000","trigger":"None","terminateall":false,"xmlTag":"EndNoneEvent"},"ssextensions":[],"outgoing":[],"dockers":[],"labels":[{"styles":{"fill":"#000000","size":"12","italic":false,"bold":false},"ref":"text_name"}]},{"resourceId":"sequenceFlow2","stencil":{"id":"SequenceFlow"},"pathProperties":{},"xmlProperties":[],"childShapes":[],"bounds":{"lowerRight":{"x":395,"y":276},"upperLeft":{"x":325,"y":276}},"outputmappingproperties":{"executionlistener":{"type":"complex","placeholders":[]}},"properties":{"stencilid":"SequenceFlow","stencilsuperid":"SequenceFlow","stencilsuperids":["SequenceFlow"],"customstencil":false,"bordercolor":"#000000","notes":"","executionlistener":"","name":"","name_en_us":"","name_en_us-run":"","name_de_de":"","name_de_de-run":"","name_fr_fr":"","name_fr_fr-run":"","name_it_it":"","name_it_it-run":"","name_es_es":"","name_es_es-run":"","name-run":"","name_i18n-key":"","id":"sequenceFlow2","bgcolor":"#ffffff","documentation":"","fontsize":"12","fontweight":"normal","fontstyle":"normal","fontcolor":"#000000","conditiontype":"None","conditionexpression":"","skipexpression":"","showdiamondmarker":false,"defaultflow":false,"xmlTag":"SequenceFlow"},"ssextensions":[],"outgoing":[{"resourceId":"formTask2"}],"dockers":[{"x":50,"y":40},{"x":50,"y":40}],"labels":[{"styles":{"fill":"#000000","size":"12","italic":false,"bold":false},"ref":"text_name"}],"target":{"resourceId":"formTask2"}},{"resourceId":"formTask2","stencil":{"id":"Task"},"pathProperties":{},"xmlProperties":["exposetoobjectitems","exposeasmessageitems","formproperties"],"childShapes":[],"bounds":{"lowerRight":{"x":496.00390625,"y":316},"upperLeft":{"x":396.00390625,"y":236}},"specialproperties":{"form_entry":{"type":"treeview","placeholder":"formtaskentry"},"securitypolicy":{"type":"treeview","placeholder":"securitypolicymodel"}},"outputmappingproperties":{"executionlistener":{"type":"complex","placeholders":[]},"exposetoobjectitems":{"type":"complex","placeholders":[]},"exposeasmessageitems":{"type":"complex","placeholders":[]},"formproperties":{"type":"complex","placeholders":[]},"genericproperty":{"type":"complex","placeholders":[]},"fields":{"type":"complex","placeholders":[]},"tasklistener":{"type":"complex","placeholders":[]}},"properties":{"stencilid":"FormTask","stencilsuperid":"Task","stencilsuperids":["Task"],"customstencil":false,"categories":"","notes":"","looptype":"None","loopcollection":"","loopelementvariable":"","loopelementindexvariable":"loopCounter","loopcardinality":"","completioncondition":"","isforcompensation":false,"executionlistener":"","exposetoobjectitems":"","async":false,"exclusive":true,"exposeasmessageitems":"","formproperties":"","bordercolor":"#000000","tasktype":"FormTask","bgcolor":"#ffffff","guid":"GEAR-392fbe9b-7f98-4872-a404-096a4069a671","skipexpression":"","owner":"","owner-run":"","assignee":"","assignee-run":"${initiator}","candidateusers":"","candidateusers-run":"","candidategroups":"","candidategroups-run":"","participantusers":"","participantusers-run":"","participantgroups":"","participantgroups-run":"","watcherusers":"","watcherusers-run":"","watchergroups":"","watchergroups-run":"","name":"Display Address","name_en_us":"Display Address","name_en_us-run":"","name_de_de":"","name_de_de-run":"","name_fr_fr":"","name_fr_fr-run":"","name_it_it":"","name_it_it-run":"","name_es_es":"","name_es_es-run":"","name-run":"Display Address","name_i18n-key":"","id":"formTask2","documentation":"","fontsize":"12","fontweight":"normal","fontstyle":"normal","fontcolor":"#000000","genericproperty":"","priority":"","duedate":"","categorydefinition":"","form_entry":"FORM_MODEL-1260860d-6a42-4ccc-a75b-c9a252b96f29","formtaskentry":"DOB-F002","formfieldvalidation":false,"formfieldvalidation-run":"","securitypolicy":"","securitypolicymodel":"","tasklistener":"","customfolderpath":"","xmlTag":"FormTask"},"ssextensions":[],"outgoing":[{"resourceId":"sequenceFlow3"}],"dockers":[],"labels":[{"styles":{"fill":"#000000","size":"12","italic":false,"bold":false},"ref":"text_name"}]},{"resourceId":"sequenceFlow3","stencil":{"id":"SequenceFlow"},"pathProperties":{},"xmlProperties":[],"childShapes":[],"bounds":{"lowerRight":{"x":569,"y":276},"upperLeft":{"x":496,"y":276}},"outputmappingproperties":{"executionlistener":{"type":"complex","placeholders":[]}},"properties":{"stencilid":"SequenceFlow","stencilsuperid":"SequenceFlow","stencilsuperids":["SequenceFlow"],"customstencil":false,"bordercolor":"#000000","notes":"","executionlistener":"","name":"","name_en_us":"","name_en_us-run":"","name_de_de":"","name_de_de-run":"","name_fr_fr":"","name_fr_fr-run":"","name_it_it":"","name_it_it-run":"","name_es_es":"","name_es_es-run":"","name-run":"","name_i18n-key":"","id":"sequenceFlow3","bgcolor":"#ffffff","documentation":"","fontsize":"12","fontweight":"normal","fontstyle":"normal","fontcolor":"#000000","conditiontype":"None","conditionexpression":"","skipexpression":"","showdiamondmarker":false,"defaultflow":false,"xmlTag":"SequenceFlow"},"ssextensions":[],"outgoing":[{"resourceId":"endNoneEvent1"}],"dockers":[{"x":50,"y":40},{"x":14,"y":14}],"labels":[{"styles":{"fill":"#000000","size":"12","italic":false,"bold":false},"ref":"text_name"}],"target":{"resourceId":"endNoneEvent1"}}],"bounds":{"lowerRight":{"x":1485,"y":1050},"upperLeft":{"x":0,"y":0}},"specialproperties":{"securitypolicy":{"type":"treeview","placeholder":"securitypolicymodel"}},"outputmappingproperties":{"executionlistener":{"type":"complex","placeholders":[]},"dataproperties":{"type":"complex","placeholders":[]},"namespaces":{"type":"complex","placeholders":[]},"eventlisteners":{"type":"complex","placeholders":[]},"signaldefinitions":{"type":"complex","placeholders":[]},"messagedefinitions":{"type":"complex","placeholders":[]}},"properties":{"stencilid":"BPMNDiagram","stencilsuperid":"BPMNDiagram","stencilsuperids":["BPMNDiagram"],"customstencil":false,"executionlistener":"","notes":"","dataproperties":"","owner":"","owner-run":"","assignee":"","assignee-run":"","participantusers":"","participantusers-run":"","participantgroups":"","participantgroups-run":"","watcherusers":"","watcherusers-run":"","watchergroups":"","watchergroups-run":"","name":"Create New Address Process","name_en_us":"","name_de_de":"","name_fr_fr":"","name_it_it":"","name_es_es":"","name_i18n-key":"","id":"DOB-P001","bgcolor":"#ffffff","documentation":"","fontsize":"12","fontweight":"normal","fontstyle":"normal","fontcolor":"#000000","labelexpression":"","guid":"PROCESS_MODEL-c515bd3d-3d5a-45e2-826d-4e367265ba84","author":"","language":"English","namespaces":"","creationdate":"2019-10-15T11:25:02.838Z","modificationdate":"2019-10-15T13:12:12.181Z","isprocessexecutable":true,"securitypolicy":"","securitypolicymodel":"","customfolderpath":"","process_potentialstarteruser":"","process_potentialstarteruser-run":"","process_potentialstartergroup":"flowableUser","process_potentialstartergroup-run":"","process_namespace":"","process_historylevel":"","eventlisteners":"","signaldefinitions":"","messagedefinitions":"","iseagerexecutionfetch":false,"initiator":"","version":"","process_author":"","xmlTag":"BPMNDiagram","description":""},"ssextensions":[],"stencilset":{"url":"./app/editor_stencilset","paletteKey":"flowable-process-palette","namespace":"http://b3mn.org/stencilset/bpmn2.0#"}}}