{"id":"APP_MODEL-7e9af657-6152-4668-ba9e-bd657a4d7703","name":"Service Task App","key":"serviceTaskApp","description":"","editorJson":{"models":[{"id":"PROCESS_MODEL-ca4677bc-fd47-481d-8181-22f19601e975","name":"Custom Service Task Example","version":4,"modelType":0,"description":"","stencilSetId":null,"createdBy":"493d372c-b72f-4765-91af-7de4895ed3fe","lastUpdatedBy":"493d372c-b72f-4765-91af-7de4895ed3fe","lastUpdated":"2019-06-03T19:03:45.741+0000","key":"customServiceTaskExample"}],"theme":"theme-9","icon":"glyphicon-tint","flowApp":false}}