{"id":"PROCESS_MODEL-02ab56c6-6981-4685-8c11-0fda5cfe8e0e","name":"book-company-flight","key":"book-company-flight","description":null,"editorJson":{"resourceId":"editor_PROCESS_MODEL-02ab56c6-6981-4685-8c11-0fda5cfe8e0e","stencil":{"id":"BPMNDiagram"},"pathProperties":{},"xmlProperties":[],"childShapes":[{"resourceId":"startnoneevent1","stencil":{"id":"StartNoneEvent"},"pathProperties":{},"xmlProperties":["initiator","name","name_en_us","name_en_us-run","name_de_de","name_de_de-run","name_fr_fr","name_fr_fr-run","name_it_it","name_it_it-run","name_es_es","name_es_es-run","name-run","name_i18n-key","formproperties"],"childShapes":[],"bounds":{"lowerRight":{"x":120,"y":291},"upperLeft":{"x":90,"y":261}},"specialproperties":{"formreference":{"type":"treeview","placeholder":"formkey"},"workformreference":{"type":"treeview","placeholder":"workformkey"}},"outputmappingproperties":{"genericproperty":{"type":"complex","placeholders":[]},"fields":{"type":"complex","placeholders":[]},"executionlistener":{"type":"complex","placeholders":[]},"formproperties":{"type":"complex","placeholders":[]}},"properties":{"stencilid":"cloudstartnoneevent","stencilsuperid":"StartNoneEvent","stencilsuperids":["StartNoneEvent"],"customstencil":"true","bordercolor":"#000000","notes":"","fontstyle":"","fontsize":"","trigger":"None","fontweight":"","exclusive":true,"genericproperty":"","initiator":"initiator","executionlistener":"","name":"","name_en_us":"","name_en_us-run":"","name_de_de":"","name_de_de-run":"","name_fr_fr":"","name_fr_fr-run":"","name_it_it":"","name_it_it-run":"","name_es_es":"","name_es_es-run":"","name-run":"","name_i18n-key":"","oldresourceid":"","formreference":"","formkey":"","fontcolor":"","bgcolor":"#ffffff","interrupting":true,"documentation":"","id":"startnoneevent1","async":false,"formproperties":"","workformreference":"","workformkey":"","customstencilid":"cloudstartnoneevent","customnamespace":"http://b3mn.org/stencilset/default.flowable.process.palette.xml#","xmlTag":"StartNoneEvent"},"ssextensions":[],"outgoing":[{"resourceId":"sequenceflow1"}],"dockers":[],"labels":[{"styles":{"fill":"#000000","size":"12","italic":false,"bold":false},"ref":"text_name"}]},{"resourceId":"formtask1","stencil":{"id":"Task"},"pathProperties":{},"xmlProperties":["exposetoobjectitems","formproperties","exposeasmessageitems","name","name_en_us","name_en_us-run","name_de_de","name_de_de-run","name_fr_fr","name_fr_fr-run","name_it_it","name_it_it-run","name_es_es","name_es_es-run","name-run","name_i18n-key"],"childShapes":[],"bounds":{"lowerRight":{"x":325,"y":316},"upperLeft":{"x":225,"y":236}},"specialproperties":{"form_entry":{"type":"treeview","placeholder":"formtaskentry"}},"outputmappingproperties":{"exposetoobjectitems":{"type":"complex","placeholders":[]},"fields":{"type":"complex","placeholders":[]},"executionlistener":{"type":"complex","placeholders":[]},"formproperties":{"type":"complex","placeholders":[]},"genericproperty":{"type":"complex","placeholders":[]},"tasklistener":{"type":"complex","placeholders":[]},"exposeasmessageitems":{"type":"complex","placeholders":[]}},"properties":{"stencilid":"cloudformtask","stencilsuperid":"FormTask","stencilsuperids":["Task","FormTask"],"customstencil":"true","bordercolor":"#000000","notes":"","loopelementvariable":"","tasktype":"FormTask","loopcollection":"","callacitivity":false,"isforcompensation":false,"exposetoobjectitems":"","fontstyle":"","completioncondition":"","categories":"","executionlistener":"","owner":"","owner-run":"","guid":"GEAR-a58d9d21-6bfc-4181-9287-91ac2151f2ad","fontcolor":"","form_entry":"FORM_MODEL-3ab4d166-0df5-4df9-a273-459758596b65","formtaskentry":"flight-booking-form","fontweight":"","skipexpression":"","bgcolor":"#ffffff","formproperties":"","genericproperty":"","priority":"","tasklistener":"","assignee":"","assignee-run":"${initiator}","loopelementindexvariable":"loopCounter","exposeasmessageitems":"","looptype":"None","exclusive":true,"candidategroups":"","candidategroups-run":"","candidateusers":"","candidateusers-run":"","id":"formtask1","documentation":"","async":false,"duedate":"","loopcardinality":"","fontsize":"","oldresourceid":"","initiator-can-complete":false,"name":"Select flight","name_en_us":"Select flight","name_en_us-run":"","name_de_de":"","name_de_de-run":"","name_fr_fr":"","name_fr_fr-run":"","name_it_it":"","name_it_it-run":"","name_es_es":"","name_es_es-run":"","name-run":"","name_i18n-key":"","customstencilid":"cloudformtask","customnamespace":"http://b3mn.org/stencilset/default.flowable.process.palette.xml#","xmlTag":"FormTask"},"ssextensions":[],"outgoing":[{"resourceId":"sequenceflow2"}],"dockers":[],"labels":[{"styles":{"fill":"#000000","size":"12","italic":false,"bold":false},"ref":"text_name"}]},{"resourceId":"sequenceflow1","stencil":{"id":"SequenceFlow"},"pathProperties":{},"xmlProperties":["name","name_en_us","name_en_us-run","name_de_de","name_de_de-run","name_fr_fr","name_fr_fr-run","name_it_it","name_it_it-run","name_es_es","name_es_es-run","name-run","name_i18n-key"],"childShapes":[],"bounds":{"lowerRight":{"x":149,"y":276},"upperLeft":{"x":120,"y":276}},"outputmappingproperties":{"fields":{"type":"complex","placeholders":[]},"executionlistener":{"type":"complex","placeholders":[]},"genericproperty":{"type":"complex","placeholders":[]}},"properties":{"stencilid":"cloudsequenceflow","stencilsuperid":"SequenceFlow","stencilsuperids":["SequenceFlow"],"customstencil":"true","defaultflow":false,"notes":"","bgcolor":"#ffffff","conditiontype":"None","documentation":"","conditionexpression":"","skipexpression":"","fontstyle":"","fontweight":"","fontcolor":"","oldresourceid":"","executionlistener":"","isimmediate":false,"showdiamondmarker":false,"bordercolor":"#000000","genericproperty":"","name":"","name_en_us":"","name_en_us-run":"","name_de_de":"","name_de_de-run":"","name_fr_fr":"","name_fr_fr-run":"","name_it_it":"","name_it_it-run":"","name_es_es":"","name_es_es-run":"","name-run":"","name_i18n-key":"","id":"sequenceflow1","fontsize":"","customstencilid":"cloudsequenceflow","customnamespace":"http://b3mn.org/stencilset/default.flowable.process.palette.xml#","xmlTag":"SequenceFlow"},"ssextensions":[],"outgoing":[{"resourceId":"_exclusivedatabasedgateway1"}],"dockers":[{"x":15,"y":15},{"x":20,"y":20}],"labels":[{"styles":{"fill":"#000000","size":"12","italic":false,"bold":false},"ref":"text_name"}],"target":{"resourceId":"_exclusivedatabasedgateway1"}},{"resourceId":"servicetask1","stencil":{"id":"Task"},"pathProperties":{},"xmlProperties":["name","name_en_us","name_en_us-run","name_de_de","name_de_de-run","name_fr_fr","name_fr_fr-run","name_it_it","name_it_it-run","name_es_es","name_es_es-run","name-run","name_i18n-key"],"childShapes":[],"bounds":{"lowerRight":{"x":491,"y":316},"upperLeft":{"x":391,"y":236}},"outputmappingproperties":{"genericproperty":{"type":"complex","placeholders":[]},"fields":{"type":"complex","placeholders":[]},"executionlistener":{"type":"complex","placeholders":[]},"classfields":{"type":"complex","placeholders":[]}},"properties":{"stencilid":"cloudservicetask","stencilsuperid":"ServiceTask","stencilsuperids":["Task","ServiceTask"],"customstencil":"true","notes":"","genericproperty":"","guid":"GEAR-30abd03b-1280-4b5f-8eaa-013c007f6289","bordercolor":"#000000","loopelementindexvariable":"loopCounter","bgcolor":"#ffffff","completioncondition":"","callacitivity":false,"fontstyle":"","loopelementvariable":"","looptype":"None","fontcolor":"","categories":"","id":"servicetask1","oldresourceid":"","tasktype":"Service","fontsize":"","fontweight":"","documentation":"","loopcardinality":"","loopcollection":"","name":"Book flight","name_en_us":"Book flight","name_en_us-run":"","name_de_de":"","name_de_de-run":"","name_fr_fr":"","name_fr_fr-run":"","name_it_it":"","name_it_it-run":"","name_es_es":"","name_es_es-run":"","name-run":"","name_i18n-key":"","executionlistener":"","expression":"${flightService.bookFlight(flightServiceAvailable, whereFrom, whereTo)}","delegateexpression":"","resultvariable":"","servicetaskuselocalscopeforresultvariable":false,"class":"","async":true,"exclusive":false,"classfields":"","servicetasktriggerable":false,"skipexpression":"","isforcompensation":false,"customstencilid":"cloudservicetask","customnamespace":"http://b3mn.org/stencilset/default.flowable.process.palette.xml#","xmlTag":"ServiceTask"},"ssextensions":[],"outgoing":[{"resourceId":"sequenceflow5"},{"resourceId":"intermediateerroreventboundary1"},{"resourceId":"intermediateerroreventboundary2"}],"dockers":[],"labels":[{"styles":{"fill":"#000000","size":"12","italic":false,"bold":false},"ref":"text_name"}]},{"resourceId":"sequenceflow2","stencil":{"id":"SequenceFlow"},"pathProperties":{},"xmlProperties":["name","name_en_us","name_en_us-run","name_de_de","name_de_de-run","name_fr_fr","name_fr_fr-run","name_it_it","name_it_it-run","name_es_es","name_es_es-run","name-run","name_i18n-key"],"childShapes":[],"bounds":{"lowerRight":{"x":390,"y":276},"upperLeft":{"x":325,"y":276}},"outputmappingproperties":{"fields":{"type":"complex","placeholders":[]},"executionlistener":{"type":"complex","placeholders":[]},"genericproperty":{"type":"complex","placeholders":[]}},"properties":{"stencilid":"cloudsequenceflow","stencilsuperid":"SequenceFlow","stencilsuperids":["SequenceFlow"],"customstencil":"true","defaultflow":false,"notes":"","bgcolor":"#ffffff","conditiontype":"None","documentation":"","conditionexpression":"","skipexpression":"","fontstyle":"","fontweight":"","fontcolor":"","oldresourceid":"","executionlistener":"","isimmediate":false,"showdiamondmarker":false,"bordercolor":"#000000","genericproperty":"","name":"","name_en_us":"","name_en_us-run":"","name_de_de":"","name_de_de-run":"","name_fr_fr":"","name_fr_fr-run":"","name_it_it":"","name_it_it-run":"","name_es_es":"","name_es_es-run":"","name-run":"","name_i18n-key":"","id":"sequenceflow2","fontsize":"","customstencilid":"cloudsequenceflow","customnamespace":"http://b3mn.org/stencilset/default.flowable.process.palette.xml#","xmlTag":"SequenceFlow"},"ssextensions":[],"outgoing":[{"resourceId":"servicetask1"}],"dockers":[{"x":50,"y":40},{"x":50,"y":40}],"labels":[{"styles":{"fill":"#000000","size":"12","italic":false,"bold":false},"ref":"text_name"}],"target":{"resourceId":"servicetask1"}},{"resourceId":"_exclusivedatabasedgateway1","stencil":{"id":"Exclusive_Databased_Gateway"},"pathProperties":{},"xmlProperties":["name","name_en_us","name_en_us-run","name_de_de","name_de_de-run","name_fr_fr","name_fr_fr-run","name_it_it","name_it_it-run","name_es_es","name_es_es-run","name-run","name_i18n-key"],"childShapes":[],"bounds":{"lowerRight":{"x":190,"y":296},"upperLeft":{"x":150,"y":256}},"outputmappingproperties":{"genericproperty":{"type":"complex","placeholders":[]}},"properties":{"stencilid":"cloud_exclusivedatabasedgateway","stencilsuperid":"Exclusive_Databased_Gateway","stencilsuperids":["Exclusive_Databased_Gateway"],"customstencil":"true","fontstyle":"","notes":"","fontsize":"","gatewaytype":"XOR","fontweight":"","oldresourceid":"","categories":"","async":false,"markervisible":true,"exclusive":true,"bordercolor":"#000000","name":"","name_en_us":"","name_en_us-run":"","name_de_de":"","name_de_de-run":"","name_fr_fr":"","name_fr_fr-run":"","name_it_it":"","name_it_it-run":"","name_es_es":"","name_es_es-run":"","name-run":"","name_i18n-key":"","documentation":"","bgcolor":"#ffffff","gate_outgoingsequenceflow":"","sequencefloworder":"","id":"_exclusivedatabasedgateway1","gate_assignments":"","xortype":"Data","genericproperty":"","fontcolor":"","defaultgate":"","customstencilid":"cloud_exclusivedatabasedgateway","customnamespace":"http://b3mn.org/stencilset/default.flowable.process.palette.xml#","xmlTag":"Exclusive_Databased_Gateway"},"ssextensions":[],"outgoing":[{"resourceId":"sequenceflow3"}],"dockers":[],"labels":[{"styles":{"fill":"#000000","size":"12","italic":false,"bold":false},"ref":"text_name"}]},{"resourceId":"sequenceflow3","stencil":{"id":"SequenceFlow"},"pathProperties":{},"xmlProperties":["name","name_en_us","name_en_us-run","name_de_de","name_de_de-run","name_fr_fr","name_fr_fr-run","name_it_it","name_it_it-run","name_es_es","name_es_es-run","name-run","name_i18n-key"],"childShapes":[],"bounds":{"lowerRight":{"x":224,"y":276},"upperLeft":{"x":189,"y":276}},"outputmappingproperties":{"fields":{"type":"complex","placeholders":[]},"executionlistener":{"type":"complex","placeholders":[]},"genericproperty":{"type":"complex","placeholders":[]}},"properties":{"stencilid":"cloudsequenceflow","stencilsuperid":"SequenceFlow","stencilsuperids":["SequenceFlow"],"customstencil":"true","defaultflow":false,"notes":"","bgcolor":"#ffffff","conditiontype":"None","documentation":"","conditionexpression":"","skipexpression":"","fontstyle":"","fontweight":"","fontcolor":"","oldresourceid":"","executionlistener":"","isimmediate":false,"showdiamondmarker":false,"bordercolor":"#000000","genericproperty":"","name":"","name_en_us":"","name_en_us-run":"","name_de_de":"","name_de_de-run":"","name_fr_fr":"","name_fr_fr-run":"","name_it_it":"","name_it_it-run":"","name_es_es":"","name_es_es-run":"","name-run":"","name_i18n-key":"","id":"sequenceflow3","fontsize":"","customstencilid":"cloudsequenceflow","customnamespace":"http://b3mn.org/stencilset/default.flowable.process.palette.xml#","xmlTag":"SequenceFlow"},"ssextensions":[],"outgoing":[{"resourceId":"formtask1"}],"dockers":[{"x":20,"y":20},{"x":50,"y":40}],"labels":[{"styles":{"fill":"#000000","size":"12","italic":false,"bold":false},"ref":"text_name"}],"target":{"resourceId":"formtask1"}},{"resourceId":"endnoneevent1","stencil":{"id":"EndNoneEvent"},"pathProperties":{},"xmlProperties":["name","name_en_us","name_en_us-run","name_de_de","name_de_de-run","name_fr_fr","name_fr_fr-run","name_it_it","name_it_it-run","name_es_es","name_es_es-run","name-run","name_i18n-key"],"childShapes":[],"bounds":{"lowerRight":{"x":673,"y":290},"upperLeft":{"x":645,"y":262}},"outputmappingproperties":{"fields":{"type":"complex","placeholders":[]},"executionlistener":{"type":"complex","placeholders":[]},"genericproperty":{"type":"complex","placeholders":[]}},"properties":{"stencilid":"cloudendnoneevent","stencilsuperid":"EndNoneEvent","stencilsuperids":["EndNoneEvent"],"customstencil":"true","notes":"","fontweight":"","bgcolor":"#ffffff","id":"endnoneevent1","trigger":"None","fontcolor":"","executionlistener":"","fontsize":"","fontstyle":"","bordercolor":"#000000","terminateall":false,"documentation":"","oldresourceid":"","name":"","name_en_us":"","name_en_us-run":"","name_de_de":"","name_de_de-run":"","name_fr_fr":"","name_fr_fr-run":"","name_it_it":"","name_it_it-run":"","name_es_es":"","name_es_es-run":"","name-run":"","name_i18n-key":"","genericproperty":"","customstencilid":"cloudendnoneevent","customnamespace":"http://b3mn.org/stencilset/default.flowable.process.palette.xml#","xmlTag":"EndNoneEvent"},"ssextensions":[],"outgoing":[],"dockers":[],"labels":[{"styles":{"fill":"#000000","size":"12","italic":false,"bold":false},"ref":"text_name"}]},{"resourceId":"sequenceflow5","stencil":{"id":"SequenceFlow"},"pathProperties":{},"xmlProperties":["name","name_en_us","name_en_us-run","name_de_de","name_de_de-run","name_fr_fr","name_fr_fr-run","name_it_it","name_it_it-run","name_es_es","name_es_es-run","name-run","name_i18n-key"],"childShapes":[],"bounds":{"lowerRight":{"x":571,"y":276},"upperLeft":{"x":491,"y":276}},"outputmappingproperties":{"fields":{"type":"complex","placeholders":[]},"executionlistener":{"type":"complex","placeholders":[]},"genericproperty":{"type":"complex","placeholders":[]}},"properties":{"stencilid":"cloudsequenceflow","stencilsuperid":"SequenceFlow","stencilsuperids":["SequenceFlow"],"customstencil":"true","defaultflow":false,"notes":"","bgcolor":"#ffffff","conditiontype":"None","documentation":"","conditionexpression":"","skipexpression":"","fontstyle":"","fontweight":"","fontcolor":"","oldresourceid":"","executionlistener":"","isimmediate":false,"showdiamondmarker":false,"bordercolor":"#000000","genericproperty":"","name":"","name_en_us":"","name_en_us-run":"","name_de_de":"","name_de_de-run":"","name_fr_fr":"","name_fr_fr-run":"","name_it_it":"","name_it_it-run":"","name_es_es":"","name_es_es-run":"","name-run":"","name_i18n-key":"","id":"sequenceflow5","fontsize":"","customstencilid":"cloudsequenceflow","customnamespace":"http://b3mn.org/stencilset/default.flowable.process.palette.xml#","xmlTag":"SequenceFlow"},"ssextensions":[],"outgoing":[{"resourceId":"_exclusivedatabasedgateway3"}],"dockers":[{"x":50,"y":40},{"x":20,"y":20}],"labels":[{"styles":{"fill":"#000000","size":"12","italic":false,"bold":false},"ref":"text_name"}],"target":{"resourceId":"_exclusivedatabasedgateway3"}},{"resourceId":"sequenceflow4","stencil":{"id":"SequenceFlow"},"pathProperties":{},"xmlProperties":["name","name_en_us","name_en_us-run","name_de_de","name_de_de-run","name_fr_fr","name_fr_fr-run","name_it_it","name_it_it-run","name_es_es","name_es_es-run","name-run","name_i18n-key"],"childShapes":[],"bounds":{"lowerRight":{"x":420,"y":406},"upperLeft":{"x":170,"y":296}},"outputmappingproperties":{"fields":{"type":"complex","placeholders":[]},"executionlistener":{"type":"complex","placeholders":[]},"genericproperty":{"type":"complex","placeholders":[]}},"properties":{"stencilid":"cloudsequenceflow","stencilsuperid":"SequenceFlow","stencilsuperids":["SequenceFlow"],"customstencil":"true","defaultflow":false,"notes":"","bgcolor":"#ffffff","conditiontype":"None","documentation":"","conditionexpression":"","skipexpression":"","fontstyle":"","fontweight":"","fontcolor":"","oldresourceid":"","executionlistener":"","isimmediate":false,"showdiamondmarker":false,"bordercolor":"#000000","genericproperty":"","name":"","name_en_us":"","name_en_us-run":"","name_de_de":"","name_de_de-run":"","name_fr_fr":"","name_fr_fr-run":"","name_it_it":"","name_it_it-run":"","name_es_es":"","name_es_es-run":"","name-run":"","name_i18n-key":"","id":"sequenceflow4","fontsize":"","customstencilid":"cloudsequenceflow","customnamespace":"http://b3mn.org/stencilset/default.flowable.process.palette.xml#","xmlTag":"SequenceFlow"},"ssextensions":[],"outgoing":[{"resourceId":"_exclusivedatabasedgateway1"}],"dockers":[{"x":15,"y":15},{"x":420,"y":406},{"x":170,"y":406},{"x":20,"y":20}],"labels":[{"styles":{"fill":"#000000","size":"12","italic":false,"bold":false},"ref":"text_name"}],"target":{"resourceId":"_exclusivedatabasedgateway1"}},{"resourceId":"_formtask1","stencil":{"id":"Task"},"pathProperties":{},"xmlProperties":["exposetoobjectitems","formproperties","exposeasmessageitems","name","name_en_us","name_en_us-run","name_de_de","name_de_de-run","name_fr_fr","name_fr_fr-run","name_it_it","name_it_it-run","name_es_es","name_es_es-run","name-run","name_i18n-key"],"childShapes":[],"bounds":{"lowerRight":{"x":520,"y":530},"upperLeft":{"x":420,"y":450}},"specialproperties":{"form_entry":{"type":"treeview","placeholder":"formtaskentry"}},"outputmappingproperties":{"exposetoobjectitems":{"type":"complex","placeholders":[]},"fields":{"type":"complex","placeholders":[]},"executionlistener":{"type":"complex","placeholders":[]},"formproperties":{"type":"complex","placeholders":[]},"genericproperty":{"type":"complex","placeholders":[]},"tasklistener":{"type":"complex","placeholders":[]},"exposeasmessageitems":{"type":"complex","placeholders":[]}},"properties":{"stencilid":"cloud_formtask","stencilsuperid":"FormTask","stencilsuperids":["Task","FormTask"],"customstencil":"true","bordercolor":"#000000","notes":"","loopelementvariable":"","tasktype":"FormTask","loopcollection":"","callacitivity":false,"isforcompensation":false,"exposetoobjectitems":"","fontstyle":"","completioncondition":"","categories":"","executionlistener":"","owner":"","owner-run":"","guid":"GEAR-d7c6a680-8946-4425-a573-eb616173b0cf","fontcolor":"","form_entry":"FORM_MODEL-30c336d6-e2f3-4fcf-8b82-a912c1b342d7","formtaskentry":"approve-flight","fontweight":"","skipexpression":"","bgcolor":"#ffffff","formproperties":"","genericproperty":"","priority":"","tasklistener":"","assignee":"","assignee-run":"${initiator}","loopelementindexvariable":"loopCounter","exposeasmessageitems":"","looptype":"None","exclusive":true,"candidategroups":"","candidategroups-run":"","candidateusers":"","candidateusers-run":"","id":"_formtask1","documentation":"","async":false,"duedate":"","loopcardinality":"","fontsize":"","oldresourceid":"","initiator-can-complete":false,"customstencilid":"cloud_formtask","customnamespace":"http://b3mn.org/stencilset/default.flowable.process.palette.xml#","name":"Approve long haul flight","name_en_us":"Approve long haul flight","name_en_us-run":"","name_de_de":"","name_de_de-run":"","name_fr_fr":"","name_fr_fr-run":"","name_it_it":"","name_it_it-run":"","name_es_es":"","name_es_es-run":"","name-run":"","name_i18n-key":"","xmlTag":"FormTask"},"ssextensions":[],"outgoing":[{"resourceId":"sequenceflow7"}],"dockers":[],"labels":[{"styles":{"fill":"#000000","size":"12","italic":false,"bold":false},"ref":"text_name"}]},{"resourceId":"sequenceflow6","stencil":{"id":"SequenceFlow"},"pathProperties":{},"xmlProperties":["name","name_en_us","name_en_us-run","name_de_de","name_de_de-run","name_fr_fr","name_fr_fr-run","name_it_it","name_it_it-run","name_es_es","name_es_es-run","name-run","name_i18n-key"],"childShapes":[],"bounds":{"lowerRight":{"x":470,"y":449},"upperLeft":{"x":470,"y":331}},"outputmappingproperties":{"fields":{"type":"complex","placeholders":[]},"executionlistener":{"type":"complex","placeholders":[]},"genericproperty":{"type":"complex","placeholders":[]}},"properties":{"stencilid":"cloudsequenceflow","stencilsuperid":"SequenceFlow","stencilsuperids":["SequenceFlow"],"customstencil":"true","defaultflow":false,"notes":"","bgcolor":"#ffffff","conditiontype":"None","documentation":"","conditionexpression":"","skipexpression":"","fontstyle":"","fontweight":"","fontcolor":"","oldresourceid":"","executionlistener":"","isimmediate":false,"showdiamondmarker":false,"bordercolor":"#000000","genericproperty":"","name":"","name_en_us":"","name_en_us-run":"","name_de_de":"","name_de_de-run":"","name_fr_fr":"","name_fr_fr-run":"","name_it_it":"","name_it_it-run":"","name_es_es":"","name_es_es-run":"","name-run":"","name_i18n-key":"","id":"sequenceflow6","fontsize":"","customstencilid":"cloudsequenceflow","customnamespace":"http://b3mn.org/stencilset/default.flowable.process.palette.xml#","xmlTag":"SequenceFlow"},"ssextensions":[],"outgoing":[{"resourceId":"_formtask1"}],"dockers":[{"x":15,"y":15},{"x":50,"y":40}],"labels":[{"styles":{"fill":"#000000","size":"12","italic":false,"bold":false},"ref":"text_name"}],"target":{"resourceId":"_formtask1"}},{"resourceId":"sequenceflow7","stencil":{"id":"SequenceFlow"},"pathProperties":{},"xmlProperties":["name","name_en_us","name_en_us-run","name_de_de","name_de_de-run","name_fr_fr","name_fr_fr-run","name_it_it","name_it_it-run","name_es_es","name_es_es-run","name-run","name_i18n-key"],"childShapes":[],"bounds":{"lowerRight":{"x":470,"y":555},"upperLeft":{"x":470,"y":530}},"outputmappingproperties":{"fields":{"type":"complex","placeholders":[]},"executionlistener":{"type":"complex","placeholders":[]},"genericproperty":{"type":"complex","placeholders":[]}},"properties":{"stencilid":"cloudsequenceflow","stencilsuperid":"SequenceFlow","stencilsuperids":["SequenceFlow"],"customstencil":"true","defaultflow":false,"notes":"","bgcolor":"#ffffff","conditiontype":"None","documentation":"","conditionexpression":"","skipexpression":"","fontstyle":"","fontweight":"","fontcolor":"","oldresourceid":"","executionlistener":"","isimmediate":false,"showdiamondmarker":false,"bordercolor":"#000000","genericproperty":"","name":"","name_en_us":"","name_en_us-run":"","name_de_de":"","name_de_de-run":"","name_fr_fr":"","name_fr_fr-run":"","name_it_it":"","name_it_it-run":"","name_es_es":"","name_es_es-run":"","name-run":"","name_i18n-key":"","id":"sequenceflow7","fontsize":"","customstencilid":"cloudsequenceflow","customnamespace":"http://b3mn.org/stencilset/default.flowable.process.palette.xml#","xmlTag":"SequenceFlow"},"ssextensions":[],"outgoing":[{"resourceId":"_exclusivedatabasedgateway2"}],"dockers":[{"x":50,"y":40},{"x":20,"y":20}],"labels":[{"styles":{"fill":"#000000","size":"12","italic":false,"bold":false},"ref":"text_name"}],"target":{"resourceId":"_exclusivedatabasedgateway2"}},{"resourceId":"_exclusivedatabasedgateway2","stencil":{"id":"Exclusive_Databased_Gateway"},"pathProperties":{},"xmlProperties":["name","name_en_us","name_en_us-run","name_de_de","name_de_de-run","name_fr_fr","name_fr_fr-run","name_it_it","name_it_it-run","name_es_es","name_es_es-run","name-run","name_i18n-key"],"childShapes":[],"bounds":{"lowerRight":{"x":490,"y":595},"upperLeft":{"x":450,"y":555}},"outputmappingproperties":{"genericproperty":{"type":"complex","placeholders":[]}},"properties":{"stencilid":"cloud_exclusivedatabasedgateway","stencilsuperid":"Exclusive_Databased_Gateway","stencilsuperids":["Exclusive_Databased_Gateway"],"customstencil":"true","fontstyle":"","notes":"","fontsize":"","gatewaytype":"XOR","fontweight":"","oldresourceid":"","categories":"","async":false,"markervisible":true,"exclusive":true,"bordercolor":"#000000","name":"","name_en_us":"","name_en_us-run":"","name_de_de":"","name_de_de-run":"","name_fr_fr":"","name_fr_fr-run":"","name_it_it":"","name_it_it-run":"","name_es_es":"","name_es_es-run":"","name-run":"","name_i18n-key":"","documentation":"","bgcolor":"#ffffff","gate_outgoingsequenceflow":"","sequencefloworder":"","id":"_exclusivedatabasedgateway2","gate_assignments":"","xortype":"Data","genericproperty":"","fontcolor":"","defaultgate":"","customstencilid":"cloud_exclusivedatabasedgateway","customnamespace":"http://b3mn.org/stencilset/default.flowable.process.palette.xml#","xmlTag":"Exclusive_Databased_Gateway"},"ssextensions":[],"outgoing":[{"resourceId":"sequenceflow8"},{"resourceId":"sequenceflow10"}],"dockers":[],"labels":[{"styles":{"fill":"#000000","size":"12","italic":false,"bold":false},"ref":"text_name"}]},{"resourceId":"sequenceflow8","stencil":{"id":"SequenceFlow"},"pathProperties":{},"xmlProperties":["name","name_en_us","name_en_us-run","name_de_de","name_de_de-run","name_fr_fr","name_fr_fr-run","name_it_it","name_it_it-run","name_es_es","name_es_es-run","name-run","name_i18n-key"],"childShapes":[],"bounds":{"lowerRight":{"x":450,"y":575},"upperLeft":{"x":170,"y":295}},"outputmappingproperties":{"fields":{"type":"complex","placeholders":[]},"executionlistener":{"type":"complex","placeholders":[]},"genericproperty":{"type":"complex","placeholders":[]}},"properties":{"stencilid":"cloudsequenceflow","stencilsuperid":"SequenceFlow","stencilsuperids":["SequenceFlow"],"customstencil":"true","defaultflow":true,"notes":"","bgcolor":"#ffffff","conditiontype":"None","documentation":"","conditionexpression":"","skipexpression":"","fontstyle":"","fontweight":"","fontcolor":"","oldresourceid":"","executionlistener":"","isimmediate":false,"showdiamondmarker":false,"bordercolor":"#000000","genericproperty":"","name":"","name_en_us":"","name_en_us-run":"","name_de_de":"","name_de_de-run":"","name_fr_fr":"","name_fr_fr-run":"","name_it_it":"","name_it_it-run":"","name_es_es":"","name_es_es-run":"","name-run":"","name_i18n-key":"","id":"sequenceflow8","fontsize":"","customstencilid":"cloudsequenceflow","customnamespace":"http://b3mn.org/stencilset/default.flowable.process.palette.xml#","xmlTag":"SequenceFlow"},"ssextensions":[],"outgoing":[{"resourceId":"_exclusivedatabasedgateway1"}],"dockers":[{"x":20,"y":20},{"x":170,"y":575},{"x":20,"y":20}],"labels":[{"styles":{"fill":"#000000","size":"12","italic":false,"bold":false},"ref":"text_name"}],"target":{"resourceId":"_exclusivedatabasedgateway1"}},{"resourceId":"_exclusivedatabasedgateway3","stencil":{"id":"Exclusive_Databased_Gateway"},"pathProperties":{},"xmlProperties":["name","name_en_us","name_en_us-run","name_de_de","name_de_de-run","name_fr_fr","name_fr_fr-run","name_it_it","name_it_it-run","name_es_es","name_es_es-run","name-run","name_i18n-key"],"childShapes":[],"bounds":{"lowerRight":{"x":611,"y":296},"upperLeft":{"x":571,"y":256}},"outputmappingproperties":{"genericproperty":{"type":"complex","placeholders":[]}},"properties":{"stencilid":"cloud_exclusivedatabasedgateway","stencilsuperid":"Exclusive_Databased_Gateway","stencilsuperids":["Exclusive_Databased_Gateway"],"customstencil":"true","fontstyle":"","notes":"","fontsize":"","gatewaytype":"XOR","fontweight":"","oldresourceid":"","categories":"","async":false,"markervisible":true,"exclusive":true,"bordercolor":"#000000","name":"","name_en_us":"","name_en_us-run":"","name_de_de":"","name_de_de-run":"","name_fr_fr":"","name_fr_fr-run":"","name_it_it":"","name_it_it-run":"","name_es_es":"","name_es_es-run":"","name-run":"","name_i18n-key":"","documentation":"","bgcolor":"#ffffff","gate_outgoingsequenceflow":"","sequencefloworder":"","id":"_exclusivedatabasedgateway3","gate_assignments":"","xortype":"Data","genericproperty":"","fontcolor":"","defaultgate":"","customstencilid":"cloud_exclusivedatabasedgateway","customnamespace":"http://b3mn.org/stencilset/default.flowable.process.palette.xml#","xmlTag":"Exclusive_Databased_Gateway"},"ssextensions":[],"outgoing":[{"resourceId":"sequenceflow9"}],"dockers":[],"labels":[{"styles":{"fill":"#000000","size":"12","italic":false,"bold":false},"ref":"text_name"}]},{"resourceId":"sequenceflow9","stencil":{"id":"SequenceFlow"},"pathProperties":{},"xmlProperties":["name","name_en_us","name_en_us-run","name_de_de","name_de_de-run","name_fr_fr","name_fr_fr-run","name_it_it","name_it_it-run","name_es_es","name_es_es-run","name-run","name_i18n-key"],"childShapes":[],"bounds":{"lowerRight":{"x":644,"y":276},"upperLeft":{"x":611,"y":276}},"outputmappingproperties":{"fields":{"type":"complex","placeholders":[]},"executionlistener":{"type":"complex","placeholders":[]},"genericproperty":{"type":"complex","placeholders":[]}},"properties":{"stencilid":"cloudsequenceflow","stencilsuperid":"SequenceFlow","stencilsuperids":["SequenceFlow"],"customstencil":"true","defaultflow":false,"notes":"","bgcolor":"#ffffff","conditiontype":"None","documentation":"","conditionexpression":"","skipexpression":"","fontstyle":"","fontweight":"","fontcolor":"","oldresourceid":"","executionlistener":"","isimmediate":false,"showdiamondmarker":false,"bordercolor":"#000000","genericproperty":"","name":"","name_en_us":"","name_en_us-run":"","name_de_de":"","name_de_de-run":"","name_fr_fr":"","name_fr_fr-run":"","name_it_it":"","name_it_it-run":"","name_es_es":"","name_es_es-run":"","name-run":"","name_i18n-key":"","id":"sequenceflow9","fontsize":"","customstencilid":"cloudsequenceflow","customnamespace":"http://b3mn.org/stencilset/default.flowable.process.palette.xml#","xmlTag":"SequenceFlow"},"ssextensions":[],"outgoing":[{"resourceId":"endnoneevent1"}],"dockers":[{"x":20,"y":20},{"x":14,"y":14}],"labels":[{"styles":{"fill":"#000000","size":"12","italic":false,"bold":false},"ref":"text_name"}],"target":{"resourceId":"endnoneevent1"}},{"resourceId":"sequenceflow10","stencil":{"id":"SequenceFlow"},"pathProperties":{},"xmlProperties":["name","name_en_us","name_en_us-run","name_de_de","name_de_de-run","name_fr_fr","name_fr_fr-run","name_it_it","name_it_it-run","name_es_es","name_es_es-run","name-run","name_i18n-key"],"childShapes":[],"bounds":{"lowerRight":{"x":591,"y":575.5},"upperLeft":{"x":490,"y":295}},"outputmappingproperties":{"fields":{"type":"complex","placeholders":[]},"executionlistener":{"type":"complex","placeholders":[]},"genericproperty":{"type":"complex","placeholders":[]}},"properties":{"stencilid":"cloudsequenceflow","stencilsuperid":"SequenceFlow","stencilsuperids":["SequenceFlow"],"customstencil":"true","defaultflow":false,"notes":"","bgcolor":"#ffffff","conditiontype":"None","documentation":"","conditionexpression":"${longHaulApproved}","skipexpression":"","fontstyle":"","fontweight":"","fontcolor":"","oldresourceid":"","executionlistener":"","isimmediate":false,"showdiamondmarker":false,"bordercolor":"#000000","genericproperty":"","name":"","name_en_us":"","name_en_us-run":"","name_de_de":"","name_de_de-run":"","name_fr_fr":"","name_fr_fr-run":"","name_it_it":"","name_it_it-run":"","name_es_es":"","name_es_es-run":"","name-run":"","name_i18n-key":"","id":"sequenceflow10","fontsize":"","customstencilid":"cloudsequenceflow","customnamespace":"http://b3mn.org/stencilset/default.flowable.process.palette.xml#","xmlTag":"SequenceFlow"},"ssextensions":[],"outgoing":[{"resourceId":"_exclusivedatabasedgateway3"}],"dockers":[{"x":20.5,"y":20.5},{"x":591,"y":575.5},{"x":20,"y":20}],"labels":[{"styles":{"fill":"#000000","size":"12","italic":false,"bold":false},"ref":"text_name"}],"target":{"resourceId":"_exclusivedatabasedgateway3"}},{"resourceId":"intermediateerroreventboundary1","stencil":{"id":"IntermediateErrorEvent"},"pathProperties":{},"xmlProperties":["name","name_en_us","name_en_us-run","name_de_de","name_de_de-run","name_fr_fr","name_fr_fr-run","name_it_it","name_it_it-run","name_es_es","name_es_es-run","name-run","name_i18n-key"],"childShapes":[],"bounds":{"lowerRight":{"x":435,"y":331},"upperLeft":{"x":405,"y":301}},"outputmappingproperties":{"genericproperty":{"type":"complex","placeholders":[]}},"properties":{"stencilid":"cloudintermediateerroreventboundary","stencilsuperid":"IntermediateErrorEventBoundary","stencilsuperids":["IntermediateErrorEvent","IntermediateErrorEventBoundary"],"customstencil":"true","oldresourceid":"","notes":"","fontcolor":"","errorcode":"sameAirport","bordercolor":"#000000","fontstyle":"","documentation":"","bgcolor":"#ffffff","fontsize":"","genericproperty":"","name":"Same Airport selected","name_en_us":"Same Airport selected","name_en_us-run":"","name_de_de":"","name_de_de-run":"","name_fr_fr":"","name_fr_fr-run":"","name_it_it":"","name_it_it-run":"","name_es_es":"","name_es_es-run":"","name-run":"","name_i18n-key":"","trigger":"Error","id":"intermediateerroreventboundary1","fontweight":"","customstencilid":"cloudintermediateerroreventboundary","customnamespace":"http://b3mn.org/stencilset/default.flowable.process.palette.xml#","xmlTag":"IntermediateErrorEventBoundary"},"ssextensions":[],"outgoing":[{"resourceId":"sequenceflow4"}],"dockers":[{"x":29,"y":79}],"labels":[{"x":-48,"y":35,"ref":"text_name"},{"styles":{"fill":"#000000","size":"12","italic":false,"bold":false},"ref":"text_name"}]},{"resourceId":"intermediateerroreventboundary2","stencil":{"id":"IntermediateErrorEvent"},"pathProperties":{},"xmlProperties":["name","name_en_us","name_en_us-run","name_de_de","name_de_de-run","name_fr_fr","name_fr_fr-run","name_it_it","name_it_it-run","name_es_es","name_es_es-run","name-run","name_i18n-key"],"childShapes":[],"bounds":{"lowerRight":{"x":485,"y":331},"upperLeft":{"x":455,"y":301}},"outputmappingproperties":{"genericproperty":{"type":"complex","placeholders":[]}},"properties":{"stencilid":"cloudintermediateerroreventboundary","stencilsuperid":"IntermediateErrorEventBoundary","stencilsuperids":["IntermediateErrorEvent","IntermediateErrorEventBoundary"],"customstencil":"true","oldresourceid":"","notes":"","fontcolor":"","errorcode":"longHaul","bordercolor":"#000000","fontstyle":"","documentation":"","bgcolor":"#ffffff","fontsize":"","genericproperty":"","name":"Long haul","name_en_us":"Long haul","name_en_us-run":"","name_de_de":"","name_de_de-run":"","name_fr_fr":"","name_fr_fr-run":"","name_it_it":"","name_it_it-run":"","name_es_es":"","name_es_es-run":"","name-run":"","name_i18n-key":"","trigger":"Error","id":"intermediateerroreventboundary2","fontweight":"","customstencilid":"cloudintermediateerroreventboundary","customnamespace":"http://b3mn.org/stencilset/default.flowable.process.palette.xml#","xmlTag":"IntermediateErrorEventBoundary"},"ssextensions":[],"outgoing":[{"resourceId":"sequenceflow6"}],"dockers":[{"x":79,"y":80}],"labels":[{"x":46,"y":41,"ref":"text_name"},{"styles":{"fill":"#000000","size":"12","italic":false,"bold":false},"ref":"text_name"}]}],"bounds":{"lowerRight":{"x":1485,"y":1050},"upperLeft":{"x":0,"y":0}},"outputmappingproperties":{"genericproperty":{"type":"complex","placeholders":[]},"namespaces":{"type":"complex","placeholders":[]},"fields":{"type":"complex","placeholders":[]},"executionlistener":{"type":"complex","placeholders":[]},"dataproperties":{"type":"complex","placeholders":[]},"eventlisteners":{"type":"complex","placeholders":[]},"signaldefinitions":{"type":"complex","placeholders":[]},"messagedefinitions":{"type":"complex","placeholders":[]}},"properties":{"stencilid":"BPMNDiagram","stencilsuperid":"BPMNDiagram","stencilsuperids":["BPMNDiagram"],"customstencil":false,"id":"book-company-flight","notes":"","name":"book-company-flight","name_en_us":"","name_de_de":"","name_fr_fr":"","name_it_it":"","name_es_es":"","name_i18n-key":"","documentation":"","documentation_en_us":"","documentation_de_de":"","documentation_fr_fr":"","documentation_it_it":"","documentation_es_es":"","documentation_i18n-key":"","genericproperty":"","oldresourceid":"","guid":"PROCESS_MODEL-02ab56c6-6981-4685-8c11-0fda5cfe8e0e","labelexpression":"","version":"","author":"","language":"English","namespaces":"","creationdate":"2019-06-05T12:47:31.247Z","modificationdate":"2019-06-05T13:49:05.995Z","isexecutable":false,"isprocessexecutable":true,"fontsize":"12","fontweight":"normal","fontstyle":"normal","fontcolor":"#000000","process_author":"","process_namespace":"","process_historylevel":"audit","executionlistener":"","dataproperties":"","eventlisteners":"","signaldefinitions":"","messagedefinitions":"","process_potentialstarteruser":"","process_potentialstarteruser-run":"","process_potentialstartergroup":"","process_potentialstartergroup-run":"","iseagerexecutionfetch":false,"initiator":"","xmlTag":"BPMNDiagram","description":""},"ssextensions":["http://b3mn.org/stencilset/default.flowable.process.palette.xml#"],"stencilset":{"url":"./app/editor_stencilset","namespace":"http://b3mn.org/stencilset/bpmn2.0#"}}}