{"id":"APP_MODEL-395e6aed-1cee-40c3-8177-b4aa5cd157f7","name":"Simple App","key":"simpleApp","description":"","editorJson":{"models":[{"id":"PROCESS_MODEL-b5a967c2-08f9-40fd-a381-f513d488db81","name":"Simple Process with a Task referencing a Form with a Sub Form","version":3,"modelType":0,"description":null,"stencilSetId":null,"createdBy":"d521faf7-6de8-4998-8b5f-c32c6e04af8a","lastUpdatedBy":"d521faf7-6de8-4998-8b5f-c32c6e04af8a","lastUpdated":"2019-08-07T11:30:47.099+0000","key":"simpleProcessWithATaskReferencingAFormWithASubForm"},{"id":"PROCESS_MODEL-14aeeeaa-0fe3-4fc5-a30f-382e6916e079","name":"Simple Process","version":3,"modelType":0,"description":"","stencilSetId":null,"createdBy":"d521faf7-6de8-4998-8b5f-c32c6e04af8a","lastUpdatedBy":"d521faf7-6de8-4998-8b5f-c32c6e04af8a","lastUpdated":"2019-08-06T10:54:35.405+0000","key":"simpleProcess"}],"cmmnModels":[{"id":"CASE_MODEL-e0f57f18-864d-427f-9fcb-773b5fd32f26","name":"Case with a Process with a Task with a Sub Form","version":2,"modelType":5,"description":"","stencilSetId":null,"createdBy":"d521faf7-6de8-4998-8b5f-c32c6e04af8a","lastUpdatedBy":"d521faf7-6de8-4998-8b5f-c32c6e04af8a","lastUpdated":"2019-08-07T15:57:29.939+0000","key":"caseWithAProcessWithATaskWithASubForm"},{"id":"CASE_MODEL-0b6c6e6f-5a2b-417c-913c-11ea48355b0f","name":"Simple Case","version":3,"modelType":5,"description":null,"stencilSetId":null,"createdBy":"d521faf7-6de8-4998-8b5f-c32c6e04af8a","lastUpdatedBy":"d521faf7-6de8-4998-8b5f-c32c6e04af8a","lastUpdated":"2019-08-06T10:54:54.672+0000","key":"simpleCase"}],"pages":[{"id":"PAGE_MODEL-75a5cd43-d7b9-430f-bbb3-2f8308ab0bca","name":"A New Page","version":12,"modelType":9,"description":"","stencilSetId":null,"createdBy":"d521faf7-6de8-4998-8b5f-c32c6e04af8a","lastUpdatedBy":"d521faf7-6de8-4998-8b5f-c32c6e04af8a","lastUpdated":"2019-08-08T06:18:38.537+0000","key":"aNewPage","accessPermissions":"","label":"A New Page","url":"aNewPage"}],"theme":"theme-1","icon":"glyphicon-asterisk","flowApp":true,"url":"simpleApp"}}