{"id":"APP_MODEL-a2b35542-5ce3-44b0-8913-4d016313c037","name":"FrontendCustomizationsApp","key":"frontendCustomizationsApp","description":"","editorJson":{"models":[{"id":"PROCESS_MODEL-4e87bdbd-f4c3-4ee1-a71b-3e3268df64c5","name":"FrontendCustomizationProcess","version":4,"modelType":0,"description":"","stencilSetId":null,"createdBy":"3d551414-8b89-48b1-a0cb-2728dd3df036","lastUpdatedBy":"3d551414-8b89-48b1-a0cb-2728dd3df036","lastUpdated":"2019-10-14T16:27:36.079+0000","key":"frontendCustomizationProcess"}],"cmmnModels":[],"formModels":[],"dmnModels":[],"workModels":[],"pages":[],"theme":"theme-1","icon":"glyphicon-asterisk","flowApp":false}}