{"id":"APP_MODEL-8d6ccaa0-5d4c-48e3-9533-7de02639c0fe","name":"An App","key":"anApp","description":"","editorJson":{"models":[{"id":"PROCESS_MODEL-c842ac6b-61ed-488d-b2ce-de89b5edcf58","name":"A Process","version":14,"modelType":0,"description":"","stencilSetId":null,"createdBy":"1c0b5980-c258-43c5-a0df-dd25983cd625","lastUpdatedBy":"1c0b5980-c258-43c5-a0df-dd25983cd625","lastUpdated":"2019-08-21T14:26:56.150+0000","key":"aProcess"}],"theme":"theme-1","icon":"glyphicon-asterisk","flowApp":false}}