{"id":"CASE_MODEL-b9de6bc1-b64b-4b9b-8ce0-54f5790caa03","name":"Employee Travel Request","key":"employeeTravelRequest","description":"","editorJson":{"resourceId":"editor_CASE_MODEL-b9de6bc1-b64b-4b9b-8ce0-54f5790caa03","stencil":{"id":"CASEDiagram"},"pathProperties":{},"xmlProperties":[],"childShapes":[{"resourceId":"onecaseplanmodel1","stencil":{"id":"CasePlanModel"},"pathProperties":{},"xmlProperties":["planitemlifecyclelisteners","autocomplete","autocomplete-run","name","name_en_us","name_en_us-run","name_de_de","name_de_de-run","name_fr_fr","name_fr_fr-run","name_it_it","name_it_it-run","name_es_es","name_es_es-run","name-run","name_i18n-key"],"childShapes":[{"resourceId":"onehumantask1","stencil":{"id":"Task"},"pathProperties":{},"xmlProperties":["exposehumantasktoobjectitems","exposetoobjectitems","planitemlifecyclelisteners","exposehumantaskasmessageitems","guid","exposeasmessageitems","name","name_en_us","name_en_us-run","name_de_de","name_de_de-run","name_fr_fr","name_fr_fr-run","name_it_it","name_it_it-run","name_es_es","name_es_es-run","name-run","name_i18n-key"],"childShapes":[],"bounds":{"lowerRight":{"x":131,"y":141},"upperLeft":{"x":31,"y":61}},"specialproperties":{"form_entry":{"type":"treeview","placeholder":"formentry"},"startformreference":{"type":"treeview","placeholder":"startformkey"}},"outputmappingproperties":{"exposehumantasktoobjectitems":{"type":"complex","placeholders":[]},"in":{"type":"complex","placeholders":[]},"exposetoobjectitems":{"type":"complex","placeholders":[]},"planitemlifecyclelisteners":{"type":"complex","placeholders":[]},"out":{"type":"complex","placeholders":[]},"tasklistener":{"type":"complex","placeholders":[]},"exposehumantaskasmessageitems":{"type":"complex","placeholders":[]},"exposeasmessageitems":{"type":"complex","placeholders":[]}},"properties":{"stencilid":"onehumantask","stencilsuperid":"HumanTask","stencilsuperids":["Task","HumanTask"],"customstencil":"true","notes":"","duedate":"","exposehumantasktoobjectitems":"","in":"","bordercolor":"#000000","taskid":"","exposetoobjectitems":"","candidategroups":"","candidategroups-run":"","tasktype":"human","completionneutral":false,"completionneutral-run":"","isdiscretionary":false,"bgcolor":"#ffffff","async":false,"priority":"","planitemlifecyclelisteners":"","out":"","candidateusers":"","candidateusers-run":"","form_entry":"FORM_MODEL-73be0a5f-5c02-4667-a580-a3c7b707197a","formentry":"employeeCompanyInfo","description":"","applicabilityrule":"","repetitioncountervariablename":"repetitionCounter","owner":"","owner-run":"","tasklistener":"","fontsize":"","assignee":"","assignee-run":"${initiator}","fontweight":"","isblocking":true,"isblocking-run":"","documentation":"","exclusive":true,"initiator-can-complete":false,"startformreference":"","startformkey":"","repetition":false,"repetition-run":"","fontstyle":"","manualactivation":false,"manualactivation-run":"","fontcolor":"","exposehumantaskasmessageitems":"","required":false,"required-run":"","guid":"GEAR-1c38be05-d33e-4e78-85b6-bbc76a597ac0","exposeasmessageitems":"","id":"employeeInfo","value":"","name":"Employee Information","name_en_us":"Employee Information","name_en_us-run":"","name_de_de":"","name_de_de-run":"","name_fr_fr":"","name_fr_fr-run":"","name_it_it":"","name_it_it-run":"","name_es_es":"","name_es_es-run":"","name-run":"Employee Information","name_i18n-key":"","customstencilid":"onehumantask","customnamespace":"http://b3mn.org/stencilset/default.case.palette.xml#","xmlTag":"HumanTask"},"ssextensions":[],"outgoing":[],"dockers":[],"labels":[{"styles":{"fill":"#000000","size":"12","italic":false,"bold":false},"ref":"text_name"}]}],"bounds":{"lowerRight":{"x":788,"y":799},"upperLeft":{"x":30,"y":45}},"specialproperties":{"formreference":{"type":"treeview","placeholder":"formkey"},"workformreference":{"type":"treeview","placeholder":"workformkey"}},"outputmappingproperties":{"planitemlifecyclelisteners":{"type":"complex","placeholders":[]}},"properties":{"stencilid":"onecaseplanmodel","stencilsuperid":"CasePlanModel","stencilsuperids":["CasePlanModel"],"customstencil":true,"planitemlifecyclelisteners":"","notes":"","formreference":"","formkey":"","autocomplete":false,"autocomplete-run":"","bgcolor":"#ffffff","workformreference":"","workformkey":"","description":"","guid":"GEAR-e8054900-87ab-4027-889d-b67fda9e8ca2","bordercolor":"#000000","fontstyle":"","fontweight":"","documentation":"","fontcolor":"","fontsize":"","value":"","name":"Case plan model","name_en_us":"Case plan model","name_en_us-run":"","name_de_de":"","name_de_de-run":"","name_fr_fr":"","name_fr_fr-run":"","name_it_it":"","name_it_it-run":"","name_es_es":"","name_es_es-run":"","name-run":"","name_i18n-key":"","id":"onecaseplanmodel1","customstencilid":"onecaseplanmodel","customnamespace":"http://b3mn.org/stencilset/default.case.palette.xml#","xmlTag":"CasePlanModel"},"ssextensions":[],"outgoing":[],"dockers":[],"labels":[{"styles":{"fill":"#000000","size":"12","italic":false,"bold":false},"ref":"text_name"}]}],"bounds":{"lowerRight":{"x":1485,"y":1050},"upperLeft":{"x":0,"y":0}},"outputmappingproperties":{"namespaces":{"type":"complex","placeholders":[]}},"properties":{"stencilid":"CASEDiagram","stencilsuperid":"CASEDiagram","stencilsuperids":["CASEDiagram"],"customstencil":true,"id":"employeeTravelRequest","notes":"","name":"Employee Travel Request","name_en_us":"","name_de_de":"","name_fr_fr":"","name_it_it":"","name_es_es":"","name_i18n-key":"","description":"","guid":"CASE_MODEL-b9de6bc1-b64b-4b9b-8ce0-54f5790caa03","labelexpression":"","version":"","author":"","language":"English","namespaces":"","creationdate":"2019-06-27T11:17:54.562Z","modificationdate":"2019-06-28T07:43:16.162Z","fontsize":"12","fontweight":"normal","fontstyle":"normal","fontcolor":"#000000","case_initiatorvariablename":"initiator","case_potentialstarteruser":"","case_potentialstarteruser-run":"","case_potentialstartergroup":"","case_potentialstartergroup-run":"","documentation":"","case_namespace":"","xmlTag":"CASEDiagram","key":"employeeTravelRequest"},"ssextensions":["http://b3mn.org/stencilset/default.case.palette.xml#"],"stencilset":{"url":"./app/editor_stencilset","namespace":"http://b3mn.org/stencilset/case1.0#"},"name":"Employee Travel Request","key":"employeeTravelRequest"}}