{"id":"APP_MODEL-3f80740a-4c04-4936-b63b-5b5d2a2c3abc","name":"Data Object App","key":"DOB","description":"","editorJson":{"models":[{"id":"PROCESS_MODEL-c515bd3d-3d5a-45e2-826d-4e367265ba84","name":"Create New Address Process","version":3,"modelType":0,"description":"","stencilSetId":null,"createdBy":"f626710e-9289-42c1-80e0-1d3d005f85d5","lastUpdatedBy":"f626710e-9289-42c1-80e0-1d3d005f85d5","lastUpdated":"2019-10-15T13:12:12.181+0000","key":"DOB-P001"}],"cmmnModels":[],"formModels":[],"dmnModels":[],"workModels":[{"id":"DATA_OBJECT_MODEL-ad7e9c03-5895-4ec4-9f80-252ee99e1fc5","name":"Address","version":1,"modelType":11,"description":null,"stencilSetId":null,"createdBy":"f626710e-9289-42c1-80e0-1d3d005f85d5","lastUpdatedBy":"f626710e-9289-42c1-80e0-1d3d005f85d5","lastUpdated":"2019-10-15T09:09:18.489+0000","key":"DOB-DATA001"},{"id":"LIQUIBASE_CHANGELOG_MODEL-e0730238-2f1e-49e8-a799-16bd5b40c7a8","name":"Address Liquibase Changelog","version":1,"modelType":14,"description":null,"stencilSetId":null,"createdBy":"Admin","lastUpdatedBy":"Admin","lastUpdated":"2019-10-15T11:24:36.948+0000","key":"DOB-L001"}],"pages":[{"id":"PAGE_MODEL-eaea433c-04b8-4c97-b14f-a02fd250702f","name":"Addresses","version":3,"modelType":9,"description":"","stencilSetId":null,"createdBy":"f626710e-9289-42c1-80e0-1d3d005f85d5","lastUpdatedBy":"f626710e-9289-42c1-80e0-1d3d005f85d5","lastUpdated":"2019-10-15T14:14:43.389+0000","key":"DOB-PAGE001","accessPermissions":null,"label":"Addresses","url":"DOB-PAGE001"}],"theme":"theme-1","icon":"glyphicon-asterisk","flowApp":true}}