{"id":"PROCESS_MODEL-f334e518-b785-4f7a-9f7d-b37b2b79c001","name":"A Process","key":"aProcess","description":"","editorJson":{"resourceId":"editor_PROCESS_MODEL-f334e518-b785-4f7a-9f7d-b37b2b79c001","stencil":{"id":"BPMNDiagram"},"pathProperties":{},"xmlProperties":[],"childShapes":[{"resourceId":"startnoneevent1","stencil":{"id":"StartNoneEvent"},"pathProperties":{},"xmlProperties":["name","name_en_us","name_en_us-run","name_de_de","name_de_de-run","name_fr_fr","name_fr_fr-run","name_it_it","name_it_it-run","name_es_es","name_es_es-run","name-run","name_i18n-key","formproperties","initiator"],"childShapes":[],"bounds":{"lowerRight":{"x":147,"y":291},"upperLeft":{"x":117,"y":261}},"specialproperties":{"workformreference":{"type":"treeview","placeholder":"workformkey"},"formreference":{"type":"treeview","placeholder":"formkey"}},"outputmappingproperties":{"genericproperty":{"type":"complex","placeholders":[]},"formproperties":{"type":"complex","placeholders":[]},"fields":{"type":"complex","placeholders":[]},"executionlistener":{"type":"complex","placeholders":[]}},"properties":{"stencilid":"cloudstartnoneevent","stencilsuperid":"StartNoneEvent","stencilsuperids":["StartNoneEvent"],"customstencil":"true","trigger":"None","notes":"","fontcolor":"","interrupting":true,"id":"startnoneevent1","exclusive":true,"workformreference":"","workformkey":"","name":"","name_en_us":"","name_en_us-run":"","name_de_de":"","name_de_de-run":"","name_fr_fr":"","name_fr_fr-run":"","name_it_it":"","name_it_it-run":"","name_es_es":"","name_es_es-run":"","name-run":"","name_i18n-key":"","workformfieldvalidation":false,"workformfieldvalidation-run":"","fontstyle":"","formreference":"","formkey":"","genericproperty":"","oldresourceid":"","formproperties":"","bgcolor":"#ffffff","bordercolor":"#000000","documentation":"","fontweight":"","formfieldvalidation":false,"formfieldvalidation-run":"","executionlistener":"","async":false,"fontsize":"","initiator":"initiator","customstencilid":"cloudstartnoneevent","customnamespace":"http://b3mn.org/stencilset/default.flowable.process.palette.xml#","xmlTag":"StartNoneEvent"},"ssextensions":[],"outgoing":[{"resourceId":"sequenceflow1"}],"dockers":[],"labels":[{"styles":{"fill":"#000000","size":"12","italic":false,"bold":false},"ref":"text_name"}]},{"resourceId":"formtask1","stencil":{"id":"Task"},"pathProperties":{},"xmlProperties":["exposeasmessageitems","formproperties","exposetoobjectitems","name","name_en_us","name_en_us-run","name_de_de","name_de_de-run","name_fr_fr","name_fr_fr-run","name_it_it","name_it_it-run","name_es_es","name_es_es-run","name-run","name_i18n-key"],"childShapes":[],"bounds":{"lowerRight":{"x":292,"y":316},"upperLeft":{"x":192,"y":236}},"specialproperties":{"form_entry":{"type":"treeview","placeholder":"formtaskentry"},"securitypolicy":{"type":"treeview","placeholder":"securitypolicymodel"}},"outputmappingproperties":{"exposeasmessageitems":{"type":"complex","placeholders":[]},"fields":{"type":"complex","placeholders":[]},"tasklistener":{"type":"complex","placeholders":[]},"formproperties":{"type":"complex","placeholders":[]},"executionlistener":{"type":"complex","placeholders":[]},"exposetoobjectitems":{"type":"complex","placeholders":[]},"genericproperty":{"type":"complex","placeholders":[]}},"properties":{"stencilid":"cloudformtask","stencilsuperid":"FormTask","stencilsuperids":["Task","FormTask"],"customstencil":"true","fontstyle":"","notes":"","loopelementvariable":"","documentation":"","exposeasmessageitems":"","priority":"","form_entry":"FORM_MODEL-209b2625-0e65-49b7-84ff-ea99d91cad5a","formtaskentry":"aForm","loopcardinality":"","customfolderpath":"","watchergroups":"","watchergroups-run":"","categories":"","tasklistener":"","fontsize":"","oldresourceid":"","candidateusers":"","candidateusers-run":"","formfieldvalidation":false,"formfieldvalidation-run":"","async":false,"owner":"","owner-run":"","tasktype":"FormTask","assignee":"","assignee-run":"${initiator}","isforcompensation":false,"guid":"GEAR-7b4ed5bf-4c04-4fae-8715-cc794c409d82","completioncondition":"","securitypolicy":"","securitypolicymodel":"","executionlistener":"","fontcolor":"","bordercolor":"#000000","looptype":"None","watcherusers":"","watcherusers-run":"","skipexpression":"","participantgroups":"","participantgroups-run":"","participantusers":"","participantusers-run":"","exposetoobjectitems":"","fontweight":"","duedate":"","exclusive":true,"genericproperty":"","loopelementindexvariable":"loopCounter","loopcollection":"","bgcolor":"#ffffff","id":"formtask1","callacitivity":false,"candidategroups":"","candidategroups-run":"","name":"A Task","name_en_us":"A Task","name_en_us-run":"","name_de_de":"","name_de_de-run":"","name_fr_fr":"","name_fr_fr-run":"","name_it_it":"","name_it_it-run":"","name_es_es":"","name_es_es-run":"","name-run":"","name_i18n-key":"","customstencilid":"cloudformtask","customnamespace":"http://b3mn.org/stencilset/default.flowable.process.palette.xml#","xmlTag":"FormTask"},"ssextensions":[],"outgoing":[{"resourceId":"sequenceflow2"}],"dockers":[],"labels":[{"styles":{"fill":"#000000","size":"12","italic":false,"bold":false},"ref":"text_name"}]},{"resourceId":"sequenceflow1","stencil":{"id":"SequenceFlow"},"pathProperties":{},"xmlProperties":["name","name_en_us","name_en_us-run","name_de_de","name_de_de-run","name_fr_fr","name_fr_fr-run","name_it_it","name_it_it-run","name_es_es","name_es_es-run","name-run","name_i18n-key"],"childShapes":[],"bounds":{"lowerRight":{"x":191,"y":276},"upperLeft":{"x":147,"y":276}},"outputmappingproperties":{"fields":{"type":"complex","placeholders":[]},"executionlistener":{"type":"complex","placeholders":[]},"genericproperty":{"type":"complex","placeholders":[]}},"properties":{"stencilid":"cloudsequenceflow","stencilsuperid":"SequenceFlow","stencilsuperids":["SequenceFlow"],"customstencil":"true","documentation":"","notes":"","fontsize":"","executionlistener":"","conditionexpression":"","fontstyle":"","genericproperty":"","id":"sequenceflow1","bordercolor":"#000000","fontcolor":"","name":"","name_en_us":"","name_en_us-run":"","name_de_de":"","name_de_de-run":"","name_fr_fr":"","name_fr_fr-run":"","name_it_it":"","name_it_it-run":"","name_es_es":"","name_es_es-run":"","name-run":"","name_i18n-key":"","fontweight":"","conditiontype":"None","defaultflow":false,"isimmediate":false,"skipexpression":"","showdiamondmarker":false,"oldresourceid":"","bgcolor":"#ffffff","customstencilid":"cloudsequenceflow","customnamespace":"http://b3mn.org/stencilset/default.flowable.process.palette.xml#","xmlTag":"SequenceFlow"},"ssextensions":[],"outgoing":[{"resourceId":"formtask1"}],"dockers":[{"x":15,"y":15},{"x":50,"y":40}],"labels":[{"styles":{"fill":"#000000","size":"12","italic":false,"bold":false},"ref":"text_name"}],"target":{"resourceId":"formtask1"}},{"resourceId":"endnoneevent1","stencil":{"id":"EndNoneEvent"},"pathProperties":{},"xmlProperties":["name","name_en_us","name_en_us-run","name_de_de","name_de_de-run","name_fr_fr","name_fr_fr-run","name_it_it","name_it_it-run","name_es_es","name_es_es-run","name-run","name_i18n-key"],"childShapes":[],"bounds":{"lowerRight":{"x":365,"y":290},"upperLeft":{"x":337,"y":262}},"outputmappingproperties":{"genericproperty":{"type":"complex","placeholders":[]},"fields":{"type":"complex","placeholders":[]},"executionlistener":{"type":"complex","placeholders":[]}},"properties":{"stencilid":"cloudendnoneevent","stencilsuperid":"EndNoneEvent","stencilsuperids":["EndNoneEvent"],"customstencil":"true","genericproperty":"","notes":"","fontsize":"","fontstyle":"","terminateall":false,"trigger":"None","oldresourceid":"","bordercolor":"#000000","executionlistener":"","bgcolor":"#ffffff","id":"endnoneevent1","documentation":"","fontcolor":"","fontweight":"","name":"","name_en_us":"","name_en_us-run":"","name_de_de":"","name_de_de-run":"","name_fr_fr":"","name_fr_fr-run":"","name_it_it":"","name_it_it-run":"","name_es_es":"","name_es_es-run":"","name-run":"","name_i18n-key":"","customstencilid":"cloudendnoneevent","customnamespace":"http://b3mn.org/stencilset/default.flowable.process.palette.xml#","xmlTag":"EndNoneEvent"},"ssextensions":[],"outgoing":[],"dockers":[],"labels":[{"styles":{"fill":"#000000","size":"12","italic":false,"bold":false},"ref":"text_name"}]},{"resourceId":"sequenceflow2","stencil":{"id":"SequenceFlow"},"pathProperties":{},"xmlProperties":["name","name_en_us","name_en_us-run","name_de_de","name_de_de-run","name_fr_fr","name_fr_fr-run","name_it_it","name_it_it-run","name_es_es","name_es_es-run","name-run","name_i18n-key"],"childShapes":[],"bounds":{"lowerRight":{"x":336,"y":276},"upperLeft":{"x":292,"y":276}},"outputmappingproperties":{"fields":{"type":"complex","placeholders":[]},"executionlistener":{"type":"complex","placeholders":[]},"genericproperty":{"type":"complex","placeholders":[]}},"properties":{"stencilid":"cloudsequenceflow","stencilsuperid":"SequenceFlow","stencilsuperids":["SequenceFlow"],"customstencil":"true","documentation":"","notes":"","fontsize":"","executionlistener":"","conditionexpression":"","fontstyle":"","genericproperty":"","id":"sequenceflow2","bordercolor":"#000000","fontcolor":"","name":"","name_en_us":"","name_en_us-run":"","name_de_de":"","name_de_de-run":"","name_fr_fr":"","name_fr_fr-run":"","name_it_it":"","name_it_it-run":"","name_es_es":"","name_es_es-run":"","name-run":"","name_i18n-key":"","fontweight":"","conditiontype":"None","defaultflow":false,"isimmediate":false,"skipexpression":"","showdiamondmarker":false,"oldresourceid":"","bgcolor":"#ffffff","customstencilid":"cloudsequenceflow","customnamespace":"http://b3mn.org/stencilset/default.flowable.process.palette.xml#","xmlTag":"SequenceFlow"},"ssextensions":[],"outgoing":[{"resourceId":"endnoneevent1"}],"dockers":[{"x":50,"y":40},{"x":14,"y":14}],"labels":[{"styles":{"fill":"#000000","size":"12","italic":false,"bold":false},"ref":"text_name"}],"target":{"resourceId":"endnoneevent1"}}],"bounds":{"lowerRight":{"x":1485,"y":1050},"upperLeft":{"x":0,"y":0}},"specialproperties":{"securitypolicy":{"type":"treeview","placeholder":"securitypolicymodel"}},"outputmappingproperties":{"genericproperty":{"type":"complex","placeholders":[]},"namespaces":{"type":"complex","placeholders":[]},"fields":{"type":"complex","placeholders":[]},"executionlistener":{"type":"complex","placeholders":[]},"dataproperties":{"type":"complex","placeholders":[]},"eventlisteners":{"type":"complex","placeholders":[]},"signaldefinitions":{"type":"complex","placeholders":[]},"messagedefinitions":{"type":"complex","placeholders":[]}},"properties":{"stencilid":"BPMNDiagram","stencilsuperid":"BPMNDiagram","stencilsuperids":["BPMNDiagram"],"customstencil":false,"id":"aProcess","notes":"","name":"A Process","name_en_us":"","name_de_de":"","name_fr_fr":"","name_it_it":"","name_es_es":"","name_i18n-key":"","documentation":"","documentation_en_us":"","documentation_de_de":"","documentation_fr_fr":"","documentation_it_it":"","documentation_es_es":"","documentation_i18n-key":"","genericproperty":"","oldresourceid":"","guid":"PROCESS_MODEL-f334e518-b785-4f7a-9f7d-b37b2b79c001","labelexpression":"","version":"","author":"","language":"English","namespaces":"","creationdate":"2019-08-07T15:56:39.313Z","modificationdate":"2019-08-07T15:58:36.887Z","isexecutable":false,"isprocessexecutable":true,"fontsize":"12","fontweight":"normal","fontstyle":"normal","fontcolor":"#000000","securitypolicy":"","securitypolicymodel":"","customfolderpath":"","owner":"","owner-run":"","assignee":"","assignee-run":"","process_potentialstarteruser":"","process_potentialstarteruser-run":"","process_potentialstartergroup":"","process_potentialstartergroup-run":"","participantusers":"","participantusers-run":"","participantgroups":"","participantgroups-run":"","watcherusers":"","watcherusers-run":"","watchergroups":"","watchergroups-run":"","process_namespace":"","process_historylevel":"","executionlistener":"","dataproperties":"","eventlisteners":"","signaldefinitions":"","messagedefinitions":"","iseagerexecutionfetch":false,"initiator":"","process_author":"","xmlTag":"BPMNDiagram","description":""},"ssextensions":["http://b3mn.org/stencilset/default.flowable.process.palette.xml#"],"stencilset":{"url":"./app/editor_stencilset","namespace":"http://b3mn.org/stencilset/bpmn2.0#"}}}