{"id":"PROCESS_MODEL-b5a967c2-08f9-40fd-a381-f513d488db81","name":"Simple Process with a Task referencing a Form with a Sub Form","key":"simpleProcessWithATaskReferencingAFormWithASubForm","description":null,"editorJson":{"resourceId":"editor_PROCESS_MODEL-b5a967c2-08f9-40fd-a381-f513d488db81","stencil":{"id":"BPMNDiagram"},"pathProperties":{},"xmlProperties":[],"childShapes":[{"resourceId":"startnoneevent1","stencil":{"id":"StartNoneEvent"},"pathProperties":{},"xmlProperties":["formproperties","name","name_en_us","name_en_us-run","name_de_de","name_de_de-run","name_fr_fr","name_fr_fr-run","name_it_it","name_it_it-run","name_es_es","name_es_es-run","name-run","name_i18n-key","initiator"],"childShapes":[],"bounds":{"lowerRight":{"x":147,"y":291},"upperLeft":{"x":117,"y":261}},"specialproperties":{"formreference":{"type":"treeview","placeholder":"formkey"},"workformreference":{"type":"treeview","placeholder":"workformkey"}},"outputmappingproperties":{"fields":{"type":"complex","placeholders":[]},"executionlistener":{"type":"complex","placeholders":[]},"formproperties":{"type":"complex","placeholders":[]},"genericproperty":{"type":"complex","placeholders":[]}},"properties":{"stencilid":"cloudstartnoneevent","stencilsuperid":"StartNoneEvent","stencilsuperids":["StartNoneEvent"],"customstencil":"true","notes":"","async":false,"interrupting":true,"executionlistener":"","formreference":"","formkey":"","id":"startnoneevent1","trigger":"None","fontcolor":"","formproperties":"","genericproperty":"","fontsize":"","name":"","name_en_us":"","name_en_us-run":"","name_de_de":"","name_de_de-run":"","name_fr_fr":"","name_fr_fr-run":"","name_it_it":"","name_it_it-run":"","name_es_es":"","name_es_es-run":"","name-run":"","name_i18n-key":"","documentation":"","fontstyle":"","oldresourceid":"","fontweight":"","initiator":"initiator","workformfieldvalidation":false,"workformfieldvalidation-run":"","workformreference":"","workformkey":"","formfieldvalidation":false,"formfieldvalidation-run":"","exclusive":true,"bgcolor":"#ffffff","bordercolor":"#000000","customstencilid":"cloudstartnoneevent","customnamespace":"http://b3mn.org/stencilset/default.flowable.process.palette.xml#","xmlTag":"StartNoneEvent"},"ssextensions":[],"outgoing":[{"resourceId":"sequenceflow1"}],"dockers":[],"labels":[{"styles":{"fill":"#000000","size":"12","italic":false,"bold":false},"ref":"text_name"}]},{"resourceId":"formtask1","stencil":{"id":"Task"},"pathProperties":{},"xmlProperties":["exposeasmessageitems","formproperties","exposetoobjectitems","name","name_en_us","name_en_us-run","name_de_de","name_de_de-run","name_fr_fr","name_fr_fr-run","name_it_it","name_it_it-run","name_es_es","name_es_es-run","name-run","name_i18n-key"],"childShapes":[],"bounds":{"lowerRight":{"x":292,"y":316},"upperLeft":{"x":192,"y":236}},"specialproperties":{"securitypolicy":{"type":"treeview","placeholder":"securitypolicymodel"},"form_entry":{"type":"treeview","placeholder":"formtaskentry"}},"outputmappingproperties":{"exposeasmessageitems":{"type":"complex","placeholders":[]},"fields":{"type":"complex","placeholders":[]},"executionlistener":{"type":"complex","placeholders":[]},"formproperties":{"type":"complex","placeholders":[]},"exposetoobjectitems":{"type":"complex","placeholders":[]},"genericproperty":{"type":"complex","placeholders":[]},"tasklistener":{"type":"complex","placeholders":[]}},"properties":{"stencilid":"cloudformtask","stencilsuperid":"FormTask","stencilsuperids":["Task","FormTask"],"customstencil":"true","fontweight":"","notes":"","candidateusers":"","candidateusers-run":"","loopcardinality":"","skipexpression":"","oldresourceid":"","looptype":"None","loopelementindexvariable":"loopCounter","exposeasmessageitems":"","isforcompensation":false,"watchergroups":"","watchergroups-run":"","participantgroups":"","participantgroups-run":"","fontstyle":"","executionlistener":"","fontsize":"","loopelementvariable":"","bordercolor":"#000000","watcherusers":"","watcherusers-run":"","id":"formtask1","callacitivity":false,"customfolderpath":"","priority":"","assignee":"","assignee-run":"${initiator}","securitypolicy":"","securitypolicymodel":"","guid":"GEAR-c6577cd4-6530-4662-87b4-e2cc99929691","exclusive":true,"fontcolor":"","documentation":"","completioncondition":"","loopcollection":"","tasktype":"FormTask","owner":"","owner-run":"","exposetoobjectitems":"","candidategroups":"","candidategroups-run":"","form_entry":"FORM_MODEL-cdec8c8a-0bba-4715-98f5-6e17379c9883","formtaskentry":"mainFoorm","bgcolor":"#ffffff","participantusers":"","participantusers-run":"","categories":"","genericproperty":"","async":false,"duedate":"","tasklistener":"","formfieldvalidation":false,"formfieldvalidation-run":"","name":"Get Foo and Bar with Sub Forms","name_en_us":"Get Foo and Bar with Sub Forms","name_en_us-run":"","name_de_de":"","name_de_de-run":"","name_fr_fr":"","name_fr_fr-run":"","name_it_it":"","name_it_it-run":"","name_es_es":"","name_es_es-run":"","name-run":"","name_i18n-key":"","customstencilid":"cloudformtask","customnamespace":"http://b3mn.org/stencilset/default.flowable.process.palette.xml#","xmlTag":"FormTask"},"ssextensions":[],"outgoing":[{"resourceId":"sequenceflow2"}],"dockers":[],"labels":[{"styles":{"fill":"#000000","size":"12","italic":false,"bold":false},"ref":"text_name"}]},{"resourceId":"sequenceflow1","stencil":{"id":"SequenceFlow"},"pathProperties":{},"xmlProperties":["name","name_en_us","name_en_us-run","name_de_de","name_de_de-run","name_fr_fr","name_fr_fr-run","name_it_it","name_it_it-run","name_es_es","name_es_es-run","name-run","name_i18n-key"],"childShapes":[],"bounds":{"lowerRight":{"x":191,"y":276},"upperLeft":{"x":147,"y":276}},"outputmappingproperties":{"fields":{"type":"complex","placeholders":[]},"executionlistener":{"type":"complex","placeholders":[]},"genericproperty":{"type":"complex","placeholders":[]}},"properties":{"stencilid":"cloudsequenceflow","stencilsuperid":"SequenceFlow","stencilsuperids":["SequenceFlow"],"customstencil":"true","fontsize":"","notes":"","showdiamondmarker":false,"defaultflow":false,"executionlistener":"","conditiontype":"None","name":"","name_en_us":"","name_en_us-run":"","name_de_de":"","name_de_de-run":"","name_fr_fr":"","name_fr_fr-run":"","name_it_it":"","name_it_it-run":"","name_es_es":"","name_es_es-run":"","name-run":"","name_i18n-key":"","isimmediate":false,"skipexpression":"","fontcolor":"","fontweight":"","conditionexpression":"","genericproperty":"","documentation":"","bgcolor":"#ffffff","bordercolor":"#000000","fontstyle":"","id":"sequenceflow1","oldresourceid":"","customstencilid":"cloudsequenceflow","customnamespace":"http://b3mn.org/stencilset/default.flowable.process.palette.xml#","xmlTag":"SequenceFlow"},"ssextensions":[],"outgoing":[{"resourceId":"formtask1"}],"dockers":[{"x":15,"y":15},{"x":50,"y":40}],"labels":[{"styles":{"fill":"#000000","size":"12","italic":false,"bold":false},"ref":"text_name"}],"target":{"resourceId":"formtask1"}},{"resourceId":"endnoneevent1","stencil":{"id":"EndNoneEvent"},"pathProperties":{},"xmlProperties":["name","name_en_us","name_en_us-run","name_de_de","name_de_de-run","name_fr_fr","name_fr_fr-run","name_it_it","name_it_it-run","name_es_es","name_es_es-run","name-run","name_i18n-key"],"childShapes":[],"bounds":{"lowerRight":{"x":365,"y":290},"upperLeft":{"x":337,"y":262}},"outputmappingproperties":{"fields":{"type":"complex","placeholders":[]},"executionlistener":{"type":"complex","placeholders":[]},"genericproperty":{"type":"complex","placeholders":[]}},"properties":{"stencilid":"cloudendnoneevent","stencilsuperid":"EndNoneEvent","stencilsuperids":["EndNoneEvent"],"customstencil":"true","executionlistener":"","notes":"","bgcolor":"#ffffff","id":"endnoneevent1","name":"","name_en_us":"","name_en_us-run":"","name_de_de":"","name_de_de-run":"","name_fr_fr":"","name_fr_fr-run":"","name_it_it":"","name_it_it-run":"","name_es_es":"","name_es_es-run":"","name-run":"","name_i18n-key":"","trigger":"None","genericproperty":"","fontcolor":"","oldresourceid":"","fontstyle":"","bordercolor":"#000000","fontsize":"","documentation":"","terminateall":false,"fontweight":"","customstencilid":"cloudendnoneevent","customnamespace":"http://b3mn.org/stencilset/default.flowable.process.palette.xml#","xmlTag":"EndNoneEvent"},"ssextensions":[],"outgoing":[],"dockers":[],"labels":[{"styles":{"fill":"#000000","size":"12","italic":false,"bold":false},"ref":"text_name"}]},{"resourceId":"sequenceflow2","stencil":{"id":"SequenceFlow"},"pathProperties":{},"xmlProperties":["name","name_en_us","name_en_us-run","name_de_de","name_de_de-run","name_fr_fr","name_fr_fr-run","name_it_it","name_it_it-run","name_es_es","name_es_es-run","name-run","name_i18n-key"],"childShapes":[],"bounds":{"lowerRight":{"x":336,"y":276},"upperLeft":{"x":292,"y":276}},"outputmappingproperties":{"fields":{"type":"complex","placeholders":[]},"executionlistener":{"type":"complex","placeholders":[]},"genericproperty":{"type":"complex","placeholders":[]}},"properties":{"stencilid":"cloudsequenceflow","stencilsuperid":"SequenceFlow","stencilsuperids":["SequenceFlow"],"customstencil":"true","fontsize":"","notes":"","showdiamondmarker":false,"defaultflow":false,"executionlistener":"","conditiontype":"None","name":"","name_en_us":"","name_en_us-run":"","name_de_de":"","name_de_de-run":"","name_fr_fr":"","name_fr_fr-run":"","name_it_it":"","name_it_it-run":"","name_es_es":"","name_es_es-run":"","name-run":"","name_i18n-key":"","isimmediate":false,"skipexpression":"","fontcolor":"","fontweight":"","conditionexpression":"","genericproperty":"","documentation":"","bgcolor":"#ffffff","bordercolor":"#000000","fontstyle":"","id":"sequenceflow2","oldresourceid":"","customstencilid":"cloudsequenceflow","customnamespace":"http://b3mn.org/stencilset/default.flowable.process.palette.xml#","xmlTag":"SequenceFlow"},"ssextensions":[],"outgoing":[{"resourceId":"endnoneevent1"}],"dockers":[{"x":50,"y":40},{"x":14,"y":14}],"labels":[{"styles":{"fill":"#000000","size":"12","italic":false,"bold":false},"ref":"text_name"}],"target":{"resourceId":"endnoneevent1"}}],"bounds":{"lowerRight":{"x":1485,"y":1050},"upperLeft":{"x":0,"y":0}},"specialproperties":{"securitypolicy":{"type":"treeview","placeholder":"securitypolicymodel"}},"outputmappingproperties":{"genericproperty":{"type":"complex","placeholders":[]},"namespaces":{"type":"complex","placeholders":[]},"fields":{"type":"complex","placeholders":[]},"executionlistener":{"type":"complex","placeholders":[]},"dataproperties":{"type":"complex","placeholders":[]},"eventlisteners":{"type":"complex","placeholders":[]},"signaldefinitions":{"type":"complex","placeholders":[]},"messagedefinitions":{"type":"complex","placeholders":[]}},"properties":{"stencilid":"BPMNDiagram","stencilsuperid":"BPMNDiagram","stencilsuperids":["BPMNDiagram"],"customstencil":false,"id":"simpleProcessWithATaskReferencingAFormWithASubForm","notes":"","name":"Simple Process with a Task referencing a Form with a Sub Form","name_en_us":"","name_de_de":"","name_fr_fr":"","name_it_it":"","name_es_es":"","name_i18n-key":"","documentation":"","documentation_en_us":"","documentation_de_de":"","documentation_fr_fr":"","documentation_it_it":"","documentation_es_es":"","documentation_i18n-key":"","genericproperty":"","oldresourceid":"","guid":"PROCESS_MODEL-b5a967c2-08f9-40fd-a381-f513d488db81","labelexpression":"","version":"","author":"","language":"English","namespaces":"","creationdate":"2019-08-07T11:29:11.701Z","modificationdate":"2019-08-07T11:30:47.099Z","isexecutable":false,"isprocessexecutable":true,"fontsize":"12","fontweight":"normal","fontstyle":"normal","fontcolor":"#000000","securitypolicy":"","securitypolicymodel":"","customfolderpath":"","owner":"","owner-run":"","assignee":"","assignee-run":"","process_potentialstarteruser":"","process_potentialstarteruser-run":"","process_potentialstartergroup":"","process_potentialstartergroup-run":"","participantusers":"","participantusers-run":"","participantgroups":"","participantgroups-run":"","watcherusers":"","watcherusers-run":"","watchergroups":"","watchergroups-run":"","process_namespace":"","process_historylevel":"","executionlistener":"","dataproperties":"","eventlisteners":"","signaldefinitions":"","messagedefinitions":"","iseagerexecutionfetch":false,"initiator":"","process_author":"","xmlTag":"BPMNDiagram","description":"","key":"simpleProcessWithATaskReferencingAFormWithASubForm","process_id":"simpleProcessWithATaskReferencingAFormWithASubForm"},"ssextensions":["http://b3mn.org/stencilset/default.flowable.process.palette.xml#"],"stencilset":{"url":"./app/editor_stencilset","namespace":"http://b3mn.org/stencilset/bpmn2.0#"},"name":"Simple Process with a Task referencing a Form with a Sub Form","key":"simpleProcessWithATaskReferencingAFormWithASubForm"}}