{"id":"PROCESS_MODEL-14aeeeaa-0fe3-4fc5-a30f-382e6916e079","name":"Simple Process","key":"simpleProcess","description":"","editorJson":{"resourceId":"editor_PROCESS_MODEL-14aeeeaa-0fe3-4fc5-a30f-382e6916e079","stencil":{"id":"BPMNDiagram"},"pathProperties":{},"xmlProperties":[],"childShapes":[{"resourceId":"startnoneevent1","stencil":{"id":"StartNoneEvent"},"pathProperties":{},"xmlProperties":["formproperties","initiator","name","name_en_us","name_en_us-run","name_de_de","name_de_de-run","name_fr_fr","name_fr_fr-run","name_it_it","name_it_it-run","name_es_es","name_es_es-run","name-run","name_i18n-key"],"childShapes":[],"bounds":{"lowerRight":{"x":147,"y":291},"upperLeft":{"x":117,"y":261}},"specialproperties":{"workformreference":{"type":"treeview","placeholder":"workformkey"},"formreference":{"type":"treeview","placeholder":"formkey"}},"outputmappingproperties":{"formproperties":{"type":"complex","placeholders":[]},"genericproperty":{"type":"complex","placeholders":[]},"fields":{"type":"complex","placeholders":[]},"executionlistener":{"type":"complex","placeholders":[]}},"properties":{"stencilid":"cloudstartnoneevent","stencilsuperid":"StartNoneEvent","stencilsuperids":["StartNoneEvent"],"customstencil":"true","workformreference":"","workformkey":"","notes":"","formproperties":"","bordercolor":"#000000","fontcolor":"","formreference":"","formkey":"","interrupting":true,"workformfieldvalidation":false,"workformfieldvalidation-run":"","fontstyle":"","exclusive":true,"genericproperty":"","id":"startnoneevent1","documentation":"","executionlistener":"","initiator":"initiator","formfieldvalidation":false,"formfieldvalidation-run":"","fontweight":"","async":false,"fontsize":"","bgcolor":"#ffffff","oldresourceid":"","name":"","name_en_us":"","name_en_us-run":"","name_de_de":"","name_de_de-run":"","name_fr_fr":"","name_fr_fr-run":"","name_it_it":"","name_it_it-run":"","name_es_es":"","name_es_es-run":"","name-run":"","name_i18n-key":"","trigger":"None","customstencilid":"cloudstartnoneevent","customnamespace":"http://b3mn.org/stencilset/default.flowable.process.palette.xml#","xmlTag":"StartNoneEvent"},"ssextensions":[],"outgoing":[{"resourceId":"sequenceflow1"}],"dockers":[],"labels":[{"styles":{"fill":"#000000","size":"12","italic":false,"bold":false},"ref":"text_name"}]},{"resourceId":"formtask1","stencil":{"id":"Task"},"pathProperties":{},"xmlProperties":["exposeasmessageitems","formproperties","exposetoobjectitems","name","name_en_us","name_en_us-run","name_de_de","name_de_de-run","name_fr_fr","name_fr_fr-run","name_it_it","name_it_it-run","name_es_es","name_es_es-run","name-run","name_i18n-key"],"childShapes":[],"bounds":{"lowerRight":{"x":292,"y":316},"upperLeft":{"x":192,"y":236}},"specialproperties":{"securitypolicy":{"type":"treeview","placeholder":"securitypolicymodel"},"form_entry":{"type":"treeview","placeholder":"formtaskentry"}},"outputmappingproperties":{"fields":{"type":"complex","placeholders":[]},"tasklistener":{"type":"complex","placeholders":[]},"executionlistener":{"type":"complex","placeholders":[]},"exposeasmessageitems":{"type":"complex","placeholders":[]},"formproperties":{"type":"complex","placeholders":[]},"genericproperty":{"type":"complex","placeholders":[]},"exposetoobjectitems":{"type":"complex","placeholders":[]}},"properties":{"stencilid":"cloudformtask","stencilsuperid":"FormTask","stencilsuperids":["Task","FormTask"],"customstencil":"true","documentation":"","notes":"","loopelementvariable":"","isforcompensation":false,"exclusive":true,"participantgroups":"","participantgroups-run":"","callacitivity":false,"loopelementindexvariable":"loopCounter","duedate":"","id":"formtask1","securitypolicy":"","securitypolicymodel":"","tasklistener":"","looptype":"None","form_entry":"FORM_MODEL-78d4569e-bf21-453d-b887-0e1476f91ee0","formtaskentry":"fooForm","fontweight":"","completioncondition":"","loopcardinality":"","candidategroups":"","candidategroups-run":"","executionlistener":"","tasktype":"FormTask","categories":"","loopcollection":"","exposeasmessageitems":"","skipexpression":"","owner":"","owner-run":"","assignee":"","assignee-run":"${initiator}","fontstyle":"","participantusers":"","participantusers-run":"","customfolderpath":"","candidateusers":"","candidateusers-run":"","genericproperty":"","bgcolor":"#ffffff","bordercolor":"#000000","fontcolor":"","priority":"","guid":"GEAR-2bb79aba-399d-4b66-896b-bc3ed6cd2b69","watcherusers":"","watcherusers-run":"","async":false,"fontsize":"","formfieldvalidation":false,"formfieldvalidation-run":"","exposetoobjectitems":"","oldresourceid":"","watchergroups":"","watchergroups-run":"","name":"Simple task from a simple process","name_en_us":"Simple task from a simple process","name_en_us-run":"","name_de_de":"","name_de_de-run":"","name_fr_fr":"","name_fr_fr-run":"","name_it_it":"","name_it_it-run":"","name_es_es":"","name_es_es-run":"","name-run":"","name_i18n-key":"","customstencilid":"cloudformtask","customnamespace":"http://b3mn.org/stencilset/default.flowable.process.palette.xml#","xmlTag":"FormTask"},"ssextensions":[],"outgoing":[{"resourceId":"sequenceflow2"}],"dockers":[],"labels":[{"styles":{"fill":"#000000","size":"12","italic":false,"bold":false},"ref":"text_name"}]},{"resourceId":"sequenceflow1","stencil":{"id":"SequenceFlow"},"pathProperties":{},"xmlProperties":["name","name_en_us","name_en_us-run","name_de_de","name_de_de-run","name_fr_fr","name_fr_fr-run","name_it_it","name_it_it-run","name_es_es","name_es_es-run","name-run","name_i18n-key"],"childShapes":[],"bounds":{"lowerRight":{"x":191,"y":276},"upperLeft":{"x":147,"y":276}},"outputmappingproperties":{"genericproperty":{"type":"complex","placeholders":[]},"fields":{"type":"complex","placeholders":[]},"executionlistener":{"type":"complex","placeholders":[]}},"properties":{"stencilid":"cloudsequenceflow","stencilsuperid":"SequenceFlow","stencilsuperids":["SequenceFlow"],"customstencil":"true","id":"sequenceflow1","notes":"","oldresourceid":"","documentation":"","genericproperty":"","fontweight":"","name":"","name_en_us":"","name_en_us-run":"","name_de_de":"","name_de_de-run":"","name_fr_fr":"","name_fr_fr-run":"","name_it_it":"","name_it_it-run":"","name_es_es":"","name_es_es-run":"","name-run":"","name_i18n-key":"","conditiontype":"None","bgcolor":"#ffffff","skipexpression":"","fontcolor":"","conditionexpression":"","fontstyle":"","showdiamondmarker":false,"executionlistener":"","isimmediate":false,"fontsize":"","defaultflow":false,"bordercolor":"#000000","customstencilid":"cloudsequenceflow","customnamespace":"http://b3mn.org/stencilset/default.flowable.process.palette.xml#","xmlTag":"SequenceFlow"},"ssextensions":[],"outgoing":[{"resourceId":"formtask1"}],"dockers":[{"x":15,"y":15},{"x":50,"y":40}],"labels":[{"styles":{"fill":"#000000","size":"12","italic":false,"bold":false},"ref":"text_name"}],"target":{"resourceId":"formtask1"}},{"resourceId":"endnoneevent1","stencil":{"id":"EndNoneEvent"},"pathProperties":{},"xmlProperties":["name","name_en_us","name_en_us-run","name_de_de","name_de_de-run","name_fr_fr","name_fr_fr-run","name_it_it","name_it_it-run","name_es_es","name_es_es-run","name-run","name_i18n-key"],"childShapes":[],"bounds":{"lowerRight":{"x":365,"y":290},"upperLeft":{"x":337,"y":262}},"outputmappingproperties":{"genericproperty":{"type":"complex","placeholders":[]},"fields":{"type":"complex","placeholders":[]},"executionlistener":{"type":"complex","placeholders":[]}},"properties":{"stencilid":"cloudendnoneevent","stencilsuperid":"EndNoneEvent","stencilsuperids":["EndNoneEvent"],"customstencil":"true","id":"endnoneevent1","notes":"","genericproperty":"","fontstyle":"","oldresourceid":"","bordercolor":"#000000","fontweight":"","bgcolor":"#ffffff","fontsize":"","executionlistener":"","terminateall":false,"documentation":"","trigger":"None","name":"","name_en_us":"","name_en_us-run":"","name_de_de":"","name_de_de-run":"","name_fr_fr":"","name_fr_fr-run":"","name_it_it":"","name_it_it-run":"","name_es_es":"","name_es_es-run":"","name-run":"","name_i18n-key":"","fontcolor":"","customstencilid":"cloudendnoneevent","customnamespace":"http://b3mn.org/stencilset/default.flowable.process.palette.xml#","xmlTag":"EndNoneEvent"},"ssextensions":[],"outgoing":[],"dockers":[],"labels":[{"styles":{"fill":"#000000","size":"12","italic":false,"bold":false},"ref":"text_name"}]},{"resourceId":"sequenceflow2","stencil":{"id":"SequenceFlow"},"pathProperties":{},"xmlProperties":["name","name_en_us","name_en_us-run","name_de_de","name_de_de-run","name_fr_fr","name_fr_fr-run","name_it_it","name_it_it-run","name_es_es","name_es_es-run","name-run","name_i18n-key"],"childShapes":[],"bounds":{"lowerRight":{"x":336,"y":276},"upperLeft":{"x":292,"y":276}},"outputmappingproperties":{"genericproperty":{"type":"complex","placeholders":[]},"fields":{"type":"complex","placeholders":[]},"executionlistener":{"type":"complex","placeholders":[]}},"properties":{"stencilid":"cloudsequenceflow","stencilsuperid":"SequenceFlow","stencilsuperids":["SequenceFlow"],"customstencil":"true","id":"sequenceflow2","notes":"","oldresourceid":"","documentation":"","genericproperty":"","fontweight":"","name":"","name_en_us":"","name_en_us-run":"","name_de_de":"","name_de_de-run":"","name_fr_fr":"","name_fr_fr-run":"","name_it_it":"","name_it_it-run":"","name_es_es":"","name_es_es-run":"","name-run":"","name_i18n-key":"","conditiontype":"None","bgcolor":"#ffffff","skipexpression":"","fontcolor":"","conditionexpression":"","fontstyle":"","showdiamondmarker":false,"executionlistener":"","isimmediate":false,"fontsize":"","defaultflow":false,"bordercolor":"#000000","customstencilid":"cloudsequenceflow","customnamespace":"http://b3mn.org/stencilset/default.flowable.process.palette.xml#","xmlTag":"SequenceFlow"},"ssextensions":[],"outgoing":[{"resourceId":"endnoneevent1"}],"dockers":[{"x":50,"y":40},{"x":14,"y":14}],"labels":[{"styles":{"fill":"#000000","size":"12","italic":false,"bold":false},"ref":"text_name"}],"target":{"resourceId":"endnoneevent1"}}],"bounds":{"lowerRight":{"x":1485,"y":1050},"upperLeft":{"x":0,"y":0}},"specialproperties":{"securitypolicy":{"type":"treeview","placeholder":"securitypolicymodel"}},"outputmappingproperties":{"genericproperty":{"type":"complex","placeholders":[]},"namespaces":{"type":"complex","placeholders":[]},"fields":{"type":"complex","placeholders":[]},"executionlistener":{"type":"complex","placeholders":[]},"dataproperties":{"type":"complex","placeholders":[]},"eventlisteners":{"type":"complex","placeholders":[]},"signaldefinitions":{"type":"complex","placeholders":[]},"messagedefinitions":{"type":"complex","placeholders":[]}},"properties":{"stencilid":"BPMNDiagram","stencilsuperid":"BPMNDiagram","stencilsuperids":["BPMNDiagram"],"customstencil":false,"id":"simpleProcess","notes":"","name":"Simple Process","name_en_us":"","name_de_de":"","name_fr_fr":"","name_it_it":"","name_es_es":"","name_i18n-key":"","documentation":"","documentation_en_us":"","documentation_de_de":"","documentation_fr_fr":"","documentation_it_it":"","documentation_es_es":"","documentation_i18n-key":"","genericproperty":"","oldresourceid":"","guid":"PROCESS_MODEL-14aeeeaa-0fe3-4fc5-a30f-382e6916e079","labelexpression":"","version":"","author":"","language":"English","namespaces":"","creationdate":"2019-08-06T10:42:58.037Z","modificationdate":"2019-08-06T10:54:35.405Z","isexecutable":false,"isprocessexecutable":true,"fontsize":"12","fontweight":"normal","fontstyle":"normal","fontcolor":"#000000","securitypolicy":"","securitypolicymodel":"","customfolderpath":"","owner":"","owner-run":"","assignee":"","assignee-run":"","process_potentialstarteruser":"","process_potentialstarteruser-run":"","process_potentialstartergroup":"","process_potentialstartergroup-run":"","participantusers":"","participantusers-run":"","participantgroups":"","participantgroups-run":"","watcherusers":"","watcherusers-run":"","watchergroups":"","watchergroups-run":"","process_namespace":"","process_historylevel":"","executionlistener":"","dataproperties":"","eventlisteners":"","signaldefinitions":"","messagedefinitions":"","iseagerexecutionfetch":false,"initiator":"","process_author":"","xmlTag":"BPMNDiagram","description":""},"ssextensions":["http://b3mn.org/stencilset/default.flowable.process.palette.xml#"],"stencilset":{"url":"./app/editor_stencilset","namespace":"http://b3mn.org/stencilset/bpmn2.0#"}}}