{"id":"APP_MODEL-9e422c8e-1f36-4255-b541-46b678112ed1","name":"error-and-exception-handling","key":"errorAndExceptionHandling","description":"","editorJson":{"models":[{"id":"PROCESS_MODEL-02ab56c6-6981-4685-8c11-0fda5cfe8e0e","name":"book-company-flight","version":8,"modelType":0,"description":null,"stencilSetId":null,"createdBy":"b4e3ddb3-47a0-4e08-9657-5a68af609db2","lastUpdatedBy":"b4e3ddb3-47a0-4e08-9657-5a68af609db2","lastUpdated":"2019-06-05T13:49:05.995+0000","key":"book-company-flight"}],"formModels":[{"id":"FORM_MODEL-30c336d6-e2f3-4fcf-8b82-a912c1b342d7","name":"approve-flight","version":2,"modelType":2,"description":"","stencilSetId":null,"createdBy":"b4e3ddb3-47a0-4e08-9657-5a68af609db2","lastUpdatedBy":"b4e3ddb3-47a0-4e08-9657-5a68af609db2","lastUpdated":"2019-06-05T13:11:32.618+0000","key":"approve-flight"},{"id":"FORM_MODEL-3ab4d166-0df5-4df9-a273-459758596b65","name":"flight-booking-form","version":3,"modelType":2,"description":"","stencilSetId":null,"createdBy":"b4e3ddb3-47a0-4e08-9657-5a68af609db2","lastUpdatedBy":"b4e3ddb3-47a0-4e08-9657-5a68af609db2","lastUpdated":"2019-06-05T13:05:23.526+0000","key":"flight-booking-form"}],"theme":"theme-10","icon":"glyphicon-plane","flowApp":false}}