{"id":"APP_MODEL-4efb306c-b4e6-4288-b576-a4acee2956c5","name":"error-and-exception-handling","key":"errorAndExceptionHandling","description":"","editorJson":{"models":[{"id":"PROCESS_MODEL-2598e7ff-f3ea-4b8a-b39e-57dc576b3efb","name":"book-company-flight","version":1,"modelType":0,"description":null,"stencilSetId":null,"createdBy":"f626710e-9289-42c1-80e0-1d3d005f85d5","lastUpdatedBy":"f626710e-9289-42c1-80e0-1d3d005f85d5","lastUpdated":"2019-10-14T13:17:57.836+0000","key":"book-company-flight"},{"id":"PROCESS_MODEL-8389a2fc-f3d5-4ca2-839a-bd91e1cb0a96","name":"custom-error-message","version":6,"modelType":0,"description":"","stencilSetId":null,"createdBy":"f626710e-9289-42c1-80e0-1d3d005f85d5","lastUpdatedBy":"f626710e-9289-42c1-80e0-1d3d005f85d5","lastUpdated":"2019-10-14T14:03:28.389+0000","key":"custom-error-message"}],"formModels":[{"id":"FORM_MODEL-4b2e22ae-ed51-44ab-ad34-663df6a4bf9e","name":"approve-flight","version":3,"modelType":2,"description":"","stencilSetId":null,"createdBy":"f626710e-9289-42c1-80e0-1d3d005f85d5","lastUpdatedBy":"f626710e-9289-42c1-80e0-1d3d005f85d5","lastUpdated":"2019-10-14T13:50:58.276+0000","key":"approve-flight"},{"id":"FORM_MODEL-822b9da0-8498-4f42-a197-a686af93377c","name":"flight-booking-form","version":1,"modelType":2,"description":"","stencilSetId":null,"createdBy":"f626710e-9289-42c1-80e0-1d3d005f85d5","lastUpdatedBy":"f626710e-9289-42c1-80e0-1d3d005f85d5","lastUpdated":"2019-10-14T13:17:57.714+0000","key":"flight-booking-form"}],"theme":"theme-10","icon":"glyphicon-plane","flowApp":false}}