{"id":"APP_MODEL-f2a8d4b9-e1c5-48e5-bdd9-0e04c021e398","name":"Template Engine App","key":"templateEngineApp","description":"","editorJson":{"models":[{"id":"PROCESS_MODEL-9bd9cccd-1ab3-4891-a930-714d02eb340f","name":"Order Pizza","version":6,"modelType":0,"description":"","stencilSetId":null,"createdBy":"b4e3ddb3-47a0-4e08-9657-5a68af609db2","lastUpdatedBy":"b4e3ddb3-47a0-4e08-9657-5a68af609db2","lastUpdated":"2019-06-07T13:51:16.545+0000","key":"orderPizza"}],"formModels":[{"id":"FORM_MODEL-0a9bee50-8b87-423c-9453-ef349680507f","name":"Prepare Pizza Order","version":7,"modelType":2,"description":"","stencilSetId":null,"createdBy":"b4e3ddb3-47a0-4e08-9657-5a68af609db2","lastUpdatedBy":"b4e3ddb3-47a0-4e08-9657-5a68af609db2","lastUpdated":"2019-06-07T18:04:49.058+0000","key":"preparePizzaOrder"},{"id":"FORM_MODEL-d6be23e8-471d-45e2-b6cb-fa44db03960c","name":"pizzaLine","version":3,"modelType":2,"description":"","stencilSetId":null,"createdBy":"b4e3ddb3-47a0-4e08-9657-5a68af609db2","lastUpdatedBy":"b4e3ddb3-47a0-4e08-9657-5a68af609db2","lastUpdated":"2019-06-07T13:17:03.593+0000","key":"pizzaLine"}],"theme":"theme-6","icon":"glyphicon-phone-alt","flowApp":false}}