{"id":"APP_MODEL-7520b1a7-4ea2-488a-9847-943ca0f0d407","name":"integrate-with-external-systems","key":"integrate-with-external-systems","description":"","editorJson":{"models":[{"id":"PROCESS_MODEL-e6119544-bddf-43b6-bd23-5e12a7559228","name":"process-trading-order","version":12,"modelType":0,"description":"","stencilSetId":null,"createdBy":"b4e3ddb3-47a0-4e08-9657-5a68af609db2","lastUpdatedBy":"b4e3ddb3-47a0-4e08-9657-5a68af609db2","lastUpdated":"2019-06-05T19:19:21.891+0000","key":"process-trading-order"}],"formModels":[{"id":"FORM_MODEL-ae5e2f96-a437-444a-97a5-452af6beaed5","name":"trading-form","version":23,"modelType":2,"description":"","stencilSetId":null,"createdBy":"b4e3ddb3-47a0-4e08-9657-5a68af609db2","lastUpdatedBy":"b4e3ddb3-47a0-4e08-9657-5a68af609db2","lastUpdated":"2019-06-05T19:19:17.966+0000","key":"trading-form"}],"theme":"theme-4","icon":"glyphicon-euro","flowApp":false}}