{"id":"FORM_MODEL-30c336d6-e2f3-4fcf-8b82-a912c1b342d7","name":"approve-flight","key":"approve-flight","description":"","editorJson":{"resourceId":"editor_FORM_MODEL-30c336d6-e2f3-4fcf-8b82-a912c1b342d7","stencil":{"id":"XForm"},"pathProperties":{"id":"id","name":"name","creationdate":"creationdate","modificationdate":"modificationdate","outcomes":"outcomes","outcomevariablename":"outcomeVariableName","dialog-size":"dialogSize","dialog-title":"dialogTitle","dialog-description":"dialogDescription"},"xmlProperties":[],"childShapes":[{"resourceId":"panel1","stencil":{"id":"SlotPanel"},"pathProperties":{"id":"id"},"xmlProperties":[],"childShapes":[{"resourceId":"checkbox1","stencil":{"id":"Component"},"pathProperties":{"id":"id","ignored":"ignore","ignored-run":"ignore","node-type":"type","col-span":"size","visible":"visible","visible-run":"visible","enabled":"enabled","enabled-run":"enabled","label-position":"labelAlign","style-class":"styleClass","value":"value","required":"isRequired","required-run":"isRequired","default-value":"defaultValue","default-value-run":"defaultValue","label":"label","label_en_us":"i18n.en_us.label","label_de_de":"i18n.de_de.label","label_fr_fr":"i18n.fr_fr.label","label_it_it":"i18n.it_it.label","label_es_es":"i18n.es_es.label","label_i18n-key":"label","description":"description","description_en_us":"i18n.en_us.description","description_de_de":"i18n.de_de.description","description_fr_fr":"i18n.fr_fr.description","description_it_it":"i18n.it_it.description","description_es_es":"i18n.es_es.description","description_i18n-key":"description","tooltip":"tooltip","tooltip_en_us":"i18n.en_us.tooltip","tooltip_de_de":"i18n.de_de.tooltip","tooltip_fr_fr":"i18n.fr_fr.tooltip","tooltip_it_it":"i18n.it_it.tooltip","tooltip_es_es":"i18n.es_es.tooltip","tooltip_i18n-key":"tooltip"},"xmlProperties":[],"childShapes":[],"bounds":{"lowerRight":{"x":984,"y":73},"upperLeft":{"x":507,"y":25}},"properties":{"stencilid":"cloud-checkbox","stencilsuperid":"Component","stencilsuperids":["Component"],"customstencil":true,"id":"checkbox1","notes":"","ignored":false,"ignored-run":"","col-align":"fill","col":7,"node-type":"boolean","col-span":"1","visible":true,"visible-run":"","enabled":true,"enabled-run":"","row-weight":"","documentation":"","label-position":"top","style-class":"","label-align":"top-left","description-align":"left","value":"{{longHaulApproved}}","row":1,"required":false,"required-run":"","size":6,"description-position":"bottom","default-value":false,"default-value-run":"","label":"Approve Long Haul Flight","label_en_us":"Approve Long Haul Flight","label_de_de":"Label","label_fr_fr":"Label","label_it_it":"Label","label_es_es":"Label","label_i18n-key":"","col-weight":"","description":"","description_en_us":"","description_de_de":"","description_fr_fr":"","description_it_it":"","description_es_es":"","description_i18n-key":"","row-align":"top","width":"200","height":"","bordercolor":"#000000","tooltip":"","tooltip_en_us":"","tooltip_de_de":"","tooltip_fr_fr":"","tooltip_it_it":"","tooltip_es_es":"","tooltip_i18n-key":"","customstencilid":"cloud-checkbox","customnamespace":"http://b3mn.org/stencilset/default.flowable.form.palette.xml#","xmlTag":"boolean"},"ssextensions":[],"outgoing":[],"dockers":[],"labels":[{"styles":{"fill":"#000000","size":"12","italic":false,"bold":false},"ref":"label_text"},{"styles":{"fill":"#000000","size":"12","italic":false,"bold":false},"ref":"input_text"},{"styles":{"fill":"#000000","size":"12","italic":false,"bold":false},"ref":"input_dependent_text"},{"styles":{"fill":"#000000","size":"12","italic":false,"bold":false},"ref":"desc_text"}]},{"resourceId":"text1","stencil":{"id":"Component"},"pathProperties":{"value":"value","validation-regexp":"validationRegExp","default-value":"defaultValue","col-span":"size","max-length":"extraSettings.maxLength","validation-mask-error-msg":"validationMaskErrorMessage","validation-mask-error-msg_en_us":"i18n.en_us.validationMaskErrorMessage","validation-mask-error-msg_de_de":"i18n.de_de.validationMaskErrorMessage","validation-mask-error-msg_fr_fr":"i18n.fr_fr.validationMaskErrorMessage","validation-mask-error-msg_it_it":"i18n.it_it.validationMaskErrorMessage","validation-mask-error-msg_es_es":"i18n.es_es.validationMaskErrorMessage","validation-mask-error-msg_i18n-key":"validationMaskErrorMessage","validation-mask":"validationMask","description":"description","description_en_us":"i18n.en_us.description","description_de_de":"i18n.de_de.description","description_fr_fr":"i18n.fr_fr.description","description_it_it":"i18n.it_it.description","description_es_es":"i18n.es_es.description","description_i18n-key":"description","validation-regexp-error-msg":"validationRegExpErrorMessage","validation-regexp-error-msg_en_us":"i18n.en_us.validationRegExpErrorMessage","validation-regexp-error-msg_de_de":"i18n.de_de.validationRegExpErrorMessage","validation-regexp-error-msg_fr_fr":"i18n.fr_fr.validationRegExpErrorMessage","validation-regexp-error-msg_it_it":"i18n.it_it.validationRegExpErrorMessage","validation-regexp-error-msg_es_es":"i18n.es_es.validationRegExpErrorMessage","validation-regexp-error-msg_i18n-key":"validationRegExpErrorMessage","style-class":"styleClass","label":"label","label_en_us":"i18n.en_us.label","label_de_de":"i18n.de_de.label","label_fr_fr":"i18n.fr_fr.label","label_it_it":"i18n.it_it.label","label_es_es":"i18n.es_es.label","label_i18n-key":"label","id":"id","min-length-error-msg":"minLengthErrorMessage","min-length-error-msg_en_us":"i18n.en_us.minLengthErrorMessage","min-length-error-msg_de_de":"i18n.de_de.minLengthErrorMessage","min-length-error-msg_fr_fr":"i18n.fr_fr.minLengthErrorMessage","min-length-error-msg_it_it":"i18n.it_it.minLengthErrorMessage","min-length-error-msg_es_es":"i18n.es_es.minLengthErrorMessage","min-length-error-msg_i18n-key":"minLengthErrorMessage","visible":"visible","visible-run":"visible","ignored":"ignore","ignored-run":"ignore","max-length-error-msg":"maxLengthErrorMessage","max-length-error-msg_en_us":"i18n.en_us.maxLengthErrorMessage","max-length-error-msg_de_de":"i18n.de_de.maxLengthErrorMessage","max-length-error-msg_fr_fr":"i18n.fr_fr.maxLengthErrorMessage","max-length-error-msg_it_it":"i18n.it_it.maxLengthErrorMessage","max-length-error-msg_es_es":"i18n.es_es.maxLengthErrorMessage","max-length-error-msg_i18n-key":"maxLengthErrorMessage","required":"isRequired","required-run":"isRequired","tooltip":"tooltip","tooltip_en_us":"i18n.en_us.tooltip","tooltip_de_de":"i18n.de_de.tooltip","tooltip_fr_fr":"i18n.fr_fr.tooltip","tooltip_it_it":"i18n.it_it.tooltip","tooltip_es_es":"i18n.es_es.tooltip","tooltip_i18n-key":"tooltip","min-length":"extraSettings.minLength","label-position":"labelAlign","enabled":"enabled","enabled-run":"enabled"},"xmlProperties":["validation-regexp","validation-mask-error-msg","validation-mask-error-msg_en_us","validation-mask-error-msg_de_de","validation-mask-error-msg_fr_fr","validation-mask-error-msg_it_it","validation-mask-error-msg_es_es","validation-mask-error-msg_i18n-key","validation-mask","validation-regexp-error-msg","validation-regexp-error-msg_en_us","validation-regexp-error-msg_de_de","validation-regexp-error-msg_fr_fr","validation-regexp-error-msg_it_it","validation-regexp-error-msg_es_es","validation-regexp-error-msg_i18n-key","min-length-error-msg","min-length-error-msg_en_us","min-length-error-msg_de_de","min-length-error-msg_fr_fr","min-length-error-msg_it_it","min-length-error-msg_es_es","min-length-error-msg_i18n-key","min-length"],"childShapes":[],"bounds":{"lowerRight":{"x":492,"y":73},"upperLeft":{"x":15,"y":25}},"properties":{"stencilid":"cloud-text","stencilsuperid":"Component","stencilsuperids":["Component"],"customstencil":true,"value":"{{initiator}}","notes":"","row-weight":"","validation-regexp":"","default-value":"","col-span":"1","max-length":"","validation-mask-error-msg":"","validation-mask-error-msg_en_us":"","validation-mask-error-msg_de_de":"","validation-mask-error-msg_fr_fr":"","validation-mask-error-msg_it_it":"","validation-mask-error-msg_es_es":"","validation-mask-error-msg_i18n-key":"","documentation":"","width":"200","validation-mask":"","description":"","description_en_us":"","description_de_de":"","description_fr_fr":"","description_it_it":"","description_es_es":"","description_i18n-key":"","description-align":"left","validation-regexp-error-msg":"","validation-regexp-error-msg_en_us":"","validation-regexp-error-msg_de_de":"","validation-regexp-error-msg_fr_fr":"","validation-regexp-error-msg_it_it":"","validation-regexp-error-msg_es_es":"","validation-regexp-error-msg_i18n-key":"","height":"","col-weight":"","style-class":"","label":"User","label_en_us":"User","label_de_de":"Label","label_fr_fr":"Label","label_it_it":"Label","label_es_es":"Label","label_i18n-key":"","col":1,"row-align":"top","id":"text1","node-type":"","min-length-error-msg":"","min-length-error-msg_en_us":"","min-length-error-msg_de_de":"","min-length-error-msg_fr_fr":"","min-length-error-msg_it_it":"","min-length-error-msg_es_es":"","min-length-error-msg_i18n-key":"","visible":true,"visible-run":"","ignored":false,"ignored-run":"","col-align":"fill","row":1,"max-length-error-msg":"","max-length-error-msg_en_us":"","max-length-error-msg_de_de":"","max-length-error-msg_fr_fr":"","max-length-error-msg_it_it":"","max-length-error-msg_es_es":"","max-length-error-msg_i18n-key":"","required":false,"required-run":"","tooltip":"","tooltip_en_us":"","tooltip_de_de":"","tooltip_fr_fr":"","tooltip_it_it":"","tooltip_es_es":"","tooltip_i18n-key":"","min-length":"","label-position":"top","enabled":true,"enabled-run":"","size":6,"bordercolor":"#000000","description-position":"bottom","label-align":"top-left","customstencilid":"cloud-text","customnamespace":"http://b3mn.org/stencilset/default.flowable.form.palette.xml#","xmlTag":"text"},"ssextensions":[],"outgoing":[],"dockers":[],"labels":[{"styles":{"fill":"#000000","size":"12","italic":false,"bold":false},"ref":"label_text"},{"styles":{"fill":"#000000","size":"12","italic":false,"bold":false},"ref":"input_text"},{"styles":{"fill":"#000000","size":"12","italic":false,"bold":false},"ref":"desc_text"}]}],"bounds":{"lowerRight":{"x":1049,"y":148},"upperLeft":{"x":50,"y":50}},"oldResourceId":"sid-8D9FC954-EB33-4C05-ADF0-5706EF50E974","properties":{"stencilid":"SlotPanel","stencilsuperid":"SlotPanel","stencilsuperids":["SlotPanel"],"customstencil":true,"id":"panel1","notes":"","width":"300","xmlTag":"panel"},"ssextensions":[],"outgoing":[],"dockers":[]}],"bounds":{"lowerRight":{"x":1485,"y":1050},"upperLeft":{"x":0,"y":0}},"outputmappingproperties":{"outcomes":{"type":"complex","placeholders":[]}},"properties":{"stencilid":"XForm","stencilsuperid":"XForm","stencilsuperids":["XForm"],"customstencil":true,"id":"approve-flight","notes":"","guid":"FORM_MODEL-30c336d6-e2f3-4fcf-8b82-a912c1b342d7","stylesheet":"","name":"approve-flight","creationdate":"2019-06-05T13:10:51.831Z","modificationdate":"2019-06-05T13:11:32.618Z","outcomes":"","outcomevariablename":"","dialog-size":"","dialog-title":"","dialog-description":"","xmlTag":"XForm","description":""},"ssextensions":["http://b3mn.org/stencilset/default.flowable.form.palette.xml#"],"stencilset":{"url":"./app/editor_stencilset","namespace":"http://b3mn.org/stencilset/xforms#"}}}