{"id":"FORM_MODEL-3ab4d166-0df5-4df9-a273-459758596b65","name":"flight-booking-form","key":"flight-booking-form","description":"","editorJson":{"resourceId":"editor_FORM_MODEL-3ab4d166-0df5-4df9-a273-459758596b65","stencil":{"id":"XForm"},"pathProperties":{"id":"id","name":"name","creationdate":"creationdate","modificationdate":"modificationdate","outcomes":"outcomes","outcomevariablename":"outcomeVariableName","dialog-size":"dialogSize","dialog-title":"dialogTitle","dialog-description":"dialogDescription"},"xmlProperties":[],"childShapes":[{"resourceId":"panel1","stencil":{"id":"SlotPanel"},"pathProperties":{"id":"id"},"xmlProperties":[],"childShapes":[{"resourceId":"single-select2","stencil":{"id":"Component"},"pathProperties":{"selection-error-msg":"extraSettings.selectionErrorMessage","selection-error-msg_en_us":"i18n.en_us.extraSettings.selectionErrorMessage","selection-error-msg_de_de":"i18n.de_de.extraSettings.selectionErrorMessage","selection-error-msg_fr_fr":"i18n.fr_fr.extraSettings.selectionErrorMessage","selection-error-msg_it_it":"i18n.it_it.extraSettings.selectionErrorMessage","selection-error-msg_es_es":"i18n.es_es.extraSettings.selectionErrorMessage","selection-error-msg_i18n-key":"extraSettings.selectionErrorMessage","link-target-view":"extraSettings.linkTargetView","label":"label","label_en_us":"i18n.en_us.label","label_de_de":"i18n.de_de.label","label_fr_fr":"i18n.fr_fr.label","label_it_it":"i18n.it_it.label","label_es_es":"i18n.es_es.label","label_i18n-key":"label","auto-complete-type":"extraSettings.storage","tags-enabled":"extraSettings.tagsEnabled","description":"description","description_en_us":"i18n.en_us.description","description_de_de":"i18n.de_de.description","description_fr_fr":"i18n.fr_fr.description","description_it_it":"i18n.it_it.description","description_es_es":"i18n.es_es.description","description_i18n-key":"description","min-error-msg":"extraSettings.minItemsErrorMessage","min-error-msg_en_us":"i18n.en_us.extraSettings.minItemsErrorMessage","min-error-msg_de_de":"i18n.de_de.extraSettings.minItemsErrorMessage","min-error-msg_fr_fr":"i18n.fr_fr.extraSettings.minItemsErrorMessage","min-error-msg_it_it":"i18n.it_it.extraSettings.minItemsErrorMessage","min-error-msg_es_es":"i18n.es_es.extraSettings.minItemsErrorMessage","min-error-msg_i18n-key":"extraSettings.minItemsErrorMessage","path":"extraSettings.path","min-items":"extraSettings.minItems","min-items-run":"extraSettings.minItems","label-position":"labelAlign","ignored":"ignore","ignored-run":"ignore","datasource":"extraSettings.dataSource","options":"extraSettings.items","options_en_us":"i18n.en_us.extraSettings.items","options_en_us-run":"i18n.en_us.extraSettings.items","options_de_de":"i18n.de_de.extraSettings.items","options_de_de-run":"i18n.de_de.extraSettings.items","options_fr_fr":"i18n.fr_fr.extraSettings.items","options_fr_fr-run":"i18n.fr_fr.extraSettings.items","options_it_it":"i18n.it_it.extraSettings.items","options_it_it-run":"i18n.it_it.extraSettings.items","options_es_es":"i18n.es_es.extraSettings.items","options_es_es-run":"i18n.es_es.extraSettings.items","options-run":"extraSettings.items","options_i18n-key":"extraSettings.items","serialize-item":"extraSettings.identity","search-query":"extraSettings.searchQuery","preselect-all":"extraSettings.preselectAll","col-span":"size","max-error-msg":"extraSettings.maxItemsErrorMessage","max-error-msg_en_us":"i18n.en_us.extraSettings.maxItemsErrorMessage","max-error-msg_de_de":"i18n.de_de.extraSettings.maxItemsErrorMessage","max-error-msg_fr_fr":"i18n.fr_fr.extraSettings.maxItemsErrorMessage","max-error-msg_it_it":"i18n.it_it.extraSettings.maxItemsErrorMessage","max-error-msg_es_es":"i18n.es_es.extraSettings.maxItemsErrorMessage","max-error-msg_i18n-key":"extraSettings.maxItemsErrorMessage","enabled":"enabled","enabled-run":"enabled","autocomplete-min-length":"extraSettings.autocompleteMinLength","lookup-url":"extraSettings.lookupUrl","lookup-url-run":"extraSettings.lookupUrl","value":"value","link-target":"extraSettings.linkTarget","default-value":"defaultValue","tooltip":"tooltip","tooltip_en_us":"i18n.en_us.tooltip","tooltip_de_de":"i18n.de_de.tooltip","tooltip_fr_fr":"i18n.fr_fr.tooltip","tooltip_it_it":"i18n.it_it.tooltip","tooltip_es_es":"i18n.es_es.tooltip","tooltip_i18n-key":"tooltip","format-item":"extraSettings.formatItem","style-class":"styleClass","required":"isRequired","required-run":"isRequired","max-items":"extraSettings.maxItems","max-items-run":"extraSettings.maxItems","link-item":"extraSettings.linkUrl","query-url":"extraSettings.queryUrl","query-url-run":"extraSettings.queryUrl","enable-autocomplete":"extraSettings.enableAutocomplete","id":"id","multi":"extraSettings.multi","visible":"visible","visible-run":"visible"},"xmlProperties":["auto-complete-type","tags-enabled","path","serialize-item","preselect-all","lookup-url","lookup-url-run","format-item","link-item","query-url","query-url-run"],"childShapes":[],"bounds":{"lowerRight":{"x":984,"y":73},"upperLeft":{"x":15,"y":25}},"outputmappingproperties":{"options":{"type":"complex","placeholders":[]},"options_en_us":{"type":"complex","placeholders":[]},"options_de_de":{"type":"complex","placeholders":[]},"options_fr_fr":{"type":"complex","placeholders":[]},"options_it_it":{"type":"complex","placeholders":[]},"options_es_es":{"type":"complex","placeholders":[]}},"properties":{"stencilid":"cloud-single-select","stencilsuperid":"Component","stencilsuperids":["Component"],"customstencil":true,"selection-error-msg":"","selection-error-msg_en_us":"","selection-error-msg_de_de":"","selection-error-msg_fr_fr":"","selection-error-msg_it_it":"","selection-error-msg_es_es":"","selection-error-msg_i18n-key":"","notes":"","label-align":"top-left","link-target-view":"browse","col":1,"label":"Where from?","label_en_us":"Where from?","label_de_de":"Label","label_fr_fr":"Label","label_it_it":"Label","label_es_es":"Label","label_i18n-key":"","auto-complete-type":"Id","tags-enabled":false,"description":"","description_en_us":"","description_de_de":"","description_fr_fr":"","description_it_it":"","description_es_es":"","description_i18n-key":"","description-align":"left","min-error-msg":"","min-error-msg_en_us":"","min-error-msg_de_de":"","min-error-msg_fr_fr":"","min-error-msg_it_it":"","min-error-msg_es_es":"","min-error-msg_i18n-key":"","path":"","min-items":"","min-items-run":"","label-position":"top","ignored":false,"ignored-run":"","row-align":"top","datasource":"Static","options":{"totalCount":5,"items":[{"text":"Zürich","value":"ZRH"},{"text":"Valencia","value":"VLC"},{"text":"Madrid","value":"MAD"},{"text":"Denver","value":"DEN"},{"text":"Singapore","value":"SIN"}]},"options_en_us":{"totalCount":5,"items":[{"text":"Zürich","value":"ZRH"},{"text":"Valencia","value":"VLC"},{"text":"Madrid","value":"MAD"},{"text":"Denver","value":"DEN"},{"text":"Singapore","value":"SIN"}]},"options_en_us-run":"","options_de_de":"","options_de_de-run":"","options_fr_fr":"","options_fr_fr-run":"","options_it_it":"","options_it_it-run":"","options_es_es":"","options_es_es-run":"","options-run":"","options_i18n-key":"","serialize-item":"value","search-query":"","preselect-all":false,"height":"","width":"200","col-span":"1","max-error-msg":"","max-error-msg_en_us":"","max-error-msg_de_de":"","max-error-msg_fr_fr":"","max-error-msg_it_it":"","max-error-msg_es_es":"","max-error-msg_i18n-key":"","enabled":true,"enabled-run":"","autocomplete-min-length":"1","row-weight":"","lookup-url":"","lookup-url-run":"","description-position":"bottom","value":"{{whereFrom}}","size":12,"link-target":"_blank","default-value":"","tooltip":"","tooltip_en_us":"","tooltip_de_de":"","tooltip_fr_fr":"","tooltip_it_it":"","tooltip_es_es":"","tooltip_i18n-key":"","format-item":"","style-class":"","col-align":"fill","required":false,"required-run":"","row":1,"max-items":"","max-items-run":"","link-item":"","documentation":"","query-url":"","query-url-run":"","col-weight":"","enable-autocomplete":false,"id":"single-select2","node-type":"","multi":false,"visible":true,"visible-run":"","customstencilid":"cloud-single-select","customnamespace":"http://b3mn.org/stencilset/default.flowable.form.palette.xml#","xmlTag":"select"},"ssextensions":[],"outgoing":[],"dockers":[],"labels":[{"styles":{"fill":"#000000","size":"12","italic":false,"bold":false},"ref":"label_text"},{"styles":{"fill":"#000000","size":"12","italic":false,"bold":false},"ref":"input_text"},{"styles":{"fill":"#000000","size":"12","italic":false,"bold":false},"ref":"desc_text"}]},{"resourceId":"single-select3","stencil":{"id":"Component"},"pathProperties":{"selection-error-msg":"extraSettings.selectionErrorMessage","selection-error-msg_en_us":"i18n.en_us.extraSettings.selectionErrorMessage","selection-error-msg_de_de":"i18n.de_de.extraSettings.selectionErrorMessage","selection-error-msg_fr_fr":"i18n.fr_fr.extraSettings.selectionErrorMessage","selection-error-msg_it_it":"i18n.it_it.extraSettings.selectionErrorMessage","selection-error-msg_es_es":"i18n.es_es.extraSettings.selectionErrorMessage","selection-error-msg_i18n-key":"extraSettings.selectionErrorMessage","link-target-view":"extraSettings.linkTargetView","label":"label","label_en_us":"i18n.en_us.label","label_de_de":"i18n.de_de.label","label_fr_fr":"i18n.fr_fr.label","label_it_it":"i18n.it_it.label","label_es_es":"i18n.es_es.label","label_i18n-key":"label","auto-complete-type":"extraSettings.storage","tags-enabled":"extraSettings.tagsEnabled","description":"description","description_en_us":"i18n.en_us.description","description_de_de":"i18n.de_de.description","description_fr_fr":"i18n.fr_fr.description","description_it_it":"i18n.it_it.description","description_es_es":"i18n.es_es.description","description_i18n-key":"description","min-error-msg":"extraSettings.minItemsErrorMessage","min-error-msg_en_us":"i18n.en_us.extraSettings.minItemsErrorMessage","min-error-msg_de_de":"i18n.de_de.extraSettings.minItemsErrorMessage","min-error-msg_fr_fr":"i18n.fr_fr.extraSettings.minItemsErrorMessage","min-error-msg_it_it":"i18n.it_it.extraSettings.minItemsErrorMessage","min-error-msg_es_es":"i18n.es_es.extraSettings.minItemsErrorMessage","min-error-msg_i18n-key":"extraSettings.minItemsErrorMessage","path":"extraSettings.path","min-items":"extraSettings.minItems","min-items-run":"extraSettings.minItems","label-position":"labelAlign","ignored":"ignore","ignored-run":"ignore","datasource":"extraSettings.dataSource","options":"extraSettings.items","options_en_us":"i18n.en_us.extraSettings.items","options_en_us-run":"i18n.en_us.extraSettings.items","options_de_de":"i18n.de_de.extraSettings.items","options_de_de-run":"i18n.de_de.extraSettings.items","options_fr_fr":"i18n.fr_fr.extraSettings.items","options_fr_fr-run":"i18n.fr_fr.extraSettings.items","options_it_it":"i18n.it_it.extraSettings.items","options_it_it-run":"i18n.it_it.extraSettings.items","options_es_es":"i18n.es_es.extraSettings.items","options_es_es-run":"i18n.es_es.extraSettings.items","options-run":"extraSettings.items","options_i18n-key":"extraSettings.items","serialize-item":"extraSettings.identity","search-query":"extraSettings.searchQuery","preselect-all":"extraSettings.preselectAll","col-span":"size","max-error-msg":"extraSettings.maxItemsErrorMessage","max-error-msg_en_us":"i18n.en_us.extraSettings.maxItemsErrorMessage","max-error-msg_de_de":"i18n.de_de.extraSettings.maxItemsErrorMessage","max-error-msg_fr_fr":"i18n.fr_fr.extraSettings.maxItemsErrorMessage","max-error-msg_it_it":"i18n.it_it.extraSettings.maxItemsErrorMessage","max-error-msg_es_es":"i18n.es_es.extraSettings.maxItemsErrorMessage","max-error-msg_i18n-key":"extraSettings.maxItemsErrorMessage","enabled":"enabled","enabled-run":"enabled","autocomplete-min-length":"extraSettings.autocompleteMinLength","lookup-url":"extraSettings.lookupUrl","lookup-url-run":"extraSettings.lookupUrl","value":"value","link-target":"extraSettings.linkTarget","default-value":"defaultValue","tooltip":"tooltip","tooltip_en_us":"i18n.en_us.tooltip","tooltip_de_de":"i18n.de_de.tooltip","tooltip_fr_fr":"i18n.fr_fr.tooltip","tooltip_it_it":"i18n.it_it.tooltip","tooltip_es_es":"i18n.es_es.tooltip","tooltip_i18n-key":"tooltip","format-item":"extraSettings.formatItem","style-class":"styleClass","required":"isRequired","required-run":"isRequired","max-items":"extraSettings.maxItems","max-items-run":"extraSettings.maxItems","link-item":"extraSettings.linkUrl","query-url":"extraSettings.queryUrl","query-url-run":"extraSettings.queryUrl","enable-autocomplete":"extraSettings.enableAutocomplete","id":"id","multi":"extraSettings.multi","visible":"visible","visible-run":"visible"},"xmlProperties":["auto-complete-type","tags-enabled","path","serialize-item","preselect-all","lookup-url","lookup-url-run","format-item","link-item","query-url","query-url-run"],"childShapes":[],"bounds":{"lowerRight":{"x":984,"y":146},"upperLeft":{"x":15,"y":98}},"outputmappingproperties":{"options":{"type":"complex","placeholders":[]},"options_en_us":{"type":"complex","placeholders":[]},"options_de_de":{"type":"complex","placeholders":[]},"options_fr_fr":{"type":"complex","placeholders":[]},"options_it_it":{"type":"complex","placeholders":[]},"options_es_es":{"type":"complex","placeholders":[]}},"properties":{"stencilid":"cloud-single-select","stencilsuperid":"Component","stencilsuperids":["Component"],"customstencil":true,"selection-error-msg":"","selection-error-msg_en_us":"","selection-error-msg_de_de":"","selection-error-msg_fr_fr":"","selection-error-msg_it_it":"","selection-error-msg_es_es":"","selection-error-msg_i18n-key":"","notes":"","label-align":"top-left","link-target-view":"browse","col":1,"label":"Where to?","label_en_us":"Where to?","label_de_de":"Label","label_fr_fr":"Label","label_it_it":"Label","label_es_es":"Label","label_i18n-key":"","auto-complete-type":"Id","tags-enabled":false,"description":"","description_en_us":"","description_de_de":"","description_fr_fr":"","description_it_it":"","description_es_es":"","description_i18n-key":"","description-align":"left","min-error-msg":"","min-error-msg_en_us":"","min-error-msg_de_de":"","min-error-msg_fr_fr":"","min-error-msg_it_it":"","min-error-msg_es_es":"","min-error-msg_i18n-key":"","path":"","min-items":"","min-items-run":"","label-position":"top","ignored":false,"ignored-run":"","row-align":"top","datasource":"Static","options":{"totalCount":5,"items":[{"text":"Zürich","value":"ZRH"},{"text":"Valencia","value":"VAL"},{"text":"Madrid","value":"MAD"},{"text":"Denver","value":"DEN"},{"text":"Singapore","value":"SIN"}]},"options_en_us":{"totalCount":5,"items":[{"text":"Zürich","value":"ZRH"},{"text":"Valencia","value":"VAL"},{"text":"Madrid","value":"MAD"},{"text":"Denver","value":"DEN"},{"text":"Singapore","value":"SIN"}]},"options_en_us-run":"","options_de_de":"","options_de_de-run":"","options_fr_fr":"","options_fr_fr-run":"","options_it_it":"","options_it_it-run":"","options_es_es":"","options_es_es-run":"","options-run":"","options_i18n-key":"","serialize-item":"value","search-query":"","preselect-all":false,"height":"","width":"200","col-span":"1","max-error-msg":"","max-error-msg_en_us":"","max-error-msg_de_de":"","max-error-msg_fr_fr":"","max-error-msg_it_it":"","max-error-msg_es_es":"","max-error-msg_i18n-key":"","enabled":true,"enabled-run":"","autocomplete-min-length":"1","row-weight":"","lookup-url":"","lookup-url-run":"","description-position":"bottom","value":"{{whereTo}}","size":12,"link-target":"_blank","default-value":"","tooltip":"","tooltip_en_us":"","tooltip_de_de":"","tooltip_fr_fr":"","tooltip_it_it":"","tooltip_es_es":"","tooltip_i18n-key":"","format-item":"","style-class":"","col-align":"fill","required":false,"required-run":"","row":2,"max-items":"","max-items-run":"","link-item":"","documentation":"","query-url":"","query-url-run":"","col-weight":"","enable-autocomplete":false,"id":"single-select3","node-type":"","multi":false,"visible":true,"visible-run":"","customstencilid":"cloud-single-select","customnamespace":"http://b3mn.org/stencilset/default.flowable.form.palette.xml#","xmlTag":"select"},"ssextensions":[],"outgoing":[],"dockers":[],"labels":[{"styles":{"fill":"#000000","size":"12","italic":false,"bold":false},"ref":"label_text"},{"styles":{"fill":"#000000","size":"12","italic":false,"bold":false},"ref":"input_text"},{"styles":{"fill":"#000000","size":"12","italic":false,"bold":false},"ref":"desc_text"}]},{"resourceId":"checkbox1","stencil":{"id":"Component"},"pathProperties":{"id":"id","ignored":"ignore","ignored-run":"ignore","node-type":"type","col-span":"size","visible":"visible","visible-run":"visible","enabled":"enabled","enabled-run":"enabled","label-position":"labelAlign","style-class":"styleClass","value":"value","required":"isRequired","required-run":"isRequired","default-value":"defaultValue","default-value-run":"defaultValue","label":"label","label_en_us":"i18n.en_us.label","label_de_de":"i18n.de_de.label","label_fr_fr":"i18n.fr_fr.label","label_it_it":"i18n.it_it.label","label_es_es":"i18n.es_es.label","label_i18n-key":"label","description":"description","description_en_us":"i18n.en_us.description","description_de_de":"i18n.de_de.description","description_fr_fr":"i18n.fr_fr.description","description_it_it":"i18n.it_it.description","description_es_es":"i18n.es_es.description","description_i18n-key":"description","tooltip":"tooltip","tooltip_en_us":"i18n.en_us.tooltip","tooltip_de_de":"i18n.de_de.tooltip","tooltip_fr_fr":"i18n.fr_fr.tooltip","tooltip_it_it":"i18n.it_it.tooltip","tooltip_es_es":"i18n.es_es.tooltip","tooltip_i18n-key":"tooltip"},"xmlProperties":[],"childShapes":[],"bounds":{"lowerRight":{"x":984,"y":219},"upperLeft":{"x":15,"y":171}},"properties":{"stencilid":"cloud-checkbox","stencilsuperid":"Component","stencilsuperids":["Component"],"customstencil":true,"id":"checkbox1","notes":"","ignored":false,"ignored-run":"","col-align":"fill","col":1,"node-type":"boolean","col-span":"1","visible":true,"visible-run":"","enabled":true,"enabled-run":"","row-weight":"","documentation":"","label-position":"top","style-class":"","label-align":"top-left","description-align":"left","value":"{{flightServiceAvailable}}","row":3,"required":false,"required-run":"","size":12,"description-position":"bottom","default-value":true,"default-value-run":"","label":"Flight service available","label_en_us":"Flight service available","label_de_de":"Label","label_fr_fr":"Label","label_it_it":"Label","label_es_es":"Label","label_i18n-key":"","col-weight":"","description":"","description_en_us":"","description_de_de":"","description_fr_fr":"","description_it_it":"","description_es_es":"","description_i18n-key":"","row-align":"top","width":"200","height":"","bordercolor":"#000000","tooltip":"","tooltip_en_us":"","tooltip_de_de":"","tooltip_fr_fr":"","tooltip_it_it":"","tooltip_es_es":"","tooltip_i18n-key":"","customstencilid":"cloud-checkbox","customnamespace":"http://b3mn.org/stencilset/default.flowable.form.palette.xml#","xmlTag":"boolean"},"ssextensions":[],"outgoing":[],"dockers":[],"labels":[{"styles":{"fill":"#000000","size":"12","italic":false,"bold":false},"ref":"label_text"},{"styles":{"fill":"#000000","size":"12","italic":false,"bold":false},"ref":"input_text"},{"styles":{"fill":"#000000","size":"12","italic":false,"bold":false},"ref":"input_dependent_text"},{"styles":{"fill":"#000000","size":"12","italic":false,"bold":false},"ref":"desc_text"}]}],"bounds":{"lowerRight":{"x":1049,"y":294},"upperLeft":{"x":50,"y":50}},"oldResourceId":"sid-8D9FC954-EB33-4C05-ADF0-5706EF50E974","properties":{"stencilid":"SlotPanel","stencilsuperid":"SlotPanel","stencilsuperids":["SlotPanel"],"customstencil":true,"id":"panel1","notes":"","width":"300","xmlTag":"panel"},"ssextensions":[],"outgoing":[],"dockers":[]}],"bounds":{"lowerRight":{"x":1485,"y":1050},"upperLeft":{"x":0,"y":0}},"outputmappingproperties":{"outcomes":{"type":"complex","placeholders":[]}},"properties":{"stencilid":"XForm","stencilsuperid":"XForm","stencilsuperids":["XForm"],"customstencil":true,"id":"flight-booking-form","notes":"","guid":"FORM_MODEL-3ab4d166-0df5-4df9-a273-459758596b65","stylesheet":"","name":"flight-booking-form","creationdate":"2019-06-05T12:53:32.395Z","modificationdate":"2019-06-05T13:05:23.526Z","outcomes":"","outcomevariablename":"","dialog-size":"","dialog-title":"","dialog-description":"","xmlTag":"XForm","description":""},"ssextensions":["http://b3mn.org/stencilset/default.flowable.form.palette.xml#"],"stencilset":{"url":"./app/editor_stencilset","namespace":"http://b3mn.org/stencilset/xforms#"}}}