{"id":"APP_MODEL-03d9749b-8694-41b1-b2ec-f4afdabfd2b6","name":"Indexing Training","key":"indexingTraining","description":"","editorJson":{"cmmnModels":[{"id":"CASE_MODEL-b9de6bc1-b64b-4b9b-8ce0-54f5790caa03","name":"Employee Travel Request","version":1,"modelType":5,"description":"","stencilSetId":null,"createdBy":"8fd371e2-adb7-4c6b-982d-62b827436617","lastUpdatedBy":"8fd371e2-adb7-4c6b-982d-62b827436617","lastUpdated":"2019-07-02T10:52:43.370+0000","key":"employeeTravelRequest"}],"pages":[{"id":"PAGE_MODEL-e352e74a-13c2-4897-9778-59334e271062","name":"indexing-training-page","version":5,"modelType":9,"description":"","stencilSetId":null,"createdBy":"8fd371e2-adb7-4c6b-982d-62b827436617","lastUpdatedBy":"8fd371e2-adb7-4c6b-982d-62b827436617","lastUpdated":"2019-07-02T13:25:33.058+0000","key":"indexingTrainingPage","accessPermissions":"","label":"Filter by origin","url":"indexingTrainingPage"},{"id":"PAGE_MODEL-c5aee385-21bf-449b-99e1-ca929d22ebaa","name":"indexing-training-page-2","version":9,"modelType":9,"description":"","stencilSetId":null,"createdBy":"8fd371e2-adb7-4c6b-982d-62b827436617","lastUpdatedBy":"8fd371e2-adb7-4c6b-982d-62b827436617","lastUpdated":"2019-07-02T14:46:23.305+0000","key":"indexingTrainingPage2","accessPermissions":"","label":"Filter by destination","url":"indexingTrainingPage2"}],"theme":"theme-4","icon":"glyphicon-stats","name":"Indexing Training","key":"indexingTraining","flowApp":true,"url":"indexingTraining"}}