{"id":"PROCESS_MODEL-ca4677bc-fd47-481d-8181-22f19601e975","name":"Custom Service Task Example","key":"customServiceTaskExample","description":"","editorJson":{"resourceId":"editor_PROCESS_MODEL-ca4677bc-fd47-481d-8181-22f19601e975","stencil":{"id":"BPMNDiagram"},"pathProperties":{},"xmlProperties":[],"childShapes":[{"resourceId":"startnoneevent1","stencil":{"id":"StartNoneEvent"},"pathProperties":{},"xmlProperties":["initiator","name","name_en_us","name_en_us-run","name_de_de","name_de_de-run","name_fr_fr","name_fr_fr-run","name_it_it","name_it_it-run","name_es_es","name_es_es-run","name-run","name_i18n-key","formproperties"],"childShapes":[],"bounds":{"lowerRight":{"x":135,"y":296},"upperLeft":{"x":105,"y":266}},"specialproperties":{"workformreference":{"type":"treeview","placeholder":"workformkey"},"formreference":{"type":"treeview","placeholder":"formkey"}},"outputmappingproperties":{"genericproperty":{"type":"complex","placeholders":[]},"fields":{"type":"complex","placeholders":[]},"executionlistener":{"type":"complex","placeholders":[]},"formproperties":{"type":"complex","placeholders":[]}},"properties":{"stencilid":"cloudstartnoneevent","stencilsuperid":"StartNoneEvent","stencilsuperids":["StartNoneEvent"],"customstencil":"true","interrupting":true,"notes":"","bordercolor":"#000000","initiator":"initiator","genericproperty":"","id":"startnoneevent1","documentation":"","fontsize":"","fontstyle":"","trigger":"None","executionlistener":"","workformreference":"","workformkey":"","fontweight":"","name":"","name_en_us":"","name_en_us-run":"","name_de_de":"","name_de_de-run":"","name_fr_fr":"","name_fr_fr-run":"","name_it_it":"","name_it_it-run":"","name_es_es":"","name_es_es-run":"","name-run":"","name_i18n-key":"","fontcolor":"","bgcolor":"#ffffff","async":false,"formreference":"","formkey":"","oldresourceid":"","formproperties":"","exclusive":true,"customstencilid":"cloudstartnoneevent","customnamespace":"http://b3mn.org/stencilset/default.flowable.process.palette.xml#","xmlTag":"StartNoneEvent"},"ssextensions":[],"outgoing":[{"resourceId":"sequenceflow1"}],"dockers":[],"labels":[{"styles":{"fill":"#000000","size":"12","italic":false,"bold":false},"ref":"text_name"}]},{"resourceId":"getstarwarstriviatask1","stencil":{"id":"Task"},"pathProperties":{},"xmlProperties":["triviatype","targetvariable","name","name_en_us","name_en_us-run","name_de_de","name_de_de-run","name_fr_fr","name_fr_fr-run","name_it_it","name_it_it-run","name_es_es","name_es_es-run","name-run","name_i18n-key"],"childShapes":[],"bounds":{"lowerRight":{"x":296,"y":321},"upperLeft":{"x":196,"y":241}},"outputmappingproperties":{"fields":{"type":"complex","placeholders":[]},"executionlistener":{"type":"complex","placeholders":[]},"classfields":{"type":"complex","placeholders":[]},"genericproperty":{"type":"complex","placeholders":[]}},"properties":{"stencilid":"getstarwarstriviatask","stencilsuperid":"ServiceTask","stencilsuperids":["Task","ServiceTask"],"customstencil":"true","callacitivity":false,"notes":"","guid":"GEAR-410a62cb-ca94-46df-83f4-2c70b9702336","loopcardinality":"","fontweight":"","fontcolor":"","documentation":"","oldresourceid":"","id":"getstarwarstriviatask1","bgcolor":"#ffffff","loopelementindexvariable":"loopCounter","fontsize":"","looptype":"None","loopcollection":"","exclusive":true,"loopelementvariable":"","skipexpression":"","completioncondition":"","categories":"","fontstyle":"","isforcompensation":false,"executionlistener":"","bordercolor":"#000000","async":false,"triviatype":"people","targetvariable":"starwarsFacts","name":"Get Starwars Trivia","name_en_us":"Get Starwars Trivia","name_en_us-run":"","name_de_de":"","name_de_de-run":"","name_fr_fr":"","name_fr_fr-run":"","name_it_it":"","name_it_it-run":"","name_es_es":"","name_es_es-run":"","name-run":"","name_i18n-key":"","overwrite":"","tasktype":"Service","delegateexpression":"${getStarwarsTriviaTask}","expression":"","resultvariable":"","class":"","classfields":"","servicetasktriggerable":false,"servicetaskuselocalscopeforresultvariable":false,"genericproperty":"","customstencilid":"getstarwarstriviatask","customnamespace":"http://b3mn.org/stencilset/training.dp.process.palette.xml#","xmlTag":"ServiceTask"},"ssextensions":[],"outgoing":[{"resourceId":"sequenceflow2"}],"dockers":[],"labels":[{"styles":{"fill":"#000000","size":"12","italic":false,"bold":false},"ref":"text_name"}]},{"resourceId":"sequenceflow1","stencil":{"id":"SequenceFlow"},"pathProperties":{},"xmlProperties":["name","name_en_us","name_en_us-run","name_de_de","name_de_de-run","name_fr_fr","name_fr_fr-run","name_it_it","name_it_it-run","name_es_es","name_es_es-run","name-run","name_i18n-key"],"childShapes":[],"bounds":{"lowerRight":{"x":195,"y":281},"upperLeft":{"x":135,"y":281}},"outputmappingproperties":{"fields":{"type":"complex","placeholders":[]},"executionlistener":{"type":"complex","placeholders":[]},"genericproperty":{"type":"complex","placeholders":[]}},"properties":{"stencilid":"cloudsequenceflow","stencilsuperid":"SequenceFlow","stencilsuperids":["SequenceFlow"],"customstencil":"true","notes":"","executionlistener":"","id":"sequenceflow1","conditionexpression":"","skipexpression":"","showdiamondmarker":false,"name":"","name_en_us":"","name_en_us-run":"","name_de_de":"","name_de_de-run":"","name_fr_fr":"","name_fr_fr-run":"","name_it_it":"","name_it_it-run":"","name_es_es":"","name_es_es-run":"","name-run":"","name_i18n-key":"","fontsize":"","documentation":"","fontweight":"","genericproperty":"","bordercolor":"#000000","defaultflow":false,"oldresourceid":"","fontstyle":"","fontcolor":"","isimmediate":false,"conditiontype":"None","bgcolor":"#ffffff","customstencilid":"cloudsequenceflow","customnamespace":"http://b3mn.org/stencilset/default.flowable.process.palette.xml#","xmlTag":"SequenceFlow"},"ssextensions":[],"outgoing":[{"resourceId":"getstarwarstriviatask1"}],"dockers":[{"x":15,"y":15},{"x":50,"y":40}],"labels":[{"styles":{"fill":"#000000","size":"12","italic":false,"bold":false},"ref":"text_name"}],"target":{"resourceId":"getstarwarstriviatask1"}},{"resourceId":"endnoneevent1","stencil":{"id":"EndNoneEvent"},"pathProperties":{},"xmlProperties":["name","name_en_us","name_en_us-run","name_de_de","name_de_de-run","name_fr_fr","name_fr_fr-run","name_it_it","name_it_it-run","name_es_es","name_es_es-run","name-run","name_i18n-key"],"childShapes":[],"bounds":{"lowerRight":{"x":485,"y":295},"upperLeft":{"x":457,"y":267}},"outputmappingproperties":{"fields":{"type":"complex","placeholders":[]},"executionlistener":{"type":"complex","placeholders":[]},"genericproperty":{"type":"complex","placeholders":[]}},"properties":{"stencilid":"cloudendnoneevent","stencilsuperid":"EndNoneEvent","stencilsuperids":["EndNoneEvent"],"customstencil":"true","bgcolor":"#ffffff","notes":"","oldresourceid":"","fontcolor":"","documentation":"","id":"endnoneevent1","terminateall":false,"fontstyle":"","name":"","name_en_us":"","name_en_us-run":"","name_de_de":"","name_de_de-run":"","name_fr_fr":"","name_fr_fr-run":"","name_it_it":"","name_it_it-run":"","name_es_es":"","name_es_es-run":"","name-run":"","name_i18n-key":"","bordercolor":"#000000","trigger":"None","executionlistener":"","fontweight":"","genericproperty":"","fontsize":"","customstencilid":"cloudendnoneevent","customnamespace":"http://b3mn.org/stencilset/default.flowable.process.palette.xml#","xmlTag":"EndNoneEvent"},"ssextensions":[],"outgoing":[],"dockers":[],"labels":[{"styles":{"fill":"#000000","size":"12","italic":false,"bold":false},"ref":"text_name"}]},{"resourceId":"sequenceflow2","stencil":{"id":"SequenceFlow"},"pathProperties":{},"xmlProperties":["name","name_en_us","name_en_us-run","name_de_de","name_de_de-run","name_fr_fr","name_fr_fr-run","name_it_it","name_it_it-run","name_es_es","name_es_es-run","name-run","name_i18n-key"],"childShapes":[],"bounds":{"lowerRight":{"x":330,"y":281},"upperLeft":{"x":296,"y":281}},"outputmappingproperties":{"fields":{"type":"complex","placeholders":[]},"executionlistener":{"type":"complex","placeholders":[]},"genericproperty":{"type":"complex","placeholders":[]}},"properties":{"stencilid":"cloudsequenceflow","stencilsuperid":"SequenceFlow","stencilsuperids":["SequenceFlow"],"customstencil":"true","notes":"","executionlistener":"","id":"sequenceflow2","conditionexpression":"","skipexpression":"","showdiamondmarker":false,"name":"","name_en_us":"","name_en_us-run":"","name_de_de":"","name_de_de-run":"","name_fr_fr":"","name_fr_fr-run":"","name_it_it":"","name_it_it-run":"","name_es_es":"","name_es_es-run":"","name-run":"","name_i18n-key":"","fontsize":"","documentation":"","fontweight":"","genericproperty":"","bordercolor":"#000000","defaultflow":false,"oldresourceid":"","fontstyle":"","fontcolor":"","isimmediate":false,"conditiontype":"None","bgcolor":"#ffffff","customstencilid":"cloudsequenceflow","customnamespace":"http://b3mn.org/stencilset/default.flowable.process.palette.xml#","xmlTag":"SequenceFlow"},"ssextensions":[],"outgoing":[{"resourceId":"formtask1"}],"dockers":[{"x":50,"y":40},{"x":50,"y":40}],"labels":[{"styles":{"fill":"#000000","size":"12","italic":false,"bold":false},"ref":"text_name"}],"target":{"resourceId":"formtask1"}},{"resourceId":"formtask1","stencil":{"id":"Task"},"pathProperties":{},"xmlProperties":["exposetoobjectitems","exposeasmessageitems","formproperties","name","name_en_us","name_en_us-run","name_de_de","name_de_de-run","name_fr_fr","name_fr_fr-run","name_it_it","name_it_it-run","name_es_es","name_es_es-run","name-run","name_i18n-key"],"childShapes":[],"bounds":{"lowerRight":{"x":431,"y":321},"upperLeft":{"x":331,"y":241}},"specialproperties":{"form_entry":{"type":"treeview","placeholder":"formtaskentry"}},"outputmappingproperties":{"fields":{"type":"complex","placeholders":[]},"tasklistener":{"type":"complex","placeholders":[]},"exposetoobjectitems":{"type":"complex","placeholders":[]},"executionlistener":{"type":"complex","placeholders":[]},"exposeasmessageitems":{"type":"complex","placeholders":[]},"formproperties":{"type":"complex","placeholders":[]},"genericproperty":{"type":"complex","placeholders":[]}},"properties":{"stencilid":"cloudformtask","stencilsuperid":"FormTask","stencilsuperids":["Task","FormTask"],"customstencil":"true","looptype":"None","notes":"","completioncondition":"","tasklistener":"","exposetoobjectitems":"","skipexpression":"","loopcardinality":"","loopelementvariable":"","async":false,"participantgroups":"","participantgroups-run":"","id":"formtask1","oldresourceid":"","isforcompensation":false,"participantusers":"","participantusers-run":"","owner":"","owner-run":"","assignee":"","assignee-run":"${initiator}","priority":"","loopcollection":"","fontcolor":"","candidateusers":"","candidateusers-run":"","executionlistener":"","exposeasmessageitems":"","watcherusers":"","watcherusers-run":"","tasktype":"FormTask","candidategroups":"","candidategroups-run":"","bgcolor":"#ffffff","fontweight":"","callacitivity":false,"categories":"","guid":"GEAR-36fda1be-25a1-41e7-a063-27161348ce17","fontstyle":"","form_entry":"FORM_MODEL-4aead5e6-6dd3-4bf9-a344-3c00bdb72459","formtaskentry":"showTriviaForm","duedate":"","loopelementindexvariable":"loopCounter","genericproperty":"","fontsize":"","securitypolicymodel":"","watchergroups":"","watchergroups-run":"","exclusive":true,"documentation":"","bordercolor":"#000000","name":"Show Trivia","name_en_us":"Show Trivia","name_en_us-run":"","name_de_de":"","name_de_de-run":"","name_fr_fr":"","name_fr_fr-run":"","name_it_it":"","name_it_it-run":"","name_es_es":"","name_es_es-run":"","name-run":"","name_i18n-key":"","customstencilid":"cloudformtask","customnamespace":"http://b3mn.org/stencilset/default.flowable.process.palette.xml#","xmlTag":"FormTask"},"ssextensions":[],"outgoing":[{"resourceId":"sequenceflow3"}],"dockers":[],"labels":[{"styles":{"fill":"#000000","size":"12","italic":false,"bold":false},"ref":"text_name"}]},{"resourceId":"sequenceflow3","stencil":{"id":"SequenceFlow"},"pathProperties":{},"xmlProperties":["name","name_en_us","name_en_us-run","name_de_de","name_de_de-run","name_fr_fr","name_fr_fr-run","name_it_it","name_it_it-run","name_es_es","name_es_es-run","name-run","name_i18n-key"],"childShapes":[],"bounds":{"lowerRight":{"x":456,"y":281},"upperLeft":{"x":431,"y":281}},"outputmappingproperties":{"fields":{"type":"complex","placeholders":[]},"executionlistener":{"type":"complex","placeholders":[]},"genericproperty":{"type":"complex","placeholders":[]}},"properties":{"stencilid":"cloudsequenceflow","stencilsuperid":"SequenceFlow","stencilsuperids":["SequenceFlow"],"customstencil":"true","notes":"","executionlistener":"","id":"sequenceflow3","conditionexpression":"","skipexpression":"","showdiamondmarker":false,"name":"","name_en_us":"","name_en_us-run":"","name_de_de":"","name_de_de-run":"","name_fr_fr":"","name_fr_fr-run":"","name_it_it":"","name_it_it-run":"","name_es_es":"","name_es_es-run":"","name-run":"","name_i18n-key":"","fontsize":"","documentation":"","fontweight":"","genericproperty":"","bordercolor":"#000000","defaultflow":false,"oldresourceid":"","fontstyle":"","fontcolor":"","isimmediate":false,"conditiontype":"None","bgcolor":"#ffffff","customstencilid":"cloudsequenceflow","customnamespace":"http://b3mn.org/stencilset/default.flowable.process.palette.xml#","xmlTag":"SequenceFlow"},"ssextensions":[],"outgoing":[{"resourceId":"endnoneevent1"}],"dockers":[{"x":50,"y":40},{"x":14,"y":14}],"labels":[{"styles":{"fill":"#000000","size":"12","italic":false,"bold":false},"ref":"text_name"}],"target":{"resourceId":"endnoneevent1"}}],"bounds":{"lowerRight":{"x":1485,"y":1050},"upperLeft":{"x":0,"y":0}},"outputmappingproperties":{"genericproperty":{"type":"complex","placeholders":[]},"namespaces":{"type":"complex","placeholders":[]},"fields":{"type":"complex","placeholders":[]},"executionlistener":{"type":"complex","placeholders":[]},"dataproperties":{"type":"complex","placeholders":[]},"eventlisteners":{"type":"complex","placeholders":[]},"signaldefinitions":{"type":"complex","placeholders":[]},"messagedefinitions":{"type":"complex","placeholders":[]}},"properties":{"stencilid":"BPMNDiagram","stencilsuperid":"BPMNDiagram","stencilsuperids":["BPMNDiagram"],"customstencil":false,"id":"customServiceTaskExample","notes":"","name":"Custom Service Task Example","name_en_us":"","name_de_de":"","name_fr_fr":"","name_it_it":"","name_es_es":"","name_i18n-key":"","documentation":"","documentation_en_us":"","documentation_de_de":"","documentation_fr_fr":"","documentation_it_it":"","documentation_es_es":"","documentation_i18n-key":"","genericproperty":"","oldresourceid":"","guid":"PROCESS_MODEL-ca4677bc-fd47-481d-8181-22f19601e975","labelexpression":"","version":"","author":"","language":"English","namespaces":"","creationdate":"2019-06-03T14:33:30.580Z","modificationdate":"2019-06-03T19:03:45.741Z","isexecutable":false,"isprocessexecutable":true,"fontsize":"12","fontweight":"normal","fontstyle":"normal","fontcolor":"#000000","securitypolicymodel":"","owner":"","owner-run":"","assignee":"","assignee-run":"","process_potentialstarteruser":"","process_potentialstarteruser-run":"","process_potentialstartergroup":"","process_potentialstartergroup-run":"","participantusers":"","participantusers-run":"","participantgroups":"","participantgroups-run":"","watcherusers":"","watcherusers-run":"","watchergroups":"","watchergroups-run":"","process_namespace":"","process_historylevel":"","executionlistener":"","dataproperties":"","eventlisteners":"","signaldefinitions":"","messagedefinitions":"","iseagerexecutionfetch":false,"initiator":"","process_author":"","xmlTag":"BPMNDiagram","description":""},"ssextensions":["http://b3mn.org/stencilset/default.flowable.process.palette.xml#","http://b3mn.org/stencilset/training.dp.process.palette.xml#"],"stencilset":{"url":"./app/editor_stencilset","namespace":"http://b3mn.org/stencilset/bpmn2.0#"}}}