{"id":"PROCESS_MODEL-9bd9cccd-1ab3-4891-a930-714d02eb340f","name":"Order Pizza","key":"orderPizza","description":"","editorJson":{"resourceId":"editor_PROCESS_MODEL-9bd9cccd-1ab3-4891-a930-714d02eb340f","stencil":{"id":"BPMNDiagram"},"pathProperties":{},"xmlProperties":[],"childShapes":[{"resourceId":"startnoneevent1","stencil":{"id":"StartNoneEvent"},"pathProperties":{},"xmlProperties":["formproperties","initiator","name","name_en_us","name_en_us-run","name_de_de","name_de_de-run","name_fr_fr","name_fr_fr-run","name_it_it","name_it_it-run","name_es_es","name_es_es-run","name-run","name_i18n-key"],"childShapes":[],"bounds":{"lowerRight":{"x":147,"y":291},"upperLeft":{"x":117,"y":261}},"specialproperties":{"workformreference":{"type":"treeview","placeholder":"workformkey"},"formreference":{"type":"treeview","placeholder":"formkey"}},"outputmappingproperties":{"formproperties":{"type":"complex","placeholders":[]},"genericproperty":{"type":"complex","placeholders":[]},"fields":{"type":"complex","placeholders":[]},"executionlistener":{"type":"complex","placeholders":[]}},"properties":{"stencilid":"cloudstartnoneevent","stencilsuperid":"StartNoneEvent","stencilsuperids":["StartNoneEvent"],"customstencil":"true","bgcolor":"#ffffff","notes":"","async":false,"formproperties":"","exclusive":true,"initiator":"initiator","workformreference":"","workformkey":"","fontsize":"","bordercolor":"#000000","fontstyle":"","trigger":"None","fontcolor":"","fontweight":"","formreference":"","formkey":"","genericproperty":"","name":"","name_en_us":"","name_en_us-run":"","name_de_de":"","name_de_de-run":"","name_fr_fr":"","name_fr_fr-run":"","name_it_it":"","name_it_it-run":"","name_es_es":"","name_es_es-run":"","name-run":"","name_i18n-key":"","interrupting":true,"documentation":"","oldresourceid":"","id":"startnoneevent1","executionlistener":"","customstencilid":"cloudstartnoneevent","customnamespace":"http://b3mn.org/stencilset/default.flowable.process.palette.xml#","xmlTag":"StartNoneEvent"},"ssextensions":[],"outgoing":[{"resourceId":"sequenceflow2"}],"dockers":[],"labels":[{"styles":{"fill":"#000000","size":"12","italic":false,"bold":false},"ref":"text_name"}]},{"resourceId":"formtask1","stencil":{"id":"Task"},"pathProperties":{},"xmlProperties":["exposeasmessageitems","exposetoobjectitems","formproperties","name","name_en_us","name_en_us-run","name_de_de","name_de_de-run","name_fr_fr","name_fr_fr-run","name_it_it","name_it_it-run","name_es_es","name_es_es-run","name-run","name_i18n-key"],"childShapes":[],"bounds":{"lowerRight":{"x":311,"y":316},"upperLeft":{"x":211,"y":236}},"specialproperties":{"form_entry":{"type":"treeview","placeholder":"formtaskentry"}},"outputmappingproperties":{"genericproperty":{"type":"complex","placeholders":[]},"exposeasmessageitems":{"type":"complex","placeholders":[]},"exposetoobjectitems":{"type":"complex","placeholders":[]},"tasklistener":{"type":"complex","placeholders":[]},"formproperties":{"type":"complex","placeholders":[]},"fields":{"type":"complex","placeholders":[]},"executionlistener":{"type":"complex","placeholders":[]}},"properties":{"stencilid":"cloudformtask","stencilsuperid":"FormTask","stencilsuperids":["Task","FormTask"],"customstencil":"true","loopelementindexvariable":"loopCounter","notes":"","loopcardinality":"","completioncondition":"","genericproperty":"","bordercolor":"#000000","oldresourceid":"","fontsize":"","form_entry":"FORM_MODEL-0a9bee50-8b87-423c-9453-ef349680507f","formtaskentry":"preparePizzaOrder","priority":"","async":false,"looptype":"None","exposeasmessageitems":"","exposetoobjectitems":"","tasklistener":"","loopcollection":"","guid":"GEAR-5cc26f85-c074-40e6-bd0a-ca66ea5f137b","formproperties":"","candidategroups":"","candidategroups-run":"","candidateusers":"","candidateusers-run":"","tasktype":"FormTask","categories":"","duedate":"","fontweight":"","owner":"","owner-run":"","bgcolor":"#ffffff","skipexpression":"","id":"formtask1","fontcolor":"","exclusive":true,"documentation":"","initiator-can-complete":false,"fontstyle":"","executionlistener":"","assignee":"","assignee-run":"${initiator}","isforcompensation":false,"callacitivity":false,"loopelementvariable":"","name":"Prepare Pizza Order","name_en_us":"Prepare Pizza Order","name_en_us-run":"","name_de_de":"","name_de_de-run":"","name_fr_fr":"","name_fr_fr-run":"","name_it_it":"","name_it_it-run":"","name_es_es":"","name_es_es-run":"","name-run":"","name_i18n-key":"","customstencilid":"cloudformtask","customnamespace":"http://b3mn.org/stencilset/default.flowable.process.palette.xml#","xmlTag":"FormTask"},"ssextensions":[],"outgoing":[{"resourceId":"sequenceflow3"}],"dockers":[],"labels":[{"styles":{"fill":"#000000","size":"12","italic":false,"bold":false},"ref":"text_name"}]},{"resourceId":"generatedocumenttask1","stencil":{"id":"Task"},"pathProperties":{},"xmlProperties":["name","name_en_us","name_en_us-run","name_de_de","name_de_de-run","name_fr_fr","name_fr_fr-run","name_it_it","name_it_it-run","name_es_es","name_es_es-run","name-run","name_i18n-key"],"childShapes":[],"bounds":{"lowerRight":{"x":490,"y":316},"upperLeft":{"x":390,"y":236}},"outputmappingproperties":{"fields":{"type":"complex","placeholders":[]},"executionlistener":{"type":"complex","placeholders":[]},"classfields":{"type":"complex","placeholders":[]},"genericproperty":{"type":"complex","placeholders":[]}},"properties":{"stencilid":"generatedocumenttask","stencilsuperid":"ServiceTask","stencilsuperids":["Task","ServiceTask"],"customstencil":"true","looptype":"None","notes":"","loopelementvariable":"","loopelementindexvariable":"loopCounter","bgcolor":"#ffffff","fontsize":"","fontstyle":"","fontcolor":"","skipexpression":"","oldresourceid":"","callacitivity":false,"categories":"","isforcompensation":false,"executionlistener":"","loopcollection":"","documentation":"","exclusive":true,"bordercolor":"#000000","completioncondition":"","fontweight":"","loopcardinality":"","guid":"GEAR-a3ec13c8-e8fe-4252-8b4c-b06ee629a9fa","id":"generatedocumenttask1","async":true,"templatekey":"pizza-order-slip","outputdocumentname":"Pizza order","outputdocumenttype":"pdf","outputvariablename":"pizzaOrder","contextobjectname":"","name":"Generate Pizza Order","name_en_us":"Generate Pizza Order","name_en_us-run":"","name_de_de":"","name_de_de-run":"","name_fr_fr":"","name_fr_fr-run":"","name_it_it":"","name_it_it-run":"","name_es_es":"","name_es_es-run":"","name-run":"","name_i18n-key":"","overwrite":"","tasktype":"Service","delegateexpression":"${generateDocumentService}","expression":"","resultvariable":"","class":"","classfields":"","servicetasktriggerable":false,"servicetaskuselocalscopeforresultvariable":false,"genericproperty":"","customstencilid":"generatedocumenttask","customnamespace":"http://b3mn.org/stencilset/platform.process.palette.xml#","xmlTag":"ServiceTask"},"ssextensions":[],"outgoing":[{"resourceId":"sequenceflow4"}],"dockers":[],"labels":[{"styles":{"fill":"#000000","size":"12","italic":false,"bold":false},"ref":"text_name"}]},{"resourceId":"servicetask1","stencil":{"id":"Task"},"pathProperties":{},"xmlProperties":["name","name_en_us","name_en_us-run","name_de_de","name_de_de-run","name_fr_fr","name_fr_fr-run","name_it_it","name_it_it-run","name_es_es","name_es_es-run","name-run","name_i18n-key"],"childShapes":[],"bounds":{"lowerRight":{"x":686,"y":316},"upperLeft":{"x":586,"y":236}},"outputmappingproperties":{"genericproperty":{"type":"complex","placeholders":[]},"fields":{"type":"complex","placeholders":[]},"executionlistener":{"type":"complex","placeholders":[]},"classfields":{"type":"complex","placeholders":[]}},"properties":{"stencilid":"cloudservicetask","stencilsuperid":"ServiceTask","stencilsuperids":["Task","ServiceTask"],"customstencil":"true","looptype":"None","notes":"","fontsize":"","bordercolor":"#000000","documentation":"","fontweight":"","loopelementvariable":"","completioncondition":"","fontcolor":"","loopcollection":"","id":"servicetask1","fontstyle":"","callacitivity":false,"genericproperty":"","categories":"","guid":"GEAR-eeb98064-a8cf-4191-a268-d93cb1edc0ac","tasktype":"Service","oldresourceid":"","bgcolor":"#ffffff","loopelementindexvariable":"loopCounter","loopcardinality":"","name":"Send Pizza Order","name_en_us":"Send Pizza Order","name_en_us-run":"","name_de_de":"","name_de_de-run":"","name_fr_fr":"","name_fr_fr-run":"","name_it_it":"","name_it_it-run":"","name_es_es":"","name_es_es-run":"","name-run":"","name_i18n-key":"","executionlistener":"","expression":"${pizzaOrderService.sendPizzaOrder(pizzaOrder)}","delegateexpression":"","resultvariable":"","servicetaskuselocalscopeforresultvariable":false,"class":"","async":true,"exclusive":false,"classfields":"","servicetasktriggerable":false,"skipexpression":"","isforcompensation":false,"customstencilid":"cloudservicetask","customnamespace":"http://b3mn.org/stencilset/default.flowable.process.palette.xml#","xmlTag":"ServiceTask"},"ssextensions":[],"outgoing":[{"resourceId":"sequenceflow5"}],"dockers":[],"labels":[{"styles":{"fill":"#000000","size":"12","italic":false,"bold":false},"ref":"text_name"}]},{"resourceId":"intermediatemessageeventcatching1","stencil":{"id":"IntermediateMessageEventCatching"},"pathProperties":{},"xmlProperties":["name","name_en_us","name_en_us-run","name_de_de","name_de_de-run","name_fr_fr","name_fr_fr-run","name_it_it","name_it_it-run","name_es_es","name_es_es-run","name-run","name_i18n-key"],"childShapes":[],"bounds":{"lowerRight":{"x":800,"y":291},"upperLeft":{"x":770,"y":261}},"outputmappingproperties":{"fields":{"type":"complex","placeholders":[]},"executionlistener":{"type":"complex","placeholders":[]},"genericproperty":{"type":"complex","placeholders":[]}},"properties":{"stencilid":"cloudintermediatemessageeventcatching","stencilsuperid":"IntermediateMessageEventCatching","stencilsuperids":["IntermediateMessageEventCatching"],"customstencil":"true","fontcolor":"","notes":"","name":"Pizza arrived","name_en_us":"Pizza arrived","name_en_us-run":"","name_de_de":"","name_de_de-run":"","name_fr_fr":"","name_fr_fr-run":"","name_it_it":"","name_it_it-run":"","name_es_es":"","name_es_es-run":"","name-run":"","name_i18n-key":"","bgcolor":"#ffffff","documentation":"","executionlistener":"","bordercolor":"#000000","oldresourceid":"","fontsize":"","messagename":"pizzaArrived","id":"intermediatemessageeventcatching1","fontweight":"","trigger":"Message","genericproperty":"","fontstyle":"","customstencilid":"cloudintermediatemessageeventcatching","customnamespace":"http://b3mn.org/stencilset/default.flowable.process.palette.xml#","xmlTag":"IntermediateMessageEventCatching"},"ssextensions":[],"outgoing":[{"resourceId":"sequenceflow6"}],"dockers":[{"x":785,"y":276}],"labels":[{"styles":{"fill":"#000000","size":"12","italic":false,"bold":false},"ref":"text_name"}]},{"resourceId":"servicetask2","stencil":{"id":"Task"},"pathProperties":{},"xmlProperties":["name","name_en_us","name_en_us-run","name_de_de","name_de_de-run","name_fr_fr","name_fr_fr-run","name_it_it","name_it_it-run","name_es_es","name_es_es-run","name-run","name_i18n-key"],"childShapes":[],"bounds":{"lowerRight":{"x":971,"y":316},"upperLeft":{"x":871,"y":236}},"outputmappingproperties":{"genericproperty":{"type":"complex","placeholders":[]},"fields":{"type":"complex","placeholders":[]},"executionlistener":{"type":"complex","placeholders":[]},"classfields":{"type":"complex","placeholders":[]}},"properties":{"stencilid":"cloudservicetask","stencilsuperid":"ServiceTask","stencilsuperids":["Task","ServiceTask"],"customstencil":"true","looptype":"None","notes":"","fontsize":"","bordercolor":"#000000","documentation":"","fontweight":"","loopelementvariable":"","completioncondition":"","fontcolor":"","loopcollection":"","id":"servicetask2","fontstyle":"","callacitivity":false,"genericproperty":"","categories":"","guid":"GEAR-e08f85f8-c21a-4a08-994b-a9b7409ca824","tasktype":"Service","oldresourceid":"","bgcolor":"#ffffff","loopelementindexvariable":"loopCounter","loopcardinality":"","name":"Send Pizza Notifications","name_en_us":"Send Pizza Notifications","name_en_us-run":"Send Pizza Notifications","name_de_de":"","name_de_de-run":"","name_fr_fr":"","name_fr_fr-run":"","name_it_it":"","name_it_it-run":"","name_es_es":"","name_es_es-run":"","name-run":"Send Pizza Notifications","name_i18n-key":"","executionlistener":"","expression":"${pizzaOrderService.sendPizzaNotifications(language, pizzas)}","delegateexpression":"","resultvariable":"","servicetaskuselocalscopeforresultvariable":false,"class":"","async":true,"exclusive":false,"classfields":"","servicetasktriggerable":false,"skipexpression":"","isforcompensation":false,"customstencilid":"cloudservicetask","customnamespace":"http://b3mn.org/stencilset/default.flowable.process.palette.xml#","xmlTag":"ServiceTask"},"ssextensions":[],"outgoing":[{"resourceId":"sequenceflow1"}],"dockers":[],"labels":[{"styles":{"fill":"#000000","size":"12","italic":false,"bold":false},"ref":"text_name"}]},{"resourceId":"endnoneevent1","stencil":{"id":"EndNoneEvent"},"pathProperties":{},"xmlProperties":["name","name_en_us","name_en_us-run","name_de_de","name_de_de-run","name_fr_fr","name_fr_fr-run","name_it_it","name_it_it-run","name_es_es","name_es_es-run","name-run","name_i18n-key"],"childShapes":[],"bounds":{"lowerRight":{"x":1044,"y":290},"upperLeft":{"x":1016,"y":262}},"outputmappingproperties":{"genericproperty":{"type":"complex","placeholders":[]},"fields":{"type":"complex","placeholders":[]},"executionlistener":{"type":"complex","placeholders":[]}},"properties":{"stencilid":"cloudendnoneevent","stencilsuperid":"EndNoneEvent","stencilsuperids":["EndNoneEvent"],"customstencil":"true","documentation":"","notes":"","bordercolor":"#000000","bgcolor":"#ffffff","fontstyle":"","name":"","name_en_us":"","name_en_us-run":"","name_de_de":"","name_de_de-run":"","name_fr_fr":"","name_fr_fr-run":"","name_it_it":"","name_it_it-run":"","name_es_es":"","name_es_es-run":"","name-run":"","name_i18n-key":"","id":"endnoneevent1","terminateall":false,"fontweight":"","fontsize":"","genericproperty":"","trigger":"None","oldresourceid":"","executionlistener":"","fontcolor":"","customstencilid":"cloudendnoneevent","customnamespace":"http://b3mn.org/stencilset/default.flowable.process.palette.xml#","xmlTag":"EndNoneEvent"},"ssextensions":[],"outgoing":[],"dockers":[],"labels":[{"styles":{"fill":"#000000","size":"12","italic":false,"bold":false},"ref":"text_name"}]},{"resourceId":"sequenceflow1","stencil":{"id":"SequenceFlow"},"pathProperties":{},"xmlProperties":["name","name_en_us","name_en_us-run","name_de_de","name_de_de-run","name_fr_fr","name_fr_fr-run","name_it_it","name_it_it-run","name_es_es","name_es_es-run","name-run","name_i18n-key"],"childShapes":[],"bounds":{"lowerRight":{"x":1015,"y":276},"upperLeft":{"x":971,"y":276}},"outputmappingproperties":{"fields":{"type":"complex","placeholders":[]},"executionlistener":{"type":"complex","placeholders":[]},"genericproperty":{"type":"complex","placeholders":[]}},"properties":{"stencilid":"cloudsequenceflow","stencilsuperid":"SequenceFlow","stencilsuperids":["SequenceFlow"],"customstencil":"true","name":"","name_en_us":"","name_en_us-run":"","name_de_de":"","name_de_de-run":"","name_fr_fr":"","name_fr_fr-run":"","name_it_it":"","name_it_it-run":"","name_es_es":"","name_es_es-run":"","name-run":"","name_i18n-key":"","notes":"","executionlistener":"","id":"sequenceflow1","fontsize":"","fontstyle":"","bgcolor":"#ffffff","fontcolor":"","skipexpression":"","documentation":"","isimmediate":false,"conditionexpression":"","bordercolor":"#000000","genericproperty":"","showdiamondmarker":false,"defaultflow":false,"oldresourceid":"","conditiontype":"None","fontweight":"","customstencilid":"cloudsequenceflow","customnamespace":"http://b3mn.org/stencilset/default.flowable.process.palette.xml#","xmlTag":"SequenceFlow"},"ssextensions":[],"outgoing":[{"resourceId":"endnoneevent1"}],"dockers":[{"x":50,"y":40},{"x":14,"y":14}],"labels":[{"styles":{"fill":"#000000","size":"12","italic":false,"bold":false},"ref":"text_name"}],"target":{"resourceId":"endnoneevent1"}},{"resourceId":"sequenceflow2","stencil":{"id":"SequenceFlow"},"pathProperties":{},"xmlProperties":["name","name_en_us","name_en_us-run","name_de_de","name_de_de-run","name_fr_fr","name_fr_fr-run","name_it_it","name_it_it-run","name_es_es","name_es_es-run","name-run","name_i18n-key"],"childShapes":[],"bounds":{"lowerRight":{"x":210,"y":276},"upperLeft":{"x":147,"y":276}},"outputmappingproperties":{"fields":{"type":"complex","placeholders":[]},"executionlistener":{"type":"complex","placeholders":[]},"genericproperty":{"type":"complex","placeholders":[]}},"properties":{"stencilid":"cloudsequenceflow","stencilsuperid":"SequenceFlow","stencilsuperids":["SequenceFlow"],"customstencil":"true","name":"","name_en_us":"","name_en_us-run":"","name_de_de":"","name_de_de-run":"","name_fr_fr":"","name_fr_fr-run":"","name_it_it":"","name_it_it-run":"","name_es_es":"","name_es_es-run":"","name-run":"","name_i18n-key":"","notes":"","executionlistener":"","id":"sequenceflow2","fontsize":"","fontstyle":"","bgcolor":"#ffffff","fontcolor":"","skipexpression":"","documentation":"","isimmediate":false,"conditionexpression":"","bordercolor":"#000000","genericproperty":"","showdiamondmarker":false,"defaultflow":false,"oldresourceid":"","conditiontype":"None","fontweight":"","customstencilid":"cloudsequenceflow","customnamespace":"http://b3mn.org/stencilset/default.flowable.process.palette.xml#","xmlTag":"SequenceFlow"},"ssextensions":[],"outgoing":[{"resourceId":"formtask1"}],"dockers":[{"x":15,"y":15},{"x":50,"y":40}],"labels":[{"styles":{"fill":"#000000","size":"12","italic":false,"bold":false},"ref":"text_name"}],"target":{"resourceId":"formtask1"}},{"resourceId":"sequenceflow3","stencil":{"id":"SequenceFlow"},"pathProperties":{},"xmlProperties":["name","name_en_us","name_en_us-run","name_de_de","name_de_de-run","name_fr_fr","name_fr_fr-run","name_it_it","name_it_it-run","name_es_es","name_es_es-run","name-run","name_i18n-key"],"childShapes":[],"bounds":{"lowerRight":{"x":389,"y":276},"upperLeft":{"x":311,"y":276}},"outputmappingproperties":{"fields":{"type":"complex","placeholders":[]},"executionlistener":{"type":"complex","placeholders":[]},"genericproperty":{"type":"complex","placeholders":[]}},"properties":{"stencilid":"cloudsequenceflow","stencilsuperid":"SequenceFlow","stencilsuperids":["SequenceFlow"],"customstencil":"true","name":"","name_en_us":"","name_en_us-run":"","name_de_de":"","name_de_de-run":"","name_fr_fr":"","name_fr_fr-run":"","name_it_it":"","name_it_it-run":"","name_es_es":"","name_es_es-run":"","name-run":"","name_i18n-key":"","notes":"","executionlistener":"","id":"sequenceflow3","fontsize":"","fontstyle":"","bgcolor":"#ffffff","fontcolor":"","skipexpression":"","documentation":"","isimmediate":false,"conditionexpression":"","bordercolor":"#000000","genericproperty":"","showdiamondmarker":false,"defaultflow":false,"oldresourceid":"","conditiontype":"None","fontweight":"","customstencilid":"cloudsequenceflow","customnamespace":"http://b3mn.org/stencilset/default.flowable.process.palette.xml#","xmlTag":"SequenceFlow"},"ssextensions":[],"outgoing":[{"resourceId":"generatedocumenttask1"}],"dockers":[{"x":50,"y":40},{"x":50,"y":40}],"labels":[{"styles":{"fill":"#000000","size":"12","italic":false,"bold":false},"ref":"text_name"}],"target":{"resourceId":"generatedocumenttask1"}},{"resourceId":"sequenceflow4","stencil":{"id":"SequenceFlow"},"pathProperties":{},"xmlProperties":["name","name_en_us","name_en_us-run","name_de_de","name_de_de-run","name_fr_fr","name_fr_fr-run","name_it_it","name_it_it-run","name_es_es","name_es_es-run","name-run","name_i18n-key"],"childShapes":[],"bounds":{"lowerRight":{"x":586,"y":276},"upperLeft":{"x":490,"y":276}},"outputmappingproperties":{"fields":{"type":"complex","placeholders":[]},"executionlistener":{"type":"complex","placeholders":[]},"genericproperty":{"type":"complex","placeholders":[]}},"properties":{"stencilid":"cloudsequenceflow","stencilsuperid":"SequenceFlow","stencilsuperids":["SequenceFlow"],"customstencil":"true","name":"","name_en_us":"","name_en_us-run":"","name_de_de":"","name_de_de-run":"","name_fr_fr":"","name_fr_fr-run":"","name_it_it":"","name_it_it-run":"","name_es_es":"","name_es_es-run":"","name-run":"","name_i18n-key":"","notes":"","executionlistener":"","id":"sequenceflow4","fontsize":"","fontstyle":"","bgcolor":"#ffffff","fontcolor":"","skipexpression":"","documentation":"","isimmediate":false,"conditionexpression":"","bordercolor":"#000000","genericproperty":"","showdiamondmarker":false,"defaultflow":false,"oldresourceid":"","conditiontype":"None","fontweight":"","customstencilid":"cloudsequenceflow","customnamespace":"http://b3mn.org/stencilset/default.flowable.process.palette.xml#","xmlTag":"SequenceFlow"},"ssextensions":[],"outgoing":[{"resourceId":"servicetask1"}],"dockers":[{"x":50,"y":40},{"x":50,"y":40}],"labels":[{"styles":{"fill":"#000000","size":"12","italic":false,"bold":false},"ref":"text_name"}],"target":{"resourceId":"servicetask1"}},{"resourceId":"sequenceflow5","stencil":{"id":"SequenceFlow"},"pathProperties":{},"xmlProperties":["name","name_en_us","name_en_us-run","name_de_de","name_de_de-run","name_fr_fr","name_fr_fr-run","name_it_it","name_it_it-run","name_es_es","name_es_es-run","name-run","name_i18n-key"],"childShapes":[],"bounds":{"lowerRight":{"x":769,"y":276},"upperLeft":{"x":686,"y":276}},"outputmappingproperties":{"fields":{"type":"complex","placeholders":[]},"executionlistener":{"type":"complex","placeholders":[]},"genericproperty":{"type":"complex","placeholders":[]}},"properties":{"stencilid":"cloudsequenceflow","stencilsuperid":"SequenceFlow","stencilsuperids":["SequenceFlow"],"customstencil":"true","name":"","name_en_us":"","name_en_us-run":"","name_de_de":"","name_de_de-run":"","name_fr_fr":"","name_fr_fr-run":"","name_it_it":"","name_it_it-run":"","name_es_es":"","name_es_es-run":"","name-run":"","name_i18n-key":"","notes":"","executionlistener":"","id":"sequenceflow5","fontsize":"","fontstyle":"","bgcolor":"#ffffff","fontcolor":"","skipexpression":"","documentation":"","isimmediate":false,"conditionexpression":"","bordercolor":"#000000","genericproperty":"","showdiamondmarker":false,"defaultflow":false,"oldresourceid":"","conditiontype":"None","fontweight":"","customstencilid":"cloudsequenceflow","customnamespace":"http://b3mn.org/stencilset/default.flowable.process.palette.xml#","xmlTag":"SequenceFlow"},"ssextensions":[],"outgoing":[{"resourceId":"intermediatemessageeventcatching1"}],"dockers":[{"x":50,"y":40},{"x":15,"y":15}],"labels":[{"styles":{"fill":"#000000","size":"12","italic":false,"bold":false},"ref":"text_name"}],"target":{"resourceId":"intermediatemessageeventcatching1"}},{"resourceId":"sequenceflow6","stencil":{"id":"SequenceFlow"},"pathProperties":{},"xmlProperties":["name","name_en_us","name_en_us-run","name_de_de","name_de_de-run","name_fr_fr","name_fr_fr-run","name_it_it","name_it_it-run","name_es_es","name_es_es-run","name-run","name_i18n-key"],"childShapes":[],"bounds":{"lowerRight":{"x":870,"y":276},"upperLeft":{"x":800,"y":276}},"outputmappingproperties":{"fields":{"type":"complex","placeholders":[]},"executionlistener":{"type":"complex","placeholders":[]},"genericproperty":{"type":"complex","placeholders":[]}},"properties":{"stencilid":"cloudsequenceflow","stencilsuperid":"SequenceFlow","stencilsuperids":["SequenceFlow"],"customstencil":"true","name":"","name_en_us":"","name_en_us-run":"","name_de_de":"","name_de_de-run":"","name_fr_fr":"","name_fr_fr-run":"","name_it_it":"","name_it_it-run":"","name_es_es":"","name_es_es-run":"","name-run":"","name_i18n-key":"","notes":"","executionlistener":"","id":"sequenceflow6","fontsize":"","fontstyle":"","bgcolor":"#ffffff","fontcolor":"","skipexpression":"","documentation":"","isimmediate":false,"conditionexpression":"","bordercolor":"#000000","genericproperty":"","showdiamondmarker":false,"defaultflow":false,"oldresourceid":"","conditiontype":"None","fontweight":"","customstencilid":"cloudsequenceflow","customnamespace":"http://b3mn.org/stencilset/default.flowable.process.palette.xml#","xmlTag":"SequenceFlow"},"ssextensions":[],"outgoing":[{"resourceId":"servicetask2"}],"dockers":[{"x":15,"y":15},{"x":50,"y":40}],"labels":[{"styles":{"fill":"#000000","size":"12","italic":false,"bold":false},"ref":"text_name"}],"target":{"resourceId":"servicetask2"}}],"bounds":{"lowerRight":{"x":1485,"y":1050},"upperLeft":{"x":0,"y":0}},"outputmappingproperties":{"genericproperty":{"type":"complex","placeholders":[]},"namespaces":{"type":"complex","placeholders":[]},"fields":{"type":"complex","placeholders":[]},"executionlistener":{"type":"complex","placeholders":[]},"dataproperties":{"type":"complex","placeholders":[]},"eventlisteners":{"type":"complex","placeholders":[]},"signaldefinitions":{"type":"complex","placeholders":[]},"messagedefinitions":{"type":"complex","placeholders":[]}},"properties":{"stencilid":"BPMNDiagram","stencilsuperid":"BPMNDiagram","stencilsuperids":["BPMNDiagram"],"customstencil":false,"id":"orderPizza","notes":"","name":"Order Pizza","name_en_us":"","name_de_de":"","name_fr_fr":"","name_it_it":"","name_es_es":"","name_i18n-key":"","documentation":"","documentation_en_us":"","documentation_de_de":"","documentation_fr_fr":"","documentation_it_it":"","documentation_es_es":"","documentation_i18n-key":"","genericproperty":"","oldresourceid":"","guid":"PROCESS_MODEL-9bd9cccd-1ab3-4891-a930-714d02eb340f","labelexpression":"","version":"","author":"","language":"English","namespaces":"","creationdate":"2019-06-07T12:13:14.562Z","modificationdate":"2019-06-07T13:51:16.545Z","isexecutable":false,"isprocessexecutable":true,"fontsize":"12","fontweight":"normal","fontstyle":"normal","fontcolor":"#000000","process_author":"","process_namespace":"","process_historylevel":"audit","executionlistener":"","dataproperties":"","eventlisteners":"","signaldefinitions":"","messagedefinitions":{"totalCount":1,"items":[{"id":"pizzaArrived","name":"pizzaArrived"}]},"process_potentialstarteruser":"","process_potentialstarteruser-run":"","process_potentialstartergroup":"","process_potentialstartergroup-run":"","iseagerexecutionfetch":false,"initiator":"","xmlTag":"BPMNDiagram","description":""},"ssextensions":["http://b3mn.org/stencilset/default.flowable.process.palette.xml#"],"stencilset":{"url":"./app/editor_stencilset","namespace":"http://b3mn.org/stencilset/bpmn2.0#"}}}