{"id":"PROCESS_MODEL-6e683a0d-3ab7-4417-97c4-68b87acba877","name":"Hello World Process","key":"helloWorldProcess","description":"","editorJson":{"resourceId":"editor_PROCESS_MODEL-6e683a0d-3ab7-4417-97c4-68b87acba877","stencil":{"id":"BPMNDiagram"},"pathProperties":{},"xmlProperties":[],"childShapes":[{"resourceId":"startnoneevent1","stencil":{"id":"StartNoneEvent"},"pathProperties":{},"xmlProperties":["name","name_en_us","name_en_us-run","name_de_de","name_de_de-run","name_fr_fr","name_fr_fr-run","name_it_it","name_it_it-run","name_es_es","name_es_es-run","name-run","name_i18n-key","initiator","formproperties"],"childShapes":[],"bounds":{"lowerRight":{"x":147,"y":291},"upperLeft":{"x":117,"y":261}},"specialproperties":{"workformreference":{"type":"treeview","placeholder":"workformkey"},"formreference":{"type":"treeview","placeholder":"formkey"}},"outputmappingproperties":{"genericproperty":{"type":"complex","placeholders":[]},"formproperties":{"type":"complex","placeholders":[]},"fields":{"type":"complex","placeholders":[]},"executionlistener":{"type":"complex","placeholders":[]}},"properties":{"stencilid":"cloudstartnoneevent","stencilsuperid":"StartNoneEvent","stencilsuperids":["StartNoneEvent"],"customstencil":"true","exclusive":true,"notes":"","interrupting":true,"bordercolor":"#000000","fontweight":"","fontsize":"","fontstyle":"","trigger":"None","oldresourceid":"","id":"startnoneevent1","workformreference":"","workformkey":"","name":"","name_en_us":"","name_en_us-run":"","name_de_de":"","name_de_de-run":"","name_fr_fr":"","name_fr_fr-run":"","name_it_it":"","name_it_it-run":"","name_es_es":"","name_es_es-run":"","name-run":"","name_i18n-key":"","formreference":"","formkey":"","fontcolor":"","async":false,"genericproperty":"","initiator":"initiator","formproperties":"","bgcolor":"#ffffff","executionlistener":"","documentation":"","customstencilid":"cloudstartnoneevent","customnamespace":"http://b3mn.org/stencilset/default.flowable.process.palette.xml#","xmlTag":"StartNoneEvent"},"ssextensions":[],"outgoing":[{"resourceId":"sequenceflow1"}],"dockers":[],"labels":[{"styles":{"fill":"#000000","size":"12","italic":false,"bold":false},"ref":"text_name"}]},{"resourceId":"sequenceflow1","stencil":{"id":"SequenceFlow"},"pathProperties":{},"xmlProperties":["name","name_en_us","name_en_us-run","name_de_de","name_de_de-run","name_fr_fr","name_fr_fr-run","name_it_it","name_it_it-run","name_es_es","name_es_es-run","name-run","name_i18n-key"],"childShapes":[],"bounds":{"lowerRight":{"x":176,"y":276},"upperLeft":{"x":147,"y":276}},"outputmappingproperties":{"fields":{"type":"complex","placeholders":[]},"executionlistener":{"type":"complex","placeholders":[]},"genericproperty":{"type":"complex","placeholders":[]}},"properties":{"stencilid":"cloudsequenceflow","stencilsuperid":"SequenceFlow","stencilsuperids":["SequenceFlow"],"customstencil":"true","oldresourceid":"","notes":"","executionlistener":"","bordercolor":"#000000","bgcolor":"#ffffff","conditionexpression":"","fontstyle":"","documentation":"","id":"sequenceflow1","conditiontype":"None","showdiamondmarker":false,"name":"","name_en_us":"","name_en_us-run":"","name_de_de":"","name_de_de-run":"","name_fr_fr":"","name_fr_fr-run":"","name_it_it":"","name_it_it-run":"","name_es_es":"","name_es_es-run":"","name-run":"","name_i18n-key":"","fontcolor":"","isimmediate":false,"fontsize":"","defaultflow":false,"fontweight":"","skipexpression":"","genericproperty":"","customstencilid":"cloudsequenceflow","customnamespace":"http://b3mn.org/stencilset/default.flowable.process.palette.xml#","xmlTag":"SequenceFlow"},"ssextensions":[],"outgoing":[{"resourceId":"formtask3"}],"dockers":[{"x":15,"y":15},{"x":50,"y":40}],"labels":[{"styles":{"fill":"#000000","size":"12","italic":false,"bold":false},"ref":"text_name"}],"target":{"resourceId":"formtask3"}},{"resourceId":"endnoneevent1","stencil":{"id":"EndNoneEvent"},"pathProperties":{},"xmlProperties":["name","name_en_us","name_en_us-run","name_de_de","name_de_de-run","name_fr_fr","name_fr_fr-run","name_it_it","name_it_it-run","name_es_es","name_es_es-run","name-run","name_i18n-key"],"childShapes":[],"bounds":{"lowerRight":{"x":886,"y":290},"upperLeft":{"x":858,"y":262}},"outputmappingproperties":{"fields":{"type":"complex","placeholders":[]},"executionlistener":{"type":"complex","placeholders":[]},"genericproperty":{"type":"complex","placeholders":[]}},"properties":{"stencilid":"cloudendnoneevent","stencilsuperid":"EndNoneEvent","stencilsuperids":["EndNoneEvent"],"customstencil":"true","bordercolor":"#000000","notes":"","fontcolor":"","executionlistener":"","genericproperty":"","trigger":"None","name":"","name_en_us":"","name_en_us-run":"","name_de_de":"","name_de_de-run":"","name_fr_fr":"","name_fr_fr-run":"","name_it_it":"","name_it_it-run":"","name_es_es":"","name_es_es-run":"","name-run":"","name_i18n-key":"","documentation":"","fontsize":"","bgcolor":"#ffffff","oldresourceid":"","id":"endnoneevent1","fontweight":"","terminateall":false,"fontstyle":"","customstencilid":"cloudendnoneevent","customnamespace":"http://b3mn.org/stencilset/default.flowable.process.palette.xml#","xmlTag":"EndNoneEvent"},"ssextensions":[],"outgoing":[],"dockers":[],"labels":[{"styles":{"fill":"#000000","size":"12","italic":false,"bold":false},"ref":"text_name"}]},{"resourceId":"servicetask1","stencil":{"id":"Task"},"pathProperties":{},"xmlProperties":["name","name_en_us","name_en_us-run","name_de_de","name_de_de-run","name_fr_fr","name_fr_fr-run","name_it_it","name_it_it-run","name_es_es","name_es_es-run","name-run","name_i18n-key"],"childShapes":[],"bounds":{"lowerRight":{"x":649,"y":316},"upperLeft":{"x":549,"y":236}},"outputmappingproperties":{"genericproperty":{"type":"complex","placeholders":[]},"fields":{"type":"complex","placeholders":[]},"executionlistener":{"type":"complex","placeholders":[]},"classfields":{"type":"complex","placeholders":[]}},"properties":{"stencilid":"cloudservicetask","stencilsuperid":"ServiceTask","stencilsuperids":["Task","ServiceTask"],"customstencil":"true","id":"servicetask1","notes":"","genericproperty":"","loopelementvariable":"","fontstyle":"","loopelementindexvariable":"loopCounter","looptype":"None","documentation":"","oldresourceid":"","bgcolor":"#ffffff","tasktype":"Service","loopcardinality":"","completioncondition":"","categories":"","loopcollection":"","bordercolor":"#000000","fontsize":"","fontweight":"","callacitivity":false,"fontcolor":"","guid":"GEAR-335838eb-3bbb-4f90-8a3a-d653de861ea6","name":"Simple Greet","name_en_us":"Simple Greet","name_en_us-run":"","name_de_de":"","name_de_de-run":"","name_fr_fr":"","name_fr_fr-run":"","name_it_it":"","name_it_it-run":"","name_es_es":"","name_es_es-run":"","name-run":"","name_i18n-key":"","executionlistener":"","expression":"${helloWorldService.simpleGreet(initiator, toBeGreeted)}","delegateexpression":"","resultvariable":"","servicetaskuselocalscopeforresultvariable":false,"class":"","async":false,"exclusive":false,"classfields":"","servicetasktriggerable":false,"skipexpression":"","isforcompensation":false,"customstencilid":"cloudservicetask","customnamespace":"http://b3mn.org/stencilset/default.flowable.process.palette.xml#","xmlTag":"ServiceTask"},"ssextensions":[],"outgoing":[{"resourceId":"sequenceflow9"}],"dockers":[],"labels":[{"styles":{"fill":"#000000","size":"12","italic":false,"bold":false},"ref":"text_name"}]},{"resourceId":"sequenceflow3","stencil":{"id":"SequenceFlow"},"pathProperties":{},"xmlProperties":["name","name_en_us","name_en_us-run","name_de_de","name_de_de-run","name_fr_fr","name_fr_fr-run","name_it_it","name_it_it-run","name_es_es","name_es_es-run","name-run","name_i18n-key"],"childShapes":[],"bounds":{"lowerRight":{"x":548,"y":430},"upperLeft":{"x":395,"y":296}},"outputmappingproperties":{"fields":{"type":"complex","placeholders":[]},"executionlistener":{"type":"complex","placeholders":[]},"genericproperty":{"type":"complex","placeholders":[]}},"properties":{"stencilid":"cloudsequenceflow","stencilsuperid":"SequenceFlow","stencilsuperids":["SequenceFlow"],"customstencil":"true","oldresourceid":"","notes":"","executionlistener":"","bordercolor":"#000000","bgcolor":"#ffffff","conditionexpression":"${useAdvancedGreeter}","fontstyle":"","documentation":"","id":"sequenceflow3","conditiontype":"None","showdiamondmarker":false,"name":"Advanced Greeter","name_en_us":"Advanced Greeter","name_en_us-run":"","name_de_de":"","name_de_de-run":"","name_fr_fr":"","name_fr_fr-run":"","name_it_it":"","name_it_it-run":"","name_es_es":"","name_es_es-run":"","name-run":"","name_i18n-key":"","fontcolor":"","isimmediate":false,"fontsize":"","defaultflow":false,"fontweight":"","skipexpression":"","genericproperty":"","customstencilid":"cloudsequenceflow","customnamespace":"http://b3mn.org/stencilset/default.flowable.process.palette.xml#","xmlTag":"SequenceFlow"},"ssextensions":[],"outgoing":[{"resourceId":"servicetask2"}],"dockers":[{"x":20,"y":20},{"x":395,"y":430},{"x":50,"y":40}],"labels":[{"x":418.8056640625,"y":416.25,"valign":"bottom","align":"left","ref":"text_name"},{"styles":{"fill":"#000000","size":"12","italic":false,"bold":false},"ref":"text_name"}],"target":{"resourceId":"servicetask2"}},{"resourceId":"servicetask2","stencil":{"id":"Task"},"pathProperties":{},"xmlProperties":["name","name_en_us","name_en_us-run","name_de_de","name_de_de-run","name_fr_fr","name_fr_fr-run","name_it_it","name_it_it-run","name_es_es","name_es_es-run","name-run","name_i18n-key"],"childShapes":[],"bounds":{"lowerRight":{"x":649,"y":470},"upperLeft":{"x":549,"y":390}},"outputmappingproperties":{"genericproperty":{"type":"complex","placeholders":[]},"fields":{"type":"complex","placeholders":[]},"executionlistener":{"type":"complex","placeholders":[]},"classfields":{"type":"complex","placeholders":[]}},"properties":{"stencilid":"cloudservicetask","stencilsuperid":"ServiceTask","stencilsuperids":["Task","ServiceTask"],"customstencil":"true","id":"servicetask2","notes":"","genericproperty":"","loopelementvariable":"","fontstyle":"","loopelementindexvariable":"loopCounter","looptype":"None","documentation":"","oldresourceid":"","bgcolor":"#ffffff","tasktype":"Service","loopcardinality":"","completioncondition":"","categories":"","loopcollection":"","bordercolor":"#000000","fontsize":"","fontweight":"","callacitivity":false,"fontcolor":"","guid":"GEAR-2a417a3b-442f-4478-b184-2d4d3c2d8d06","name":"More Advanced Greet","name_en_us":"More Advanced Greet","name_en_us-run":"","name_de_de":"","name_de_de-run":"","name_fr_fr":"","name_fr_fr-run":"","name_it_it":"","name_it_it-run":"","name_es_es":"","name_es_es-run":"","name-run":"","name_i18n-key":"","executionlistener":"","expression":"${helloWorldService.advancedGreet(initiator, toBeGreeted)}","delegateexpression":"","resultvariable":"","servicetaskuselocalscopeforresultvariable":false,"class":"","async":false,"exclusive":false,"classfields":"","servicetasktriggerable":false,"skipexpression":"","isforcompensation":false,"customstencilid":"cloudservicetask","customnamespace":"http://b3mn.org/stencilset/default.flowable.process.palette.xml#","xmlTag":"ServiceTask"},"ssextensions":[],"outgoing":[{"resourceId":"sequenceflow4"}],"dockers":[],"labels":[{"styles":{"fill":"#000000","size":"12","italic":false,"bold":false},"ref":"text_name"}]},{"resourceId":"sequenceflow4","stencil":{"id":"SequenceFlow"},"pathProperties":{},"xmlProperties":["name","name_en_us","name_en_us-run","name_de_de","name_de_de-run","name_fr_fr","name_fr_fr-run","name_it_it","name_it_it-run","name_es_es","name_es_es-run","name-run","name_i18n-key"],"childShapes":[],"bounds":{"lowerRight":{"x":760,"y":430},"upperLeft":{"x":649,"y":296}},"outputmappingproperties":{"fields":{"type":"complex","placeholders":[]},"executionlistener":{"type":"complex","placeholders":[]},"genericproperty":{"type":"complex","placeholders":[]}},"properties":{"stencilid":"cloudsequenceflow","stencilsuperid":"SequenceFlow","stencilsuperids":["SequenceFlow"],"customstencil":"true","oldresourceid":"","notes":"","executionlistener":"","bordercolor":"#000000","bgcolor":"#ffffff","conditionexpression":"","fontstyle":"","documentation":"","id":"sequenceflow4","conditiontype":"None","showdiamondmarker":false,"name":"","name_en_us":"","name_en_us-run":"","name_de_de":"","name_de_de-run":"","name_fr_fr":"","name_fr_fr-run":"","name_it_it":"","name_it_it-run":"","name_es_es":"","name_es_es-run":"","name-run":"","name_i18n-key":"","fontcolor":"","isimmediate":false,"fontsize":"","defaultflow":false,"fontweight":"","skipexpression":"","genericproperty":"","customstencilid":"cloudsequenceflow","customnamespace":"http://b3mn.org/stencilset/default.flowable.process.palette.xml#","xmlTag":"SequenceFlow"},"ssextensions":[],"outgoing":[{"resourceId":"exclusivedatabasedgateway2"}],"dockers":[{"x":50,"y":40},{"x":760,"y":430},{"x":20,"y":20}],"labels":[{"styles":{"fill":"#000000","size":"12","italic":false,"bold":false},"ref":"text_name"}],"target":{"resourceId":"exclusivedatabasedgateway2"}},{"resourceId":"exclusivedatabasedgateway1","stencil":{"id":"Exclusive_Databased_Gateway"},"pathProperties":{},"xmlProperties":["name","name_en_us","name_en_us-run","name_de_de","name_de_de-run","name_fr_fr","name_fr_fr-run","name_it_it","name_it_it-run","name_es_es","name_es_es-run","name-run","name_i18n-key"],"childShapes":[],"bounds":{"lowerRight":{"x":415,"y":296},"upperLeft":{"x":375,"y":256}},"outputmappingproperties":{"genericproperty":{"type":"complex","placeholders":[]}},"properties":{"stencilid":"cloudexclusivedatabasedgateway","stencilsuperid":"Exclusive_Databased_Gateway","stencilsuperids":["Exclusive_Databased_Gateway"],"customstencil":"true","bgcolor":"#ffffff","notes":"","markervisible":true,"sequencefloworder":"","xortype":"Data","bordercolor":"#000000","gate_assignments":"","gatewaytype":"XOR","id":"exclusivedatabasedgateway1","async":false,"defaultgate":"","fontcolor":"","fontstyle":"","gate_outgoingsequenceflow":"","fontweight":"","categories":"","oldresourceid":"","name":"","name_en_us":"","name_en_us-run":"","name_de_de":"","name_de_de-run":"","name_fr_fr":"","name_fr_fr-run":"","name_it_it":"","name_it_it-run":"","name_es_es":"","name_es_es-run":"","name-run":"","name_i18n-key":"","genericproperty":"","exclusive":true,"fontsize":"","documentation":"","customstencilid":"cloudexclusivedatabasedgateway","customnamespace":"http://b3mn.org/stencilset/default.flowable.process.palette.xml#","xmlTag":"Exclusive_Databased_Gateway"},"ssextensions":[],"outgoing":[{"resourceId":"sequenceflow8"},{"resourceId":"sequenceflow3"}],"dockers":[],"labels":[{"styles":{"fill":"#000000","size":"12","italic":false,"bold":false},"ref":"text_name"}]},{"resourceId":"formtask3","stencil":{"id":"Task"},"pathProperties":{},"xmlProperties":["exposetoobjectitems","formproperties","exposeasmessageitems","name","name_en_us","name_en_us-run","name_de_de","name_de_de-run","name_fr_fr","name_fr_fr-run","name_it_it","name_it_it-run","name_es_es","name_es_es-run","name-run","name_i18n-key"],"childShapes":[],"bounds":{"lowerRight":{"x":277,"y":316},"upperLeft":{"x":177,"y":236}},"specialproperties":{"form_entry":{"type":"treeview","placeholder":"formtaskentry"}},"outputmappingproperties":{"exposetoobjectitems":{"type":"complex","placeholders":[]},"genericproperty":{"type":"complex","placeholders":[]},"fields":{"type":"complex","placeholders":[]},"executionlistener":{"type":"complex","placeholders":[]},"formproperties":{"type":"complex","placeholders":[]},"exposeasmessageitems":{"type":"complex","placeholders":[]},"tasklistener":{"type":"complex","placeholders":[]}},"properties":{"stencilid":"cloudformtask","stencilsuperid":"FormTask","stencilsuperids":["Task","FormTask"],"customstencil":"true","securitypolicymodel":"","notes":"","candidategroups":"","candidategroups-run":"","fontweight":"","fontstyle":"","looptype":"None","id":"formtask3","guid":"GEAR-0bdb9a84-7f6e-49ca-8666-707c22a92335","loopelementvariable":"","exposetoobjectitems":"","completioncondition":"","categories":"","exclusive":true,"documentation":"","genericproperty":"","loopcollection":"","priority":"","assignee":"","assignee-run":"${initiator}","fontcolor":"","participantgroups":"","participantgroups-run":"","loopcardinality":"","bgcolor":"#ffffff","executionlistener":"","formproperties":"","bordercolor":"#000000","callacitivity":false,"watchergroups":"","watchergroups-run":"","fontsize":"","async":false,"tasktype":"FormTask","form_entry":"FORM_MODEL-335de2b5-b629-4fc3-92b5-6daa0f0b3182","formtaskentry":"enterNameForm","duedate":"","exposeasmessageitems":"","loopelementindexvariable":"loopCounter","owner":"","owner-run":"","candidateusers":"","candidateusers-run":"","watcherusers":"","watcherusers-run":"","skipexpression":"","tasklistener":"","participantusers":"","participantusers-run":"","oldresourceid":"","isforcompensation":false,"name":"Enter Name","name_en_us":"Enter Name","name_en_us-run":"","name_de_de":"","name_de_de-run":"","name_fr_fr":"","name_fr_fr-run":"","name_it_it":"","name_it_it-run":"","name_es_es":"","name_es_es-run":"","name-run":"","name_i18n-key":"","customstencilid":"cloudformtask","customnamespace":"http://b3mn.org/stencilset/default.flowable.process.palette.xml#","xmlTag":"FormTask"},"ssextensions":[],"outgoing":[{"resourceId":"sequenceflow7"}],"dockers":[],"labels":[{"styles":{"fill":"#000000","size":"12","italic":false,"bold":false},"ref":"text_name"}]},{"resourceId":"sequenceflow7","stencil":{"id":"SequenceFlow"},"pathProperties":{},"xmlProperties":["name","name_en_us","name_en_us-run","name_de_de","name_de_de-run","name_fr_fr","name_fr_fr-run","name_it_it","name_it_it-run","name_es_es","name_es_es-run","name-run","name_i18n-key"],"childShapes":[],"bounds":{"lowerRight":{"x":374,"y":276},"upperLeft":{"x":277,"y":276}},"outputmappingproperties":{"fields":{"type":"complex","placeholders":[]},"executionlistener":{"type":"complex","placeholders":[]},"genericproperty":{"type":"complex","placeholders":[]}},"properties":{"stencilid":"cloudsequenceflow","stencilsuperid":"SequenceFlow","stencilsuperids":["SequenceFlow"],"customstencil":"true","oldresourceid":"","notes":"","executionlistener":"","bordercolor":"#000000","bgcolor":"#ffffff","conditionexpression":"","fontstyle":"","documentation":"","id":"sequenceflow7","conditiontype":"None","showdiamondmarker":false,"name":"","name_en_us":"","name_en_us-run":"","name_de_de":"","name_de_de-run":"","name_fr_fr":"","name_fr_fr-run":"","name_it_it":"","name_it_it-run":"","name_es_es":"","name_es_es-run":"","name-run":"","name_i18n-key":"","fontcolor":"","isimmediate":false,"fontsize":"","defaultflow":false,"fontweight":"","skipexpression":"","genericproperty":"","customstencilid":"cloudsequenceflow","customnamespace":"http://b3mn.org/stencilset/default.flowable.process.palette.xml#","xmlTag":"SequenceFlow"},"ssextensions":[],"outgoing":[{"resourceId":"exclusivedatabasedgateway1"}],"dockers":[{"x":50,"y":40},{"x":20.5,"y":20.5}],"labels":[{"styles":{"fill":"#000000","size":"12","italic":false,"bold":false},"ref":"text_name"}],"target":{"resourceId":"exclusivedatabasedgateway1"}},{"resourceId":"sequenceflow8","stencil":{"id":"SequenceFlow"},"pathProperties":{},"xmlProperties":["name","name_en_us","name_en_us-run","name_de_de","name_de_de-run","name_fr_fr","name_fr_fr-run","name_it_it","name_it_it-run","name_es_es","name_es_es-run","name-run","name_i18n-key"],"childShapes":[],"bounds":{"lowerRight":{"x":548,"y":276},"upperLeft":{"x":415,"y":276}},"outputmappingproperties":{"fields":{"type":"complex","placeholders":[]},"executionlistener":{"type":"complex","placeholders":[]},"genericproperty":{"type":"complex","placeholders":[]}},"properties":{"stencilid":"cloudsequenceflow","stencilsuperid":"SequenceFlow","stencilsuperids":["SequenceFlow"],"customstencil":"true","oldresourceid":"","notes":"","executionlistener":"","bordercolor":"#000000","bgcolor":"#ffffff","conditionexpression":"","fontstyle":"","documentation":"","id":"sequenceflow8","conditiontype":"None","showdiamondmarker":false,"name":"Simple Greeter","name_en_us":"Simple Greeter","name_en_us-run":"","name_de_de":"","name_de_de-run":"","name_fr_fr":"","name_fr_fr-run":"","name_it_it":"","name_it_it-run":"","name_es_es":"","name_es_es-run":"","name-run":"","name_i18n-key":"","fontcolor":"","isimmediate":false,"fontsize":"","defaultflow":true,"fontweight":"","skipexpression":"","genericproperty":"","customstencilid":"cloudsequenceflow","customnamespace":"http://b3mn.org/stencilset/default.flowable.process.palette.xml#","xmlTag":"SequenceFlow"},"ssextensions":[],"outgoing":[{"resourceId":"servicetask1"}],"dockers":[{"x":20.5,"y":20.5},{"x":50,"y":40}],"labels":[{"styles":{"fill":"#000000","size":"12","italic":false,"bold":false},"ref":"text_name"}],"target":{"resourceId":"servicetask1"}},{"resourceId":"sequenceflow9","stencil":{"id":"SequenceFlow"},"pathProperties":{},"xmlProperties":["name","name_en_us","name_en_us-run","name_de_de","name_de_de-run","name_fr_fr","name_fr_fr-run","name_it_it","name_it_it-run","name_es_es","name_es_es-run","name-run","name_i18n-key"],"childShapes":[],"bounds":{"lowerRight":{"x":740,"y":276},"upperLeft":{"x":649,"y":276}},"outputmappingproperties":{"fields":{"type":"complex","placeholders":[]},"executionlistener":{"type":"complex","placeholders":[]},"genericproperty":{"type":"complex","placeholders":[]}},"properties":{"stencilid":"cloudsequenceflow","stencilsuperid":"SequenceFlow","stencilsuperids":["SequenceFlow"],"customstencil":"true","oldresourceid":"","notes":"","executionlistener":"","bordercolor":"#000000","bgcolor":"#ffffff","conditionexpression":"","fontstyle":"","documentation":"","id":"sequenceflow9","conditiontype":"None","showdiamondmarker":false,"name":"","name_en_us":"","name_en_us-run":"","name_de_de":"","name_de_de-run":"","name_fr_fr":"","name_fr_fr-run":"","name_it_it":"","name_it_it-run":"","name_es_es":"","name_es_es-run":"","name-run":"","name_i18n-key":"","fontcolor":"","isimmediate":false,"fontsize":"","defaultflow":false,"fontweight":"","skipexpression":"","genericproperty":"","customstencilid":"cloudsequenceflow","customnamespace":"http://b3mn.org/stencilset/default.flowable.process.palette.xml#","xmlTag":"SequenceFlow"},"ssextensions":[],"outgoing":[{"resourceId":"exclusivedatabasedgateway2"}],"dockers":[{"x":50,"y":40},{"x":20,"y":20}],"labels":[{"styles":{"fill":"#000000","size":"12","italic":false,"bold":false},"ref":"text_name"}],"target":{"resourceId":"exclusivedatabasedgateway2"}},{"resourceId":"exclusivedatabasedgateway2","stencil":{"id":"Exclusive_Databased_Gateway"},"pathProperties":{},"xmlProperties":["name","name_en_us","name_en_us-run","name_de_de","name_de_de-run","name_fr_fr","name_fr_fr-run","name_it_it","name_it_it-run","name_es_es","name_es_es-run","name-run","name_i18n-key"],"childShapes":[],"bounds":{"lowerRight":{"x":780,"y":296},"upperLeft":{"x":740,"y":256}},"outputmappingproperties":{"genericproperty":{"type":"complex","placeholders":[]}},"properties":{"stencilid":"cloudexclusivedatabasedgateway","stencilsuperid":"Exclusive_Databased_Gateway","stencilsuperids":["Exclusive_Databased_Gateway"],"customstencil":"true","bgcolor":"#ffffff","notes":"","markervisible":true,"sequencefloworder":"","xortype":"Data","bordercolor":"#000000","gate_assignments":"","gatewaytype":"XOR","id":"exclusivedatabasedgateway2","async":false,"defaultgate":"","fontcolor":"","fontstyle":"","gate_outgoingsequenceflow":"","fontweight":"","categories":"","oldresourceid":"","name":"","name_en_us":"","name_en_us-run":"","name_de_de":"","name_de_de-run":"","name_fr_fr":"","name_fr_fr-run":"","name_it_it":"","name_it_it-run":"","name_es_es":"","name_es_es-run":"","name-run":"","name_i18n-key":"","genericproperty":"","exclusive":true,"fontsize":"","documentation":"","customstencilid":"cloudexclusivedatabasedgateway","customnamespace":"http://b3mn.org/stencilset/default.flowable.process.palette.xml#","xmlTag":"Exclusive_Databased_Gateway"},"ssextensions":[],"outgoing":[{"resourceId":"sequenceflow10"}],"dockers":[],"labels":[{"styles":{"fill":"#000000","size":"12","italic":false,"bold":false},"ref":"text_name"}]},{"resourceId":"sequenceflow10","stencil":{"id":"SequenceFlow"},"pathProperties":{},"xmlProperties":["name","name_en_us","name_en_us-run","name_de_de","name_de_de-run","name_fr_fr","name_fr_fr-run","name_it_it","name_it_it-run","name_es_es","name_es_es-run","name-run","name_i18n-key"],"childShapes":[],"bounds":{"lowerRight":{"x":857,"y":276},"upperLeft":{"x":780,"y":276}},"outputmappingproperties":{"fields":{"type":"complex","placeholders":[]},"executionlistener":{"type":"complex","placeholders":[]},"genericproperty":{"type":"complex","placeholders":[]}},"properties":{"stencilid":"cloudsequenceflow","stencilsuperid":"SequenceFlow","stencilsuperids":["SequenceFlow"],"customstencil":"true","oldresourceid":"","notes":"","executionlistener":"","bordercolor":"#000000","bgcolor":"#ffffff","conditionexpression":"","fontstyle":"","documentation":"","id":"sequenceflow10","conditiontype":"None","showdiamondmarker":false,"name":"","name_en_us":"","name_en_us-run":"","name_de_de":"","name_de_de-run":"","name_fr_fr":"","name_fr_fr-run":"","name_it_it":"","name_it_it-run":"","name_es_es":"","name_es_es-run":"","name-run":"","name_i18n-key":"","fontcolor":"","isimmediate":false,"fontsize":"","defaultflow":false,"fontweight":"","skipexpression":"","genericproperty":"","customstencilid":"cloudsequenceflow","customnamespace":"http://b3mn.org/stencilset/default.flowable.process.palette.xml#","xmlTag":"SequenceFlow"},"ssextensions":[],"outgoing":[{"resourceId":"endnoneevent1"}],"dockers":[{"x":20,"y":20},{"x":14,"y":14}],"labels":[{"styles":{"fill":"#000000","size":"12","italic":false,"bold":false},"ref":"text_name"}],"target":{"resourceId":"endnoneevent1"}}],"bounds":{"lowerRight":{"x":1485,"y":1050},"upperLeft":{"x":0,"y":0}},"outputmappingproperties":{"genericproperty":{"type":"complex","placeholders":[]},"namespaces":{"type":"complex","placeholders":[]},"fields":{"type":"complex","placeholders":[]},"executionlistener":{"type":"complex","placeholders":[]},"dataproperties":{"type":"complex","placeholders":[]},"eventlisteners":{"type":"complex","placeholders":[]},"signaldefinitions":{"type":"complex","placeholders":[]},"messagedefinitions":{"type":"complex","placeholders":[]}},"properties":{"stencilid":"BPMNDiagram","stencilsuperid":"BPMNDiagram","stencilsuperids":["BPMNDiagram"],"customstencil":false,"id":"helloWorldProcess","notes":"","name":"Hello World Process","name_en_us":"","name_de_de":"","name_fr_fr":"","name_it_it":"","name_es_es":"","name_i18n-key":"","documentation":"","documentation_en_us":"","documentation_de_de":"","documentation_fr_fr":"","documentation_it_it":"","documentation_es_es":"","documentation_i18n-key":"","genericproperty":"","oldresourceid":"","guid":"PROCESS_MODEL-6e683a0d-3ab7-4417-97c4-68b87acba877","labelexpression":"","version":"","author":"","language":"English","namespaces":"","creationdate":"2019-06-04T07:08:24.028Z","modificationdate":"2019-06-04T11:14:19.274Z","isexecutable":false,"isprocessexecutable":true,"fontsize":"12","fontweight":"normal","fontstyle":"normal","fontcolor":"#000000","securitypolicymodel":"","owner":"","owner-run":"","assignee":"","assignee-run":"","process_potentialstarteruser":"","process_potentialstarteruser-run":"","process_potentialstartergroup":"","process_potentialstartergroup-run":"","participantusers":"","participantusers-run":"","participantgroups":"","participantgroups-run":"","watcherusers":"","watcherusers-run":"","watchergroups":"","watchergroups-run":"","process_namespace":"","process_historylevel":"","executionlistener":"","dataproperties":"","eventlisteners":"","signaldefinitions":"","messagedefinitions":"","iseagerexecutionfetch":false,"initiator":"","process_author":"","xmlTag":"BPMNDiagram","description":""},"ssextensions":["http://b3mn.org/stencilset/default.flowable.process.palette.xml#","http://b3mn.org/stencilset/training.dp.process.palette.xml#"],"stencilset":{"url":"./app/editor_stencilset","namespace":"http://b3mn.org/stencilset/bpmn2.0#"}}}