{"id":"DATA_OBJECT_MODEL-ad7e9c03-5895-4ec4-9f80-252ee99e1fc5","name":"Address","key":"DOB-DATA001","description":null,"editorJson":{"dataObjectType":"databaseSchemaDataObject","sourceId":"flowableDatabaseSchemaDataSource","lookupIdMapping":{"name":"lookupId","dbName":"LOOKUP_ID_","type":"STRING"},"tableName":"_ADDRESS","lookupIdPrefix":"ADDRESS-","type":"address","subType":"","externalId":"","fieldMappings":[{"name":"title","dbName":"_TITLE","type":"STRING"},{"name":"name","dbName":"_NAME","type":"STRING"},{"name":"street","dbName":"_STREET","type":"STRING"},{"name":"city","dbName":"_CITY","type":"STRING"},{"name":"country","dbName":"_COUNTRY","type":"STRING"},{"type":"DATE","name":"lastUpdate","dbName":"_LAST_UPDATE"},{"readOnly":false,"name":"zipCode","dbName":"_ZIP_CODE","type":"STRING"}],"name":"Address"}}