{"id":"FORM_MODEL-c65be9bc-47b5-4802-8f41-4503b14d2497","name":"A Form","key":"aForm","description":"","editorJson":{"resourceId":"editor_FORM_MODEL-c65be9bc-47b5-4802-8f41-4503b14d2497","stencil":{"id":"XForm"},"pathProperties":{"id":"id","name":"name","creationdate":"creationdate","modificationdate":"modificationdate","outcomes":"outcomes","outcomevariablename":"outcomeVariableName","datamodel":"dataModel","dialog-size":"dialogSize","dialog-title":"dialogTitle","dialog-description":"dialogDescription"},"xmlProperties":[],"childShapes":[{"resourceId":"panel1","stencil":{"id":"SlotPanel"},"pathProperties":{"id":"id"},"xmlProperties":[],"childShapes":[{"resourceId":"text1","stencil":{"id":"Component"},"pathProperties":{"min-length":"extraSettings.minLength","min-length-run":"extraSettings.minLength","col-span":"size","validation-mask":"validationMask","label":"label","label_en_us":"i18n.en_us.label","label_de_de":"i18n.de_de.label","label_fr_fr":"i18n.fr_fr.label","label_it_it":"i18n.it_it.label","label_es_es":"i18n.es_es.label","label_i18n-key":"label","id":"id","ignored":"ignore","ignored-run":"ignore","tooltip":"tooltip","tooltip_en_us":"i18n.en_us.tooltip","tooltip_de_de":"i18n.de_de.tooltip","tooltip_fr_fr":"i18n.fr_fr.tooltip","tooltip_it_it":"i18n.it_it.tooltip","tooltip_es_es":"i18n.es_es.tooltip","tooltip_i18n-key":"tooltip","validation-regexp":"validationRegExp","label-position":"labelAlign","validation-regexp-error-msg":"validationRegExpErrorMessage","validation-regexp-error-msg_en_us":"i18n.en_us.validationRegExpErrorMessage","validation-regexp-error-msg_de_de":"i18n.de_de.validationRegExpErrorMessage","validation-regexp-error-msg_fr_fr":"i18n.fr_fr.validationRegExpErrorMessage","validation-regexp-error-msg_it_it":"i18n.it_it.validationRegExpErrorMessage","validation-regexp-error-msg_es_es":"i18n.es_es.validationRegExpErrorMessage","validation-regexp-error-msg_i18n-key":"validationRegExpErrorMessage","max-length-error-msg":"maxLengthErrorMessage","max-length-error-msg_en_us":"i18n.en_us.maxLengthErrorMessage","max-length-error-msg_de_de":"i18n.de_de.maxLengthErrorMessage","max-length-error-msg_fr_fr":"i18n.fr_fr.maxLengthErrorMessage","max-length-error-msg_it_it":"i18n.it_it.maxLengthErrorMessage","max-length-error-msg_es_es":"i18n.es_es.maxLengthErrorMessage","max-length-error-msg_i18n-key":"maxLengthErrorMessage","required":"isRequired","required-run":"isRequired","value":"value","min-length-error-msg":"minLengthErrorMessage","min-length-error-msg_en_us":"i18n.en_us.minLengthErrorMessage","min-length-error-msg_de_de":"i18n.de_de.minLengthErrorMessage","min-length-error-msg_fr_fr":"i18n.fr_fr.minLengthErrorMessage","min-length-error-msg_it_it":"i18n.it_it.minLengthErrorMessage","min-length-error-msg_es_es":"i18n.es_es.minLengthErrorMessage","min-length-error-msg_i18n-key":"minLengthErrorMessage","max-length":"extraSettings.maxLength","max-length-run":"extraSettings.maxLength","default-value":"defaultValue","description":"description","description_en_us":"i18n.en_us.description","description_de_de":"i18n.de_de.description","description_fr_fr":"i18n.fr_fr.description","description_it_it":"i18n.it_it.description","description_es_es":"i18n.es_es.description","description_i18n-key":"description","validation-mask-error-msg":"validationMaskErrorMessage","validation-mask-error-msg_en_us":"i18n.en_us.validationMaskErrorMessage","validation-mask-error-msg_de_de":"i18n.de_de.validationMaskErrorMessage","validation-mask-error-msg_fr_fr":"i18n.fr_fr.validationMaskErrorMessage","validation-mask-error-msg_it_it":"i18n.it_it.validationMaskErrorMessage","validation-mask-error-msg_es_es":"i18n.es_es.validationMaskErrorMessage","validation-mask-error-msg_i18n-key":"validationMaskErrorMessage","enabled":"enabled","enabled-run":"enabled","style-class":"styleClass","visible":"visible","visible-run":"visible"},"xmlProperties":["min-length","min-length-run","validation-mask","validation-regexp","validation-regexp-error-msg","validation-regexp-error-msg_en_us","validation-regexp-error-msg_de_de","validation-regexp-error-msg_fr_fr","validation-regexp-error-msg_it_it","validation-regexp-error-msg_es_es","validation-regexp-error-msg_i18n-key","min-length-error-msg","min-length-error-msg_en_us","min-length-error-msg_de_de","min-length-error-msg_fr_fr","min-length-error-msg_it_it","min-length-error-msg_es_es","min-length-error-msg_i18n-key","validation-mask-error-msg","validation-mask-error-msg_en_us","validation-mask-error-msg_de_de","validation-mask-error-msg_fr_fr","validation-mask-error-msg_it_it","validation-mask-error-msg_es_es","validation-mask-error-msg_i18n-key"],"childShapes":[],"bounds":{"lowerRight":{"x":492,"y":73},"upperLeft":{"x":15,"y":25}},"properties":{"stencilid":"cloud-text","stencilsuperid":"Component","stencilsuperids":["Component"],"customstencil":true,"min-length":"","min-length-run":"","notes":"","col-span":"1","bordercolor":"#000000","col":1,"row-weight":"","validation-mask":"","label":"Foo","label_en_us":"Foo","label_de_de":"Label","label_fr_fr":"Label","label_it_it":"Label","label_es_es":"Label","label_i18n-key":"","id":"text1","ignored":false,"ignored-run":"","tooltip":"","tooltip_en_us":"","tooltip_de_de":"","tooltip_fr_fr":"","tooltip_it_it":"","tooltip_es_es":"","tooltip_i18n-key":"","validation-regexp":"","col-weight":"","size":6,"height":"","label-position":"top","node-type":"","row":1,"validation-regexp-error-msg":"","validation-regexp-error-msg_en_us":"","validation-regexp-error-msg_de_de":"","validation-regexp-error-msg_fr_fr":"","validation-regexp-error-msg_it_it":"","validation-regexp-error-msg_es_es":"","validation-regexp-error-msg_i18n-key":"","description-align":"left","max-length-error-msg":"","max-length-error-msg_en_us":"","max-length-error-msg_de_de":"","max-length-error-msg_fr_fr":"","max-length-error-msg_it_it":"","max-length-error-msg_es_es":"","max-length-error-msg_i18n-key":"","required":false,"required-run":"","value":"{{foo}}","col-align":"fill","width":"200","min-length-error-msg":"","min-length-error-msg_en_us":"","min-length-error-msg_de_de":"","min-length-error-msg_fr_fr":"","min-length-error-msg_it_it":"","min-length-error-msg_es_es":"","min-length-error-msg_i18n-key":"","max-length":"","max-length-run":"","default-value":"","description":"","description_en_us":"","description_de_de":"","description_fr_fr":"","description_it_it":"","description_es_es":"","description_i18n-key":"","description-position":"bottom","row-align":"top","documentation":"","validation-mask-error-msg":"","validation-mask-error-msg_en_us":"","validation-mask-error-msg_de_de":"","validation-mask-error-msg_fr_fr":"","validation-mask-error-msg_it_it":"","validation-mask-error-msg_es_es":"","validation-mask-error-msg_i18n-key":"","label-align":"top-left","enabled":true,"enabled-run":"","style-class":"","visible":true,"visible-run":"","customstencilid":"cloud-text","customnamespace":"http://b3mn.org/stencilset/default.flowable.form.palette.xml#","xmlTag":"text"},"ssextensions":[],"outgoing":[],"dockers":[],"labels":[{"styles":{"fill":"#000000","size":"12","italic":false,"bold":false},"ref":"label_text"},{"styles":{"fill":"#000000","size":"12","italic":false,"bold":false},"ref":"input_text"},{"styles":{"fill":"#000000","size":"12","italic":false,"bold":false},"ref":"desc_text"}]},{"resourceId":"text2","stencil":{"id":"Component"},"pathProperties":{"min-length":"extraSettings.minLength","min-length-run":"extraSettings.minLength","col-span":"size","validation-mask":"validationMask","label":"label","label_en_us":"i18n.en_us.label","label_de_de":"i18n.de_de.label","label_fr_fr":"i18n.fr_fr.label","label_it_it":"i18n.it_it.label","label_es_es":"i18n.es_es.label","label_i18n-key":"label","id":"id","ignored":"ignore","ignored-run":"ignore","tooltip":"tooltip","tooltip_en_us":"i18n.en_us.tooltip","tooltip_de_de":"i18n.de_de.tooltip","tooltip_fr_fr":"i18n.fr_fr.tooltip","tooltip_it_it":"i18n.it_it.tooltip","tooltip_es_es":"i18n.es_es.tooltip","tooltip_i18n-key":"tooltip","validation-regexp":"validationRegExp","label-position":"labelAlign","validation-regexp-error-msg":"validationRegExpErrorMessage","validation-regexp-error-msg_en_us":"i18n.en_us.validationRegExpErrorMessage","validation-regexp-error-msg_de_de":"i18n.de_de.validationRegExpErrorMessage","validation-regexp-error-msg_fr_fr":"i18n.fr_fr.validationRegExpErrorMessage","validation-regexp-error-msg_it_it":"i18n.it_it.validationRegExpErrorMessage","validation-regexp-error-msg_es_es":"i18n.es_es.validationRegExpErrorMessage","validation-regexp-error-msg_i18n-key":"validationRegExpErrorMessage","max-length-error-msg":"maxLengthErrorMessage","max-length-error-msg_en_us":"i18n.en_us.maxLengthErrorMessage","max-length-error-msg_de_de":"i18n.de_de.maxLengthErrorMessage","max-length-error-msg_fr_fr":"i18n.fr_fr.maxLengthErrorMessage","max-length-error-msg_it_it":"i18n.it_it.maxLengthErrorMessage","max-length-error-msg_es_es":"i18n.es_es.maxLengthErrorMessage","max-length-error-msg_i18n-key":"maxLengthErrorMessage","required":"isRequired","required-run":"isRequired","value":"value","min-length-error-msg":"minLengthErrorMessage","min-length-error-msg_en_us":"i18n.en_us.minLengthErrorMessage","min-length-error-msg_de_de":"i18n.de_de.minLengthErrorMessage","min-length-error-msg_fr_fr":"i18n.fr_fr.minLengthErrorMessage","min-length-error-msg_it_it":"i18n.it_it.minLengthErrorMessage","min-length-error-msg_es_es":"i18n.es_es.minLengthErrorMessage","min-length-error-msg_i18n-key":"minLengthErrorMessage","max-length":"extraSettings.maxLength","max-length-run":"extraSettings.maxLength","default-value":"defaultValue","description":"description","description_en_us":"i18n.en_us.description","description_de_de":"i18n.de_de.description","description_fr_fr":"i18n.fr_fr.description","description_it_it":"i18n.it_it.description","description_es_es":"i18n.es_es.description","description_i18n-key":"description","validation-mask-error-msg":"validationMaskErrorMessage","validation-mask-error-msg_en_us":"i18n.en_us.validationMaskErrorMessage","validation-mask-error-msg_de_de":"i18n.de_de.validationMaskErrorMessage","validation-mask-error-msg_fr_fr":"i18n.fr_fr.validationMaskErrorMessage","validation-mask-error-msg_it_it":"i18n.it_it.validationMaskErrorMessage","validation-mask-error-msg_es_es":"i18n.es_es.validationMaskErrorMessage","validation-mask-error-msg_i18n-key":"validationMaskErrorMessage","enabled":"enabled","enabled-run":"enabled","style-class":"styleClass","visible":"visible","visible-run":"visible"},"xmlProperties":["min-length","min-length-run","validation-mask","validation-regexp","validation-regexp-error-msg","validation-regexp-error-msg_en_us","validation-regexp-error-msg_de_de","validation-regexp-error-msg_fr_fr","validation-regexp-error-msg_it_it","validation-regexp-error-msg_es_es","validation-regexp-error-msg_i18n-key","min-length-error-msg","min-length-error-msg_en_us","min-length-error-msg_de_de","min-length-error-msg_fr_fr","min-length-error-msg_it_it","min-length-error-msg_es_es","min-length-error-msg_i18n-key","validation-mask-error-msg","validation-mask-error-msg_en_us","validation-mask-error-msg_de_de","validation-mask-error-msg_fr_fr","validation-mask-error-msg_it_it","validation-mask-error-msg_es_es","validation-mask-error-msg_i18n-key"],"childShapes":[],"bounds":{"lowerRight":{"x":984,"y":73},"upperLeft":{"x":507,"y":25}},"properties":{"stencilid":"cloud-text","stencilsuperid":"Component","stencilsuperids":["Component"],"customstencil":true,"min-length":"","min-length-run":"","notes":"","col-span":"1","bordercolor":"#000000","col":7,"row-weight":"","validation-mask":"","label":"Bar","label_en_us":"Bar","label_de_de":"Label","label_fr_fr":"Label","label_it_it":"Label","label_es_es":"Label","label_i18n-key":"","id":"text2","ignored":false,"ignored-run":"","tooltip":"","tooltip_en_us":"","tooltip_de_de":"","tooltip_fr_fr":"","tooltip_it_it":"","tooltip_es_es":"","tooltip_i18n-key":"","validation-regexp":"","col-weight":"","size":6,"height":"","label-position":"top","node-type":"","row":1,"validation-regexp-error-msg":"","validation-regexp-error-msg_en_us":"","validation-regexp-error-msg_de_de":"","validation-regexp-error-msg_fr_fr":"","validation-regexp-error-msg_it_it":"","validation-regexp-error-msg_es_es":"","validation-regexp-error-msg_i18n-key":"","description-align":"left","max-length-error-msg":"","max-length-error-msg_en_us":"","max-length-error-msg_de_de":"","max-length-error-msg_fr_fr":"","max-length-error-msg_it_it":"","max-length-error-msg_es_es":"","max-length-error-msg_i18n-key":"","required":false,"required-run":"","value":"{{bar}}","col-align":"fill","width":"200","min-length-error-msg":"","min-length-error-msg_en_us":"","min-length-error-msg_de_de":"","min-length-error-msg_fr_fr":"","min-length-error-msg_it_it":"","min-length-error-msg_es_es":"","min-length-error-msg_i18n-key":"","max-length":"","max-length-run":"","default-value":"","description":"","description_en_us":"","description_de_de":"","description_fr_fr":"","description_it_it":"","description_es_es":"","description_i18n-key":"","description-position":"bottom","row-align":"top","documentation":"","validation-mask-error-msg":"","validation-mask-error-msg_en_us":"","validation-mask-error-msg_de_de":"","validation-mask-error-msg_fr_fr":"","validation-mask-error-msg_it_it":"","validation-mask-error-msg_es_es":"","validation-mask-error-msg_i18n-key":"","label-align":"top-left","enabled":true,"enabled-run":"","style-class":"","visible":true,"visible-run":"","customstencilid":"cloud-text","customnamespace":"http://b3mn.org/stencilset/default.flowable.form.palette.xml#","xmlTag":"text"},"ssextensions":[],"outgoing":[],"dockers":[],"labels":[{"styles":{"fill":"#000000","size":"12","italic":false,"bold":false},"ref":"label_text"},{"styles":{"fill":"#000000","size":"12","italic":false,"bold":false},"ref":"input_text"},{"styles":{"fill":"#000000","size":"12","italic":false,"bold":false},"ref":"desc_text"}]}],"bounds":{"lowerRight":{"x":1049,"y":148},"upperLeft":{"x":50,"y":50}},"oldResourceId":"sid-8D9FC954-EB33-4C05-ADF0-5706EF50E974","properties":{"stencilid":"SlotPanel","stencilsuperid":"SlotPanel","stencilsuperids":["SlotPanel"],"customstencil":true,"id":"panel1","notes":"","width":"300","xmlTag":"panel"},"ssextensions":[],"outgoing":[],"dockers":[]}],"bounds":{"lowerRight":{"x":1485,"y":1050},"upperLeft":{"x":0,"y":0}},"outputmappingproperties":{"outcomes":{"type":"complex","placeholders":[]},"datamodel":{"type":"complex","placeholders":[]}},"properties":{"stencilid":"XForm","stencilsuperid":"XForm","stencilsuperids":["XForm"],"customstencil":true,"id":"aForm","notes":"","guid":"FORM_MODEL-c65be9bc-47b5-4802-8f41-4503b14d2497","stylesheet":"","name":"A Form","creationdate":"2019-08-21T13:37:01.434Z","modificationdate":"2019-08-21T13:37:17.233Z","outcomes":"","outcomevariablename":"","datamodel":"","dialog-size":"","dialog-title":"","dialog-description":"","xmlTag":"XForm","description":""},"ssextensions":["http://b3mn.org/stencilset/default.flowable.form.palette.xml#"],"stencilset":{"url":"./app/editor_stencilset","namespace":"http://b3mn.org/stencilset/xforms#"}}}