{"id":"FORM_MODEL-335de2b5-b629-4fc3-92b5-6daa0f0b3182","name":"Enter Name Form","key":"enterNameForm","description":"","editorJson":{"resourceId":"editor_FORM_MODEL-335de2b5-b629-4fc3-92b5-6daa0f0b3182","stencil":{"id":"XForm"},"pathProperties":{"id":"id","name":"name","creationdate":"creationdate","modificationdate":"modificationdate","outcomes":"outcomes","outcomevariablename":"outcomeVariableName","dialog-size":"dialogSize","dialog-title":"dialogTitle","dialog-description":"dialogDescription"},"xmlProperties":[],"childShapes":[{"resourceId":"panel1","stencil":{"id":"SlotPanel"},"pathProperties":{"id":"id"},"xmlProperties":[],"childShapes":[{"resourceId":"checkbox2","stencil":{"id":"Component"},"pathProperties":{"tooltip":"tooltip","tooltip_en_us":"i18n.en_us.tooltip","tooltip_de_de":"i18n.de_de.tooltip","tooltip_fr_fr":"i18n.fr_fr.tooltip","tooltip_it_it":"i18n.it_it.tooltip","tooltip_es_es":"i18n.es_es.tooltip","tooltip_i18n-key":"tooltip","description":"description","description_en_us":"i18n.en_us.description","description_de_de":"i18n.de_de.description","description_fr_fr":"i18n.fr_fr.description","description_it_it":"i18n.it_it.description","description_es_es":"i18n.es_es.description","description_i18n-key":"description","col-span":"size","label":"label","label_en_us":"i18n.en_us.label","label_de_de":"i18n.de_de.label","label_fr_fr":"i18n.fr_fr.label","label_it_it":"i18n.it_it.label","label_es_es":"i18n.es_es.label","label_i18n-key":"label","required":"isRequired","required-run":"isRequired","style-class":"styleClass","id":"id","label-position":"labelAlign","ignored":"ignore","ignored-run":"ignore","visible":"visible","visible-run":"visible","default-value":"defaultValue","default-value-run":"defaultValue","node-type":"type","value":"value","enabled":"enabled","enabled-run":"enabled"},"xmlProperties":[],"childShapes":[],"bounds":{"lowerRight":{"x":984,"y":170},"upperLeft":{"x":15,"y":122}},"properties":{"stencilid":"cloud-checkbox","stencilsuperid":"Component","stencilsuperids":["Component"],"customstencil":true,"tooltip":"","tooltip_en_us":"","tooltip_de_de":"","tooltip_fr_fr":"","tooltip_it_it":"","tooltip_es_es":"","tooltip_i18n-key":"","notes":"","description":"","description_en_us":"","description_de_de":"","description_fr_fr":"","description_it_it":"","description_es_es":"","description_i18n-key":"","col-span":"1","label":"Use advanced greeter?","label_en_us":"Use advanced greeter?","label_de_de":"Label","label_fr_fr":"Label","label_it_it":"Label","label_es_es":"Label","label_i18n-key":"","row-align":"top","size":12,"required":false,"required-run":"","style-class":"","description-align":"left","row-weight":"","id":"checkbox2","label-position":"top","ignored":false,"ignored-run":"","label-align":"top-left","visible":true,"visible-run":"","col-align":"fill","height":"","documentation":"","width":"200","default-value":false,"default-value-run":"","description-position":"bottom","node-type":"boolean","value":"{{useAdvancedGreeter}}","row":2,"bordercolor":"#000000","enabled":true,"enabled-run":"","col":1,"col-weight":"","customstencilid":"cloud-checkbox","customnamespace":"http://b3mn.org/stencilset/default.flowable.form.palette.xml#","xmlTag":"boolean"},"ssextensions":[],"outgoing":[],"dockers":[],"labels":[{"styles":{"fill":"#000000","size":"12","italic":false,"bold":false},"ref":"label_text"},{"styles":{"fill":"#000000","size":"12","italic":false,"bold":false},"ref":"input_text"},{"styles":{"fill":"#000000","size":"12","italic":false,"bold":false},"ref":"input_dependent_text"},{"styles":{"fill":"#000000","size":"12","italic":false,"bold":false},"ref":"desc_text"}]},{"resourceId":"user-auto-complete1","stencil":{"id":"Component"},"pathProperties":{"search-query":"extraSettings.searchQuery","multi":"extraSettings.multi","ignored":"ignore","ignored-run":"ignore","required":"isRequired","required-run":"isRequired","visible":"visible","visible-run":"visible","description":"description","description_en_us":"i18n.en_us.description","description_de_de":"i18n.de_de.description","description_fr_fr":"i18n.fr_fr.description","description_it_it":"i18n.it_it.description","description_es_es":"i18n.es_es.description","description_i18n-key":"description","label-position":"labelAlign","auto-complete-type":"extraSettings.storage","tooltip":"tooltip","tooltip_en_us":"i18n.en_us.tooltip","tooltip_de_de":"i18n.de_de.tooltip","tooltip_fr_fr":"i18n.fr_fr.tooltip","tooltip_it_it":"i18n.it_it.tooltip","tooltip_es_es":"i18n.es_es.tooltip","tooltip_i18n-key":"tooltip","enabled":"enabled","enabled-run":"enabled","preselect-all":"extraSettings.preselectAll","id":"id","col-span":"size","options":"extraSettings.items","options_en_us":"i18n.en_us.extraSettings.items","options_en_us-run":"i18n.en_us.extraSettings.items","options_de_de":"i18n.de_de.extraSettings.items","options_de_de-run":"i18n.de_de.extraSettings.items","options_fr_fr":"i18n.fr_fr.extraSettings.items","options_fr_fr-run":"i18n.fr_fr.extraSettings.items","options_it_it":"i18n.it_it.extraSettings.items","options_it_it-run":"i18n.it_it.extraSettings.items","options_es_es":"i18n.es_es.extraSettings.items","options_es_es-run":"i18n.es_es.extraSettings.items","options-run":"extraSettings.items","options_i18n-key":"extraSettings.items","style-class":"styleClass","selection-error-msg":"extraSettings.selectionErrorMessage","selection-error-msg_en_us":"i18n.en_us.extraSettings.selectionErrorMessage","selection-error-msg_de_de":"i18n.de_de.extraSettings.selectionErrorMessage","selection-error-msg_fr_fr":"i18n.fr_fr.extraSettings.selectionErrorMessage","selection-error-msg_it_it":"i18n.it_it.extraSettings.selectionErrorMessage","selection-error-msg_es_es":"i18n.es_es.extraSettings.selectionErrorMessage","selection-error-msg_i18n-key":"extraSettings.selectionErrorMessage","autocomplete-min-length":"extraSettings.autocompleteMinLength","link-target-view":"extraSettings.linkTargetView","label":"label","label_en_us":"i18n.en_us.label","label_de_de":"i18n.de_de.label","label_fr_fr":"i18n.fr_fr.label","label_it_it":"i18n.it_it.label","label_es_es":"i18n.es_es.label","label_i18n-key":"label","value":"value","default-value":"defaultValue","default-value-run":"defaultValue","lookup-url":"extraSettings.lookupUrl","lookup-url-run":"extraSettings.lookupUrl","query-url":"extraSettings.queryUrl","query-url-run":"extraSettings.queryUrl","path":"extraSettings.path","format-item":"extraSettings.formatItem","serialize-item":"extraSettings.identity","link-item":"extraSettings.linkUrl","link-target":"extraSettings.linkTarget","datasource":"extraSettings.dataSource","enable-autocomplete":"extraSettings.enableAutocomplete","min-items":"extraSettings.minItems","min-items-run":"extraSettings.minItems","max-items":"extraSettings.maxItems","max-items-run":"extraSettings.maxItems","min-error-msg":"extraSettings.minItemsErrorMessage","min-error-msg_en_us":"i18n.en_us.extraSettings.minItemsErrorMessage","min-error-msg_de_de":"i18n.de_de.extraSettings.minItemsErrorMessage","min-error-msg_fr_fr":"i18n.fr_fr.extraSettings.minItemsErrorMessage","min-error-msg_it_it":"i18n.it_it.extraSettings.minItemsErrorMessage","min-error-msg_es_es":"i18n.es_es.extraSettings.minItemsErrorMessage","min-error-msg_i18n-key":"extraSettings.minItemsErrorMessage","max-error-msg":"extraSettings.maxItemsErrorMessage","max-error-msg_en_us":"i18n.en_us.extraSettings.maxItemsErrorMessage","max-error-msg_de_de":"i18n.de_de.extraSettings.maxItemsErrorMessage","max-error-msg_fr_fr":"i18n.fr_fr.extraSettings.maxItemsErrorMessage","max-error-msg_it_it":"i18n.it_it.extraSettings.maxItemsErrorMessage","max-error-msg_es_es":"i18n.es_es.extraSettings.maxItemsErrorMessage","max-error-msg_i18n-key":"extraSettings.maxItemsErrorMessage","tags-enabled":"extraSettings.tagsEnabled"},"xmlProperties":["auto-complete-type","preselect-all","lookup-url","lookup-url-run","query-url","query-url-run","path","format-item","serialize-item","link-item","tags-enabled"],"childShapes":[],"bounds":{"lowerRight":{"x":984,"y":97},"upperLeft":{"x":15,"y":25}},"outputmappingproperties":{"options":{"type":"complex","placeholders":[]},"options_en_us":{"type":"complex","placeholders":[]},"options_de_de":{"type":"complex","placeholders":[]},"options_fr_fr":{"type":"complex","placeholders":[]},"options_it_it":{"type":"complex","placeholders":[]},"options_es_es":{"type":"complex","placeholders":[]}},"properties":{"stencilid":"user-auto-complete","stencilsuperid":"Component","stencilsuperids":["Component"],"customstencil":true,"width":"200","notes":"","search-query":"","row-weight":"","row":1,"label-align":"top-left","height":"","multi":false,"col-weight":"","row-align":"top","description-position":"bottom","ignored":false,"ignored-run":"","required":true,"required-run":"","visible":true,"visible-run":"","documentation":"","description":"The person you want to say hello to!","description_en_us":"The person you want to say hello to!","description_de_de":"","description_fr_fr":"","description_it_it":"","description_es_es":"","description_i18n-key":"","label-position":"top","auto-complete-type":"Id","node-type":"","tooltip":"","tooltip_en_us":"","tooltip_de_de":"","tooltip_fr_fr":"","tooltip_it_it":"","tooltip_es_es":"","tooltip_i18n-key":"","description-align":"left","enabled":true,"enabled-run":"","preselect-all":false,"id":"user-auto-complete1","col-span":"1","col":1,"options":"","options_en_us":"","options_en_us-run":"","options_de_de":"","options_de_de-run":"","options_fr_fr":"","options_fr_fr-run":"","options_it_it":"","options_it_it-run":"","options_es_es":"","options_es_es-run":"","options-run":"","options_i18n-key":"","style-class":"","selection-error-msg":"","selection-error-msg_en_us":"","selection-error-msg_de_de":"","selection-error-msg_fr_fr":"","selection-error-msg_it_it":"","selection-error-msg_es_es":"","selection-error-msg_i18n-key":"","col-align":"fill","link-target-view":"browse","size":12,"label":"To be greeted","label_en_us":"To be greeted","label_de_de":"Label","label_fr_fr":"Label","label_it_it":"Label","label_es_es":"Label","label_i18n-key":"","value":"{{toBeGreeted}}","default-value":"","default-value-run":"","lookup-url":"{{endpoints.idm}}/users/{{$item.id}}","lookup-url-run":"{{endpoints.idm}}/users/{{$item.id}}","query-url":"{{endpoints.idm}}/users","query-url-run":"{{endpoints.idm}}/users","path":"data","format-item":"{{$item.displayName}}","serialize-item":"id","link-item":"{{endpoints.idm}}/users/{{$item.id}}","link-target":"_self","datasource":"Rest","enable-autocomplete":false,"min-items":"","min-items-run":"","max-items":"","max-items-run":"","min-error-msg":"","min-error-msg_en_us":"","min-error-msg_de_de":"","min-error-msg_fr_fr":"","min-error-msg_it_it":"","min-error-msg_es_es":"","min-error-msg_i18n-key":"","max-error-msg":"","max-error-msg_en_us":"","max-error-msg_de_de":"","max-error-msg_fr_fr":"","max-error-msg_it_it":"","max-error-msg_es_es":"","max-error-msg_i18n-key":"","tags-enabled":false,"customstencilid":"user-auto-complete","customnamespace":"http://b3mn.org/stencilset/default.flowable.form.palette.xml#","xmlTag":"select"},"ssextensions":[],"outgoing":[],"dockers":[],"labels":[{"styles":{"fill":"#000000","size":"12","italic":false,"bold":false},"ref":"label_text"},{"styles":{"fill":"#000000","size":"12","italic":false,"bold":false},"ref":"input_text"},{"styles":{"fill":"#000000","size":"12","italic":false,"bold":false},"ref":"desc_text"}]}],"bounds":{"lowerRight":{"x":1049,"y":245},"upperLeft":{"x":50,"y":50}},"oldResourceId":"sid-8D9FC954-EB33-4C05-ADF0-5706EF50E974","properties":{"stencilid":"SlotPanel","stencilsuperid":"SlotPanel","stencilsuperids":["SlotPanel"],"customstencil":true,"id":"panel1","notes":"","width":"300","xmlTag":"panel"},"ssextensions":[],"outgoing":[],"dockers":[]}],"bounds":{"lowerRight":{"x":1485,"y":1050},"upperLeft":{"x":0,"y":0}},"outputmappingproperties":{"outcomes":{"type":"complex","placeholders":[]}},"properties":{"stencilid":"XForm","stencilsuperid":"XForm","stencilsuperids":["XForm"],"customstencil":true,"id":"enterNameForm","notes":"","guid":"FORM_MODEL-335de2b5-b629-4fc3-92b5-6daa0f0b3182","stylesheet":"","name":"Enter Name Form","creationdate":"2019-06-04T09:27:27.041Z","modificationdate":"2019-06-04T14:44:23.547Z","outcomes":"","outcomevariablename":"","dialog-size":"","dialog-title":"","dialog-description":"","xmlTag":"XForm","description":""},"ssextensions":["http://b3mn.org/stencilset/default.flowable.form.palette.xml#"],"stencilset":{"url":"./app/editor_stencilset","namespace":"http://b3mn.org/stencilset/xforms#"}}}