<?xml version="1.0" encoding="UTF-8"?>
<databaseChangeLog xmlns="http://www.liquibase.org/xml/ns/dbchangelog" xmlns:xsi="http://www.w3.org/2001/XMLSchema-instance" xsi:schemaLocation="http://www.liquibase.org/xml/ns/dbchangelog http://www.liquibase.org/xml/ns/dbchangelog/dbchangelog-3.0.xsd" logicalFilePath="DOB-L001">
    <property name="datetime.type" value="datetime2" dbms="mssql"/>
    <property name="datetime.type" value="datetime"/>
    <property name="varchar.type" value="nvarchar" dbms="mssql"/>
    <property name="varchar.type" value="varchar"/>
    <property name="dataObjectReferences" value="DOB-DATA001"/>

    <changeSet id="1" author="flowable">
        <createTable tableName="_ADDRESS">
            <column name="LOOKUP_ID_" type="${varchar.type}(255)">
                <constraints nullable="false" primaryKey="true"/>
            </column>
            <column name="_TITLE" type="${varchar.type}(255)"/>
            <column name="_NAME" type="${varchar.type}(255)"/>
            <column name="_STREET" type="${varchar.type}(255)"/>
            <column name="_CITY" type="${varchar.type}(255)"/>
            <column name="_COUNTRY" type="${varchar.type}(255)"/>
            <column name="_LAST_UPDATE" type="${datetime.type}(6)"/>
            <column name="_ZIP_CODE" type="${varchar.type}(255)"/>
        </createTable>
    </changeSet>
</databaseChangeLog>
