{"id":"FORM_MODEL-73be0a5f-5c02-4667-a580-a3c7b707197a","name":"Employee Company Info","key":"employeeCompanyInfo","description":"","editorJson":{"resourceId":"editor_FORM_MODEL-73be0a5f-5c02-4667-a580-a3c7b707197a","stencil":{"id":"XForm"},"pathProperties":{"id":"id","name":"name","creationdate":"creationdate","modificationdate":"modificationdate","outcomes":"outcomes","outcomevariablename":"outcomeVariableName","dialog-size":"dialogSize","dialog-title":"dialogTitle","dialog-description":"dialogDescription"},"xmlProperties":[],"childShapes":[{"resourceId":"panel1","stencil":{"id":"SlotPanel"},"pathProperties":{"id":"id"},"xmlProperties":[],"childShapes":[{"resourceId":"text1","stencil":{"id":"Component"},"pathProperties":{"enabled":"enabled","enabled-run":"enabled","max-length-error-msg":"maxLengthErrorMessage","max-length-error-msg_en_us":"i18n.en_us.maxLengthErrorMessage","max-length-error-msg_de_de":"i18n.de_de.maxLengthErrorMessage","max-length-error-msg_fr_fr":"i18n.fr_fr.maxLengthErrorMessage","max-length-error-msg_it_it":"i18n.it_it.maxLengthErrorMessage","max-length-error-msg_es_es":"i18n.es_es.maxLengthErrorMessage","max-length-error-msg_i18n-key":"maxLengthErrorMessage","style-class":"styleClass","description":"description","description_en_us":"i18n.en_us.description","description_de_de":"i18n.de_de.description","description_fr_fr":"i18n.fr_fr.description","description_it_it":"i18n.it_it.description","description_es_es":"i18n.es_es.description","description_i18n-key":"description","tooltip":"tooltip","tooltip_en_us":"i18n.en_us.tooltip","tooltip_de_de":"i18n.de_de.tooltip","tooltip_fr_fr":"i18n.fr_fr.tooltip","tooltip_it_it":"i18n.it_it.tooltip","tooltip_es_es":"i18n.es_es.tooltip","tooltip_i18n-key":"tooltip","id":"id","min-length":"extraSettings.minLength","ignored":"ignore","ignored-run":"ignore","max-length":"extraSettings.maxLength","label":"label","label_en_us":"i18n.en_us.label","label_de_de":"i18n.de_de.label","label_fr_fr":"i18n.fr_fr.label","label_it_it":"i18n.it_it.label","label_es_es":"i18n.es_es.label","label_i18n-key":"label","validation-mask":"validationMask","validation-mask-error-msg":"validationMaskErrorMessage","validation-mask-error-msg_en_us":"i18n.en_us.validationMaskErrorMessage","validation-mask-error-msg_de_de":"i18n.de_de.validationMaskErrorMessage","validation-mask-error-msg_fr_fr":"i18n.fr_fr.validationMaskErrorMessage","validation-mask-error-msg_it_it":"i18n.it_it.validationMaskErrorMessage","validation-mask-error-msg_es_es":"i18n.es_es.validationMaskErrorMessage","validation-mask-error-msg_i18n-key":"validationMaskErrorMessage","visible":"visible","visible-run":"visible","col-span":"size","min-length-error-msg":"minLengthErrorMessage","min-length-error-msg_en_us":"i18n.en_us.minLengthErrorMessage","min-length-error-msg_de_de":"i18n.de_de.minLengthErrorMessage","min-length-error-msg_fr_fr":"i18n.fr_fr.minLengthErrorMessage","min-length-error-msg_it_it":"i18n.it_it.minLengthErrorMessage","min-length-error-msg_es_es":"i18n.es_es.minLengthErrorMessage","min-length-error-msg_i18n-key":"minLengthErrorMessage","value":"value","default-value":"defaultValue","required":"isRequired","required-run":"isRequired","validation-regexp-error-msg":"validationRegExpErrorMessage","validation-regexp-error-msg_en_us":"i18n.en_us.validationRegExpErrorMessage","validation-regexp-error-msg_de_de":"i18n.de_de.validationRegExpErrorMessage","validation-regexp-error-msg_fr_fr":"i18n.fr_fr.validationRegExpErrorMessage","validation-regexp-error-msg_it_it":"i18n.it_it.validationRegExpErrorMessage","validation-regexp-error-msg_es_es":"i18n.es_es.validationRegExpErrorMessage","validation-regexp-error-msg_i18n-key":"validationRegExpErrorMessage","label-position":"labelAlign","validation-regexp":"validationRegExp"},"xmlProperties":["min-length","validation-mask","validation-mask-error-msg","validation-mask-error-msg_en_us","validation-mask-error-msg_de_de","validation-mask-error-msg_fr_fr","validation-mask-error-msg_it_it","validation-mask-error-msg_es_es","validation-mask-error-msg_i18n-key","min-length-error-msg","min-length-error-msg_en_us","min-length-error-msg_de_de","min-length-error-msg_fr_fr","min-length-error-msg_it_it","min-length-error-msg_es_es","min-length-error-msg_i18n-key","validation-regexp-error-msg","validation-regexp-error-msg_en_us","validation-regexp-error-msg_de_de","validation-regexp-error-msg_fr_fr","validation-regexp-error-msg_it_it","validation-regexp-error-msg_es_es","validation-regexp-error-msg_i18n-key","validation-regexp"],"childShapes":[],"bounds":{"lowerRight":{"x":492,"y":73},"upperLeft":{"x":15,"y":25}},"properties":{"stencilid":"cloud-text","stencilsuperid":"Component","stencilsuperids":["Component"],"customstencil":true,"enabled":true,"enabled-run":"","notes":"","max-length-error-msg":"","max-length-error-msg_en_us":"","max-length-error-msg_de_de":"","max-length-error-msg_fr_fr":"","max-length-error-msg_it_it":"","max-length-error-msg_es_es":"","max-length-error-msg_i18n-key":"","style-class":"","description":"","description_en_us":"","description_de_de":"","description_fr_fr":"","description_it_it":"","description_es_es":"","description_i18n-key":"","description-align":"left","tooltip":"","tooltip_en_us":"","tooltip_de_de":"","tooltip_fr_fr":"","tooltip_it_it":"","tooltip_es_es":"","tooltip_i18n-key":"","row":1,"node-type":"","id":"name","min-length":"","row-align":"top","ignored":false,"ignored-run":"","width":"200","max-length":"","label":"Name","label_en_us":"Name","label_de_de":"Label","label_fr_fr":"Label","label_it_it":"Label","label_es_es":"Label","label_i18n-key":"","validation-mask":"","validation-mask-error-msg":"","validation-mask-error-msg_en_us":"","validation-mask-error-msg_de_de":"","validation-mask-error-msg_fr_fr":"","validation-mask-error-msg_it_it":"","validation-mask-error-msg_es_es":"","validation-mask-error-msg_i18n-key":"","height":"","visible":true,"visible-run":"","label-align":"top-left","col-span":"1","size":6,"min-length-error-msg":"","min-length-error-msg_en_us":"","min-length-error-msg_de_de":"","min-length-error-msg_fr_fr":"","min-length-error-msg_it_it":"","min-length-error-msg_es_es":"","min-length-error-msg_i18n-key":"","documentation":"","bordercolor":"#000000","value":"{{name}}","default-value":"","required":false,"required-run":"","validation-regexp-error-msg":"","validation-regexp-error-msg_en_us":"","validation-regexp-error-msg_de_de":"","validation-regexp-error-msg_fr_fr":"","validation-regexp-error-msg_it_it":"","validation-regexp-error-msg_es_es":"","validation-regexp-error-msg_i18n-key":"","col-align":"fill","col-weight":"","description-position":"bottom","col":1,"label-position":"top","validation-regexp":"","row-weight":"","customstencilid":"cloud-text","customnamespace":"http://b3mn.org/stencilset/default.flowable.form.palette.xml#","xmlTag":"text"},"ssextensions":[],"outgoing":[],"dockers":[],"labels":[{"styles":{"fill":"#000000","size":"12","italic":false,"bold":false},"ref":"label_text"},{"styles":{"fill":"#000000","size":"12","italic":false,"bold":false},"ref":"input_text"},{"styles":{"fill":"#000000","size":"12","italic":false,"bold":false},"ref":"desc_text"}]},{"resourceId":"text2","stencil":{"id":"Component"},"pathProperties":{"enabled":"enabled","enabled-run":"enabled","max-length-error-msg":"maxLengthErrorMessage","max-length-error-msg_en_us":"i18n.en_us.maxLengthErrorMessage","max-length-error-msg_de_de":"i18n.de_de.maxLengthErrorMessage","max-length-error-msg_fr_fr":"i18n.fr_fr.maxLengthErrorMessage","max-length-error-msg_it_it":"i18n.it_it.maxLengthErrorMessage","max-length-error-msg_es_es":"i18n.es_es.maxLengthErrorMessage","max-length-error-msg_i18n-key":"maxLengthErrorMessage","style-class":"styleClass","description":"description","description_en_us":"i18n.en_us.description","description_de_de":"i18n.de_de.description","description_fr_fr":"i18n.fr_fr.description","description_it_it":"i18n.it_it.description","description_es_es":"i18n.es_es.description","description_i18n-key":"description","tooltip":"tooltip","tooltip_en_us":"i18n.en_us.tooltip","tooltip_de_de":"i18n.de_de.tooltip","tooltip_fr_fr":"i18n.fr_fr.tooltip","tooltip_it_it":"i18n.it_it.tooltip","tooltip_es_es":"i18n.es_es.tooltip","tooltip_i18n-key":"tooltip","id":"id","min-length":"extraSettings.minLength","ignored":"ignore","ignored-run":"ignore","max-length":"extraSettings.maxLength","label":"label","label_en_us":"i18n.en_us.label","label_de_de":"i18n.de_de.label","label_fr_fr":"i18n.fr_fr.label","label_it_it":"i18n.it_it.label","label_es_es":"i18n.es_es.label","label_i18n-key":"label","validation-mask":"validationMask","validation-mask-error-msg":"validationMaskErrorMessage","validation-mask-error-msg_en_us":"i18n.en_us.validationMaskErrorMessage","validation-mask-error-msg_de_de":"i18n.de_de.validationMaskErrorMessage","validation-mask-error-msg_fr_fr":"i18n.fr_fr.validationMaskErrorMessage","validation-mask-error-msg_it_it":"i18n.it_it.validationMaskErrorMessage","validation-mask-error-msg_es_es":"i18n.es_es.validationMaskErrorMessage","validation-mask-error-msg_i18n-key":"validationMaskErrorMessage","visible":"visible","visible-run":"visible","col-span":"size","min-length-error-msg":"minLengthErrorMessage","min-length-error-msg_en_us":"i18n.en_us.minLengthErrorMessage","min-length-error-msg_de_de":"i18n.de_de.minLengthErrorMessage","min-length-error-msg_fr_fr":"i18n.fr_fr.minLengthErrorMessage","min-length-error-msg_it_it":"i18n.it_it.minLengthErrorMessage","min-length-error-msg_es_es":"i18n.es_es.minLengthErrorMessage","min-length-error-msg_i18n-key":"minLengthErrorMessage","value":"value","default-value":"defaultValue","required":"isRequired","required-run":"isRequired","validation-regexp-error-msg":"validationRegExpErrorMessage","validation-regexp-error-msg_en_us":"i18n.en_us.validationRegExpErrorMessage","validation-regexp-error-msg_de_de":"i18n.de_de.validationRegExpErrorMessage","validation-regexp-error-msg_fr_fr":"i18n.fr_fr.validationRegExpErrorMessage","validation-regexp-error-msg_it_it":"i18n.it_it.validationRegExpErrorMessage","validation-regexp-error-msg_es_es":"i18n.es_es.validationRegExpErrorMessage","validation-regexp-error-msg_i18n-key":"validationRegExpErrorMessage","label-position":"labelAlign","validation-regexp":"validationRegExp"},"xmlProperties":["min-length","validation-mask","validation-mask-error-msg","validation-mask-error-msg_en_us","validation-mask-error-msg_de_de","validation-mask-error-msg_fr_fr","validation-mask-error-msg_it_it","validation-mask-error-msg_es_es","validation-mask-error-msg_i18n-key","min-length-error-msg","min-length-error-msg_en_us","min-length-error-msg_de_de","min-length-error-msg_fr_fr","min-length-error-msg_it_it","min-length-error-msg_es_es","min-length-error-msg_i18n-key","validation-regexp-error-msg","validation-regexp-error-msg_en_us","validation-regexp-error-msg_de_de","validation-regexp-error-msg_fr_fr","validation-regexp-error-msg_it_it","validation-regexp-error-msg_es_es","validation-regexp-error-msg_i18n-key","validation-regexp"],"childShapes":[],"bounds":{"lowerRight":{"x":984,"y":73},"upperLeft":{"x":507,"y":25}},"properties":{"stencilid":"cloud-text","stencilsuperid":"Component","stencilsuperids":["Component"],"customstencil":true,"enabled":true,"enabled-run":"","notes":"","max-length-error-msg":"","max-length-error-msg_en_us":"","max-length-error-msg_de_de":"","max-length-error-msg_fr_fr":"","max-length-error-msg_it_it":"","max-length-error-msg_es_es":"","max-length-error-msg_i18n-key":"","style-class":"","description":"","description_en_us":"","description_de_de":"","description_fr_fr":"","description_it_it":"","description_es_es":"","description_i18n-key":"","description-align":"left","tooltip":"","tooltip_en_us":"","tooltip_de_de":"","tooltip_fr_fr":"","tooltip_it_it":"","tooltip_es_es":"","tooltip_i18n-key":"","row":1,"node-type":"","id":"lastName","min-length":"","row-align":"top","ignored":false,"ignored-run":"","width":"200","max-length":"","label":"Last Name","label_en_us":"Last Name","label_de_de":"Label","label_fr_fr":"Label","label_it_it":"Label","label_es_es":"Label","label_i18n-key":"","validation-mask":"","validation-mask-error-msg":"","validation-mask-error-msg_en_us":"","validation-mask-error-msg_de_de":"","validation-mask-error-msg_fr_fr":"","validation-mask-error-msg_it_it":"","validation-mask-error-msg_es_es":"","validation-mask-error-msg_i18n-key":"","height":"","visible":true,"visible-run":"","label-align":"top-left","col-span":"1","size":6,"min-length-error-msg":"","min-length-error-msg_en_us":"","min-length-error-msg_de_de":"","min-length-error-msg_fr_fr":"","min-length-error-msg_it_it":"","min-length-error-msg_es_es":"","min-length-error-msg_i18n-key":"","documentation":"","bordercolor":"#000000","value":"{{lastname}}","default-value":"","required":false,"required-run":"","validation-regexp-error-msg":"","validation-regexp-error-msg_en_us":"","validation-regexp-error-msg_de_de":"","validation-regexp-error-msg_fr_fr":"","validation-regexp-error-msg_it_it":"","validation-regexp-error-msg_es_es":"","validation-regexp-error-msg_i18n-key":"","col-align":"fill","col-weight":"","description-position":"bottom","col":7,"label-position":"top","validation-regexp":"","row-weight":"","customstencilid":"cloud-text","customnamespace":"http://b3mn.org/stencilset/default.flowable.form.palette.xml#","xmlTag":"text"},"ssextensions":[],"outgoing":[],"dockers":[],"labels":[{"styles":{"fill":"#000000","size":"12","italic":false,"bold":false},"ref":"label_text"},{"styles":{"fill":"#000000","size":"12","italic":false,"bold":false},"ref":"input_text"},{"styles":{"fill":"#000000","size":"12","italic":false,"bold":false},"ref":"desc_text"}]},{"resourceId":"single-select1","stencil":{"id":"Component"},"pathProperties":{"lookup-url":"extraSettings.lookupUrl","lookup-url-run":"extraSettings.lookupUrl","style-class":"styleClass","visible":"visible","visible-run":"visible","id":"id","enable-autocomplete":"extraSettings.enableAutocomplete","link-target-view":"extraSettings.linkTargetView","label":"label","label_en_us":"i18n.en_us.label","label_de_de":"i18n.de_de.label","label_fr_fr":"i18n.fr_fr.label","label_it_it":"i18n.it_it.label","label_es_es":"i18n.es_es.label","label_i18n-key":"label","min-error-msg":"extraSettings.minItemsErrorMessage","min-error-msg_en_us":"i18n.en_us.extraSettings.minItemsErrorMessage","min-error-msg_de_de":"i18n.de_de.extraSettings.minItemsErrorMessage","min-error-msg_fr_fr":"i18n.fr_fr.extraSettings.minItemsErrorMessage","min-error-msg_it_it":"i18n.it_it.extraSettings.minItemsErrorMessage","min-error-msg_es_es":"i18n.es_es.extraSettings.minItemsErrorMessage","min-error-msg_i18n-key":"extraSettings.minItemsErrorMessage","min-items":"extraSettings.minItems","min-items-run":"extraSettings.minItems","link-item":"extraSettings.linkUrl","path":"extraSettings.path","tooltip":"tooltip","tooltip_en_us":"i18n.en_us.tooltip","tooltip_de_de":"i18n.de_de.tooltip","tooltip_fr_fr":"i18n.fr_fr.tooltip","tooltip_it_it":"i18n.it_it.tooltip","tooltip_es_es":"i18n.es_es.tooltip","tooltip_i18n-key":"tooltip","query-url":"extraSettings.queryUrl","query-url-run":"extraSettings.queryUrl","link-target":"extraSettings.linkTarget","preselect-all":"extraSettings.preselectAll","format-item":"extraSettings.formatItem","ignored":"ignore","ignored-run":"ignore","description":"description","description_en_us":"i18n.en_us.description","description_de_de":"i18n.de_de.description","description_fr_fr":"i18n.fr_fr.description","description_it_it":"i18n.it_it.description","description_es_es":"i18n.es_es.description","description_i18n-key":"description","required":"isRequired","required-run":"isRequired","label-position":"labelAlign","col-span":"size","default-value":"defaultValue","autocomplete-min-length":"extraSettings.autocompleteMinLength","selection-error-msg":"extraSettings.selectionErrorMessage","selection-error-msg_en_us":"i18n.en_us.extraSettings.selectionErrorMessage","selection-error-msg_de_de":"i18n.de_de.extraSettings.selectionErrorMessage","selection-error-msg_fr_fr":"i18n.fr_fr.extraSettings.selectionErrorMessage","selection-error-msg_it_it":"i18n.it_it.extraSettings.selectionErrorMessage","selection-error-msg_es_es":"i18n.es_es.extraSettings.selectionErrorMessage","selection-error-msg_i18n-key":"extraSettings.selectionErrorMessage","search-query":"extraSettings.searchQuery","auto-complete-type":"extraSettings.storage","max-items":"extraSettings.maxItems","max-items-run":"extraSettings.maxItems","datasource":"extraSettings.dataSource","serialize-item":"extraSettings.identity","max-error-msg":"extraSettings.maxItemsErrorMessage","max-error-msg_en_us":"i18n.en_us.extraSettings.maxItemsErrorMessage","max-error-msg_de_de":"i18n.de_de.extraSettings.maxItemsErrorMessage","max-error-msg_fr_fr":"i18n.fr_fr.extraSettings.maxItemsErrorMessage","max-error-msg_it_it":"i18n.it_it.extraSettings.maxItemsErrorMessage","max-error-msg_es_es":"i18n.es_es.extraSettings.maxItemsErrorMessage","max-error-msg_i18n-key":"extraSettings.maxItemsErrorMessage","tags-enabled":"extraSettings.tagsEnabled","value":"value","options":"extraSettings.items","options_en_us":"i18n.en_us.extraSettings.items","options_en_us-run":"i18n.en_us.extraSettings.items","options_de_de":"i18n.de_de.extraSettings.items","options_de_de-run":"i18n.de_de.extraSettings.items","options_fr_fr":"i18n.fr_fr.extraSettings.items","options_fr_fr-run":"i18n.fr_fr.extraSettings.items","options_it_it":"i18n.it_it.extraSettings.items","options_it_it-run":"i18n.it_it.extraSettings.items","options_es_es":"i18n.es_es.extraSettings.items","options_es_es-run":"i18n.es_es.extraSettings.items","options-run":"extraSettings.items","options_i18n-key":"extraSettings.items","multi":"extraSettings.multi","enabled":"enabled","enabled-run":"enabled"},"xmlProperties":["lookup-url","lookup-url-run","link-item","path","query-url","query-url-run","preselect-all","format-item","auto-complete-type","serialize-item","tags-enabled"],"childShapes":[],"bounds":{"lowerRight":{"x":984,"y":146},"upperLeft":{"x":507,"y":98}},"outputmappingproperties":{"options":{"type":"complex","placeholders":[]},"options_en_us":{"type":"complex","placeholders":[]},"options_de_de":{"type":"complex","placeholders":[]},"options_fr_fr":{"type":"complex","placeholders":[]},"options_it_it":{"type":"complex","placeholders":[]},"options_es_es":{"type":"complex","placeholders":[]}},"properties":{"stencilid":"cloud-single-select","stencilsuperid":"Component","stencilsuperids":["Component"],"customstencil":true,"lookup-url":"","lookup-url-run":"","notes":"","col-weight":"","row-align":"top","label-align":"top-left","style-class":"","visible":true,"visible-run":"","id":"rol","enable-autocomplete":false,"link-target-view":"browse","label":"Rol","label_en_us":"Rol","label_de_de":"Label","label_fr_fr":"Label","label_it_it":"Label","label_es_es":"Label","label_i18n-key":"","min-error-msg":"","min-error-msg_en_us":"","min-error-msg_de_de":"","min-error-msg_fr_fr":"","min-error-msg_it_it":"","min-error-msg_es_es":"","min-error-msg_i18n-key":"","size":6,"documentation":"","min-items":"","min-items-run":"","description-align":"left","col":7,"width":"200","link-item":"","path":"","description-position":"bottom","tooltip":"","tooltip_en_us":"","tooltip_de_de":"","tooltip_fr_fr":"","tooltip_it_it":"","tooltip_es_es":"","tooltip_i18n-key":"","node-type":"","query-url":"","query-url-run":"","row":2,"link-target":"_blank","preselect-all":false,"format-item":"","ignored":false,"ignored-run":"","col-align":"fill","height":"","description":"","description_en_us":"","description_de_de":"","description_fr_fr":"","description_it_it":"","description_es_es":"","description_i18n-key":"","required":false,"required-run":"","label-position":"top","col-span":"1","default-value":"","autocomplete-min-length":"1","selection-error-msg":"","selection-error-msg_en_us":"","selection-error-msg_de_de":"","selection-error-msg_fr_fr":"","selection-error-msg_it_it":"","selection-error-msg_es_es":"","selection-error-msg_i18n-key":"","search-query":"","row-weight":"","auto-complete-type":"Id","max-items":"","max-items-run":"","datasource":"Static","serialize-item":"value","max-error-msg":"","max-error-msg_en_us":"","max-error-msg_de_de":"","max-error-msg_fr_fr":"","max-error-msg_it_it":"","max-error-msg_es_es":"","max-error-msg_i18n-key":"","tags-enabled":false,"value":"{{rol}}","options":{"totalCount":4,"items":[{"text":"Frontend","value":"frontend"},{"text":"Backend","value":"backend"},{"text":"Modeler","value":"modeler"},{"text":"Full-Stack","value":"fullstack"}]},"options_en_us":{"totalCount":4,"items":[{"text":"Frontend","value":"frontend"},{"text":"Backend","value":"backend"},{"text":"Modeler","value":"modeler"},{"text":"Full-Stack","value":"fullstack"}]},"options_en_us-run":"","options_de_de":"","options_de_de-run":"","options_fr_fr":"","options_fr_fr-run":"","options_it_it":"","options_it_it-run":"","options_es_es":"","options_es_es-run":"","options-run":"","options_i18n-key":"","multi":false,"enabled":true,"enabled-run":"","customstencilid":"cloud-single-select","customnamespace":"http://b3mn.org/stencilset/default.flowable.form.palette.xml#","xmlTag":"select"},"ssextensions":[],"outgoing":[],"dockers":[],"labels":[{"styles":{"fill":"#000000","size":"12","italic":false,"bold":false},"ref":"label_text"},{"styles":{"fill":"#000000","size":"12","italic":false,"bold":false},"ref":"input_text"},{"styles":{"fill":"#000000","size":"12","italic":false,"bold":false},"ref":"desc_text"}]},{"resourceId":"text3","stencil":{"id":"Component"},"pathProperties":{"enabled":"enabled","enabled-run":"enabled","max-length-error-msg":"maxLengthErrorMessage","max-length-error-msg_en_us":"i18n.en_us.maxLengthErrorMessage","max-length-error-msg_de_de":"i18n.de_de.maxLengthErrorMessage","max-length-error-msg_fr_fr":"i18n.fr_fr.maxLengthErrorMessage","max-length-error-msg_it_it":"i18n.it_it.maxLengthErrorMessage","max-length-error-msg_es_es":"i18n.es_es.maxLengthErrorMessage","max-length-error-msg_i18n-key":"maxLengthErrorMessage","style-class":"styleClass","description":"description","description_en_us":"i18n.en_us.description","description_de_de":"i18n.de_de.description","description_fr_fr":"i18n.fr_fr.description","description_it_it":"i18n.it_it.description","description_es_es":"i18n.es_es.description","description_i18n-key":"description","tooltip":"tooltip","tooltip_en_us":"i18n.en_us.tooltip","tooltip_de_de":"i18n.de_de.tooltip","tooltip_fr_fr":"i18n.fr_fr.tooltip","tooltip_it_it":"i18n.it_it.tooltip","tooltip_es_es":"i18n.es_es.tooltip","tooltip_i18n-key":"tooltip","id":"id","min-length":"extraSettings.minLength","ignored":"ignore","ignored-run":"ignore","max-length":"extraSettings.maxLength","label":"label","label_en_us":"i18n.en_us.label","label_de_de":"i18n.de_de.label","label_fr_fr":"i18n.fr_fr.label","label_it_it":"i18n.it_it.label","label_es_es":"i18n.es_es.label","label_i18n-key":"label","validation-mask":"validationMask","validation-mask-error-msg":"validationMaskErrorMessage","validation-mask-error-msg_en_us":"i18n.en_us.validationMaskErrorMessage","validation-mask-error-msg_de_de":"i18n.de_de.validationMaskErrorMessage","validation-mask-error-msg_fr_fr":"i18n.fr_fr.validationMaskErrorMessage","validation-mask-error-msg_it_it":"i18n.it_it.validationMaskErrorMessage","validation-mask-error-msg_es_es":"i18n.es_es.validationMaskErrorMessage","validation-mask-error-msg_i18n-key":"validationMaskErrorMessage","visible":"visible","visible-run":"visible","col-span":"size","min-length-error-msg":"minLengthErrorMessage","min-length-error-msg_en_us":"i18n.en_us.minLengthErrorMessage","min-length-error-msg_de_de":"i18n.de_de.minLengthErrorMessage","min-length-error-msg_fr_fr":"i18n.fr_fr.minLengthErrorMessage","min-length-error-msg_it_it":"i18n.it_it.minLengthErrorMessage","min-length-error-msg_es_es":"i18n.es_es.minLengthErrorMessage","min-length-error-msg_i18n-key":"minLengthErrorMessage","value":"value","default-value":"defaultValue","required":"isRequired","required-run":"isRequired","validation-regexp-error-msg":"validationRegExpErrorMessage","validation-regexp-error-msg_en_us":"i18n.en_us.validationRegExpErrorMessage","validation-regexp-error-msg_de_de":"i18n.de_de.validationRegExpErrorMessage","validation-regexp-error-msg_fr_fr":"i18n.fr_fr.validationRegExpErrorMessage","validation-regexp-error-msg_it_it":"i18n.it_it.validationRegExpErrorMessage","validation-regexp-error-msg_es_es":"i18n.es_es.validationRegExpErrorMessage","validation-regexp-error-msg_i18n-key":"validationRegExpErrorMessage","label-position":"labelAlign","validation-regexp":"validationRegExp"},"xmlProperties":["min-length","validation-mask","validation-mask-error-msg","validation-mask-error-msg_en_us","validation-mask-error-msg_de_de","validation-mask-error-msg_fr_fr","validation-mask-error-msg_it_it","validation-mask-error-msg_es_es","validation-mask-error-msg_i18n-key","min-length-error-msg","min-length-error-msg_en_us","min-length-error-msg_de_de","min-length-error-msg_fr_fr","min-length-error-msg_it_it","min-length-error-msg_es_es","min-length-error-msg_i18n-key","validation-regexp-error-msg","validation-regexp-error-msg_en_us","validation-regexp-error-msg_de_de","validation-regexp-error-msg_fr_fr","validation-regexp-error-msg_it_it","validation-regexp-error-msg_es_es","validation-regexp-error-msg_i18n-key","validation-regexp"],"childShapes":[],"bounds":{"lowerRight":{"x":492,"y":146},"upperLeft":{"x":15,"y":98}},"properties":{"stencilid":"cloud-text","stencilsuperid":"Component","stencilsuperids":["Component"],"customstencil":true,"enabled":true,"enabled-run":"","notes":"","max-length-error-msg":"","max-length-error-msg_en_us":"","max-length-error-msg_de_de":"","max-length-error-msg_fr_fr":"","max-length-error-msg_it_it":"","max-length-error-msg_es_es":"","max-length-error-msg_i18n-key":"","style-class":"","description":"","description_en_us":"","description_de_de":"","description_fr_fr":"","description_it_it":"","description_es_es":"","description_i18n-key":"","description-align":"left","tooltip":"","tooltip_en_us":"","tooltip_de_de":"","tooltip_fr_fr":"","tooltip_it_it":"","tooltip_es_es":"","tooltip_i18n-key":"","row":2,"node-type":"","id":"company","min-length":"","row-align":"top","ignored":false,"ignored-run":"","width":"200","max-length":"","label":"Company Name","label_en_us":"Company Name","label_de_de":"Label","label_fr_fr":"Label","label_it_it":"Label","label_es_es":"Label","label_i18n-key":"","validation-mask":"","validation-mask-error-msg":"","validation-mask-error-msg_en_us":"","validation-mask-error-msg_de_de":"","validation-mask-error-msg_fr_fr":"","validation-mask-error-msg_it_it":"","validation-mask-error-msg_es_es":"","validation-mask-error-msg_i18n-key":"","height":"","visible":true,"visible-run":"","label-align":"top-left","col-span":"1","size":6,"min-length-error-msg":"","min-length-error-msg_en_us":"","min-length-error-msg_de_de":"","min-length-error-msg_fr_fr":"","min-length-error-msg_it_it":"","min-length-error-msg_es_es":"","min-length-error-msg_i18n-key":"","documentation":"","bordercolor":"#000000","value":"{{company}}","default-value":"","required":false,"required-run":"","validation-regexp-error-msg":"","validation-regexp-error-msg_en_us":"","validation-regexp-error-msg_de_de":"","validation-regexp-error-msg_fr_fr":"","validation-regexp-error-msg_it_it":"","validation-regexp-error-msg_es_es":"","validation-regexp-error-msg_i18n-key":"","col-align":"fill","col-weight":"","description-position":"bottom","col":1,"label-position":"top","validation-regexp":"","row-weight":"","customstencilid":"cloud-text","customnamespace":"http://b3mn.org/stencilset/default.flowable.form.palette.xml#","xmlTag":"text"},"ssextensions":[],"outgoing":[],"dockers":[],"labels":[{"styles":{"fill":"#000000","size":"12","italic":false,"bold":false},"ref":"label_text"},{"styles":{"fill":"#000000","size":"12","italic":false,"bold":false},"ref":"input_text"},{"styles":{"fill":"#000000","size":"12","italic":false,"bold":false},"ref":"desc_text"}]},{"resourceId":"sub-form1","stencil":{"id":"SubForm"},"pathProperties":{"form-ref":"extraSettings.formRef","form-id-run":"extraSettings.formRef","multiple-entries":"extraSettings.multipleEntries","default-value":"defaultValue","show-remove-button":"extraSettings.showDeleteButton","show-remove-button-run":"extraSettings.showDeleteButton","description":"description","description_en_us":"i18n.en_us.description","description_de_de":"i18n.de_de.description","description_fr_fr":"i18n.fr_fr.description","description_it_it":"i18n.it_it.description","description_es_es":"i18n.es_es.description","description_i18n-key":"description","collapsed":"extraSettings.collapsed","collapsed-run":"extraSettings.collapsed","min-children":"extraSettings.minItems","min-children-run":"extraSettings.minItems","label-position":"labelAlign","visible":"visible","visible-run":"visible","tooltip":"tooltip","tooltip_en_us":"i18n.en_us.tooltip","tooltip_de_de":"i18n.de_de.tooltip","tooltip_fr_fr":"i18n.fr_fr.tooltip","tooltip_it_it":"i18n.it_it.tooltip","tooltip_es_es":"i18n.es_es.tooltip","tooltip_i18n-key":"tooltip","max-children-error-msg":"extraSettings.maxItemsErrorMessage","max-children-error-msg_en_us":"i18n.en_us.extraSettings.maxItemsErrorMessage","max-children-error-msg_de_de":"i18n.de_de.extraSettings.maxItemsErrorMessage","max-children-error-msg_fr_fr":"i18n.fr_fr.extraSettings.maxItemsErrorMessage","max-children-error-msg_it_it":"i18n.it_it.extraSettings.maxItemsErrorMessage","max-children-error-msg_es_es":"i18n.es_es.extraSettings.maxItemsErrorMessage","max-children-error-msg_i18n-key":"extraSettings.maxItemsErrorMessage","collapsible":"extraSettings.collapsible","min-children-error-msg":"extraSettings.minItemsErrorMessage","min-children-error-msg_en_us":"i18n.en_us.extraSettings.minItemsErrorMessage","min-children-error-msg_de_de":"i18n.de_de.extraSettings.minItemsErrorMessage","min-children-error-msg_fr_fr":"i18n.fr_fr.extraSettings.minItemsErrorMessage","min-children-error-msg_it_it":"i18n.it_it.extraSettings.minItemsErrorMessage","min-children-error-msg_es_es":"i18n.es_es.extraSettings.minItemsErrorMessage","min-children-error-msg_i18n-key":"extraSettings.minItemsErrorMessage","col-span":"size","value":"value","id":"id","show-add-button":"extraSettings.showAddButton","show-add-button-run":"extraSettings.showAddButton","style-class":"styleClass","show-border":"extraSettings.showBorder","add-button-text":"extraSettings.addButtonText","add-button-text_en_us":"i18n.en_us.extraSettings.addButtonText","add-button-text_de_de":"i18n.de_de.extraSettings.addButtonText","add-button-text_fr_fr":"i18n.fr_fr.extraSettings.addButtonText","add-button-text_it_it":"i18n.it_it.extraSettings.addButtonText","add-button-text_es_es":"i18n.es_es.extraSettings.addButtonText","add-button-text_i18n-key":"extraSettings.addButtonText","ignored":"ignore","ignored-run":"ignore","enabled":"enabled","enabled-run":"enabled","label":"label","label_en_us":"i18n.en_us.label","label_de_de":"i18n.de_de.label","label_fr_fr":"i18n.fr_fr.label","label_it_it":"i18n.it_it.label","label_es_es":"i18n.es_es.label","label_i18n-key":"label","required":"isRequired","required-run":"isRequired","max-children":"extraSettings.maxItems","max-children-run":"extraSettings.maxItems"},"xmlProperties":["form-ref","form-id-run","form-id","multiple-entries","show-remove-button","show-remove-button-run","value","show-add-button","show-add-button-run","show-border"],"childShapes":[],"bounds":{"lowerRight":{"x":984,"y":239},"upperLeft":{"x":15,"y":171}},"specialproperties":{"form-ref":{"type":"treeview","placeholder":"form-id"}},"properties":{"stencilid":"cloud-sub-form","stencilsuperid":"SubForm","stencilsuperids":["Component"],"customstencil":true,"form-ref":"FORM_MODEL-8b07e29e-2664-42b0-ac43-da708b462c0d","form-id-run":"","form-id":"travelRequestInfo","notes":"","multiple-entries":false,"default-value":"","size":12,"show-remove-button":true,"show-remove-button-run":"","bordercolor":"#777777","description":"","description_en_us":"","description_de_de":"","description_fr_fr":"","description_it_it":"","description_es_es":"","description_i18n-key":"","row":3,"collapsed":false,"collapsed-run":"","width":"200","min-children":"","min-children-run":"","label-position":"top","visible":true,"visible-run":"","discriminator":"","col-weight":"","tooltip":"","tooltip_en_us":"","tooltip_de_de":"","tooltip_fr_fr":"","tooltip_it_it":"","tooltip_es_es":"","tooltip_i18n-key":"","max-children-error-msg":"","max-children-error-msg_en_us":"","max-children-error-msg_de_de":"","max-children-error-msg_fr_fr":"","max-children-error-msg_it_it":"","max-children-error-msg_es_es":"","max-children-error-msg_i18n-key":"","collapsible":false,"min-children-error-msg":"","min-children-error-msg_en_us":"","min-children-error-msg_de_de":"","min-children-error-msg_fr_fr":"","min-children-error-msg_it_it":"","min-children-error-msg_es_es":"","min-children-error-msg_i18n-key":"","col-span":"1","documentation":"","node-type":"","value":"{{travelRequest}}","id":"subFormEmployeeTravelRequest","description-position":"bottom","show-add-button":true,"show-add-button-run":"","height":"","style-class":"","row-weight":"","show-border":false,"description-align":"left","row-align":"top","col":1,"add-button-text":"","add-button-text_en_us":"","add-button-text_de_de":"","add-button-text_fr_fr":"","add-button-text_it_it":"","add-button-text_es_es":"","add-button-text_i18n-key":"","label-align":"top-left","ignored":false,"ignored-run":"","enabled":true,"enabled-run":"","label":"Travel Request","label_en_us":"Travel Request","label_de_de":"Label","label_fr_fr":"Label","label_it_it":"Label","label_es_es":"Label","label_i18n-key":"","col-align":"fill","required":false,"required-run":"","max-children":"","max-children-run":"","customstencilid":"cloud-sub-form","customnamespace":"http://b3mn.org/stencilset/default.flowable.form.palette.xml#","xmlTag":"subform"},"ssextensions":[],"outgoing":[],"dockers":[],"labels":[{"styles":{"fill":"#000000","size":"12","italic":false,"bold":false},"ref":"input_text"},{"styles":{"fill":"#000000","size":"12","italic":false,"bold":false},"ref":"label_text"},{"styles":{"fill":"#000000","size":"12","italic":false,"bold":false},"ref":"input_u_text"}]}],"bounds":{"lowerRight":{"x":1049,"y":314},"upperLeft":{"x":50,"y":50}},"oldResourceId":"sid-8D9FC954-EB33-4C05-ADF0-5706EF50E974","properties":{"stencilid":"SlotPanel","stencilsuperid":"SlotPanel","stencilsuperids":["SlotPanel"],"customstencil":true,"id":"panel1","notes":"","width":"300","xmlTag":"panel"},"ssextensions":[],"outgoing":[],"dockers":[]}],"bounds":{"lowerRight":{"x":1485,"y":1050},"upperLeft":{"x":0,"y":0}},"outputmappingproperties":{"outcomes":{"type":"complex","placeholders":[]}},"properties":{"stencilid":"XForm","stencilsuperid":"XForm","stencilsuperids":["XForm"],"customstencil":true,"id":"employeeCompanyInfo","notes":"","guid":"FORM_MODEL-73be0a5f-5c02-4667-a580-a3c7b707197a","stylesheet":"","name":"Employee Company Info","creationdate":"2019-06-28T07:38:18.949Z","modificationdate":"2019-06-28T08:04:40.967Z","outcomes":"","outcomevariablename":"","dialog-size":"","dialog-title":"","dialog-description":"","xmlTag":"XForm","description":""},"ssextensions":["http://b3mn.org/stencilset/default.flowable.form.palette.xml#"],"stencilset":{"url":"./app/editor_stencilset","namespace":"http://b3mn.org/stencilset/xforms#"}}}