{"id":"FORM_MODEL-8b07e29e-2664-42b0-ac43-da708b462c0d","name":"Travel Request Info","key":"travelRequestInfo","description":"","editorJson":{"resourceId":"editor_FORM_MODEL-8b07e29e-2664-42b0-ac43-da708b462c0d","stencil":{"id":"XForm"},"pathProperties":{"id":"id","name":"name","creationdate":"creationdate","modificationdate":"modificationdate","outcomes":"outcomes","outcomevariablename":"outcomeVariableName","dialog-size":"dialogSize","dialog-title":"dialogTitle","dialog-description":"dialogDescription"},"xmlProperties":[],"childShapes":[{"resourceId":"panel1","stencil":{"id":"SlotPanel"},"pathProperties":{"id":"id"},"xmlProperties":[],"childShapes":[{"resourceId":"date1","stencil":{"id":"Component"},"pathProperties":{"id":"id","label":"label","label_en_us":"i18n.en_us.label","label_de_de":"i18n.de_de.label","label_fr_fr":"i18n.fr_fr.label","label_it_it":"i18n.it_it.label","label_es_es":"i18n.es_es.label","label_i18n-key":"label","time-interval":"extraSettings.timeInterval","format":"extraSettings.format","min-date":"extraSettings.minDate","max-date":"extraSettings.maxDate","label-position":"labelAlign","style-class":"styleClass","min-date-error-msg":"extraSettings.minDateErrorMessage","min-date-error-msg_en_us":"i18n.en_us.extraSettings.minDateErrorMessage","min-date-error-msg_de_de":"i18n.de_de.extraSettings.minDateErrorMessage","min-date-error-msg_fr_fr":"i18n.fr_fr.extraSettings.minDateErrorMessage","min-date-error-msg_it_it":"i18n.it_it.extraSettings.minDateErrorMessage","min-date-error-msg_es_es":"i18n.es_es.extraSettings.minDateErrorMessage","min-date-error-msg_i18n-key":"extraSettings.minDateErrorMessage","col-span":"size","required":"isRequired","required-run":"isRequired","value":"value","enable-time":"extraSettings.enableTime","enabled":"enabled","enabled-run":"enabled","ignored":"ignore","ignored-run":"ignore","tooltip":"tooltip","tooltip_en_us":"i18n.en_us.tooltip","tooltip_de_de":"i18n.de_de.tooltip","tooltip_fr_fr":"i18n.fr_fr.tooltip","tooltip_it_it":"i18n.it_it.tooltip","tooltip_es_es":"i18n.es_es.tooltip","tooltip_i18n-key":"tooltip","max-date-error-msg":"extraSettings.maxDateErrorMessage","max-date-error-msg_en_us":"i18n.en_us.extraSettings.maxDateErrorMessage","max-date-error-msg_de_de":"i18n.de_de.extraSettings.maxDateErrorMessage","max-date-error-msg_fr_fr":"i18n.fr_fr.extraSettings.maxDateErrorMessage","max-date-error-msg_it_it":"i18n.it_it.extraSettings.maxDateErrorMessage","max-date-error-msg_es_es":"i18n.es_es.extraSettings.maxDateErrorMessage","max-date-error-msg_i18n-key":"extraSettings.maxDateErrorMessage","default-value":"defaultValue","visible":"visible","visible-run":"visible","description":"description","description_en_us":"i18n.en_us.description","description_de_de":"i18n.de_de.description","description_fr_fr":"i18n.fr_fr.description","description_it_it":"i18n.it_it.description","description_es_es":"i18n.es_es.description","description_i18n-key":"description"},"xmlProperties":["min-date","max-date","min-date-error-msg","min-date-error-msg_en_us","min-date-error-msg_de_de","min-date-error-msg_fr_fr","min-date-error-msg_it_it","min-date-error-msg_es_es","min-date-error-msg_i18n-key","max-date-error-msg","max-date-error-msg_en_us","max-date-error-msg_de_de","max-date-error-msg_fr_fr","max-date-error-msg_it_it","max-date-error-msg_es_es","max-date-error-msg_i18n-key"],"childShapes":[],"bounds":{"lowerRight":{"x":492,"y":146},"upperLeft":{"x":15,"y":98}},"properties":{"stencilid":"cloud-date","stencilsuperid":"Component","stencilsuperids":["Component"],"customstencil":true,"size":6,"notes":"","node-type":"","id":"date1","description-align":"left","label":"Outward trip date","label_en_us":"Outward trip date","label_de_de":"Label","label_fr_fr":"Label","label_it_it":"Label","label_es_es":"Label","label_i18n-key":"","row":2,"col-align":"fill","time-interval":"15","format":"","min-date":"","max-date":"","label-position":"top","style-class":"","min-date-error-msg":"","min-date-error-msg_en_us":"","min-date-error-msg_de_de":"","min-date-error-msg_fr_fr":"","min-date-error-msg_it_it":"","min-date-error-msg_es_es":"","min-date-error-msg_i18n-key":"","col-span":"1","bordercolor":"#000000","col":1,"documentation":"","required":true,"required-run":"","value":"{{outwardTripDate}}","enable-time":false,"row-weight":"","row-align":"top","height":"","col-weight":"","enabled":true,"enabled-run":"","ignored":false,"ignored-run":"","tooltip":"","tooltip_en_us":"","tooltip_de_de":"","tooltip_fr_fr":"","tooltip_it_it":"","tooltip_es_es":"","tooltip_i18n-key":"","max-date-error-msg":"","max-date-error-msg_en_us":"","max-date-error-msg_de_de":"","max-date-error-msg_fr_fr":"","max-date-error-msg_it_it":"","max-date-error-msg_es_es":"","max-date-error-msg_i18n-key":"","default-value":"","width":"200","description-position":"bottom","visible":true,"visible-run":"","label-align":"top-left","description":"","description_en_us":"","description_de_de":"","description_fr_fr":"","description_it_it":"","description_es_es":"","description_i18n-key":"","customstencilid":"cloud-date","customnamespace":"http://b3mn.org/stencilset/default.flowable.form.palette.xml#","xmlTag":"date"},"ssextensions":[],"outgoing":[],"dockers":[],"labels":[{"styles":{"fill":"#000000","size":"12","italic":false,"bold":false},"ref":"label_text"},{"styles":{"fill":"#000000","size":"12","italic":false,"bold":false},"ref":"input_text"},{"styles":{"fill":"#000000","size":"12","italic":false,"bold":false},"ref":"desc_text"}]},{"resourceId":"date2","stencil":{"id":"Component"},"pathProperties":{"id":"id","label":"label","label_en_us":"i18n.en_us.label","label_de_de":"i18n.de_de.label","label_fr_fr":"i18n.fr_fr.label","label_it_it":"i18n.it_it.label","label_es_es":"i18n.es_es.label","label_i18n-key":"label","time-interval":"extraSettings.timeInterval","format":"extraSettings.format","min-date":"extraSettings.minDate","max-date":"extraSettings.maxDate","label-position":"labelAlign","style-class":"styleClass","min-date-error-msg":"extraSettings.minDateErrorMessage","min-date-error-msg_en_us":"i18n.en_us.extraSettings.minDateErrorMessage","min-date-error-msg_de_de":"i18n.de_de.extraSettings.minDateErrorMessage","min-date-error-msg_fr_fr":"i18n.fr_fr.extraSettings.minDateErrorMessage","min-date-error-msg_it_it":"i18n.it_it.extraSettings.minDateErrorMessage","min-date-error-msg_es_es":"i18n.es_es.extraSettings.minDateErrorMessage","min-date-error-msg_i18n-key":"extraSettings.minDateErrorMessage","col-span":"size","required":"isRequired","required-run":"isRequired","value":"value","enable-time":"extraSettings.enableTime","enabled":"enabled","enabled-run":"enabled","ignored":"ignore","ignored-run":"ignore","tooltip":"tooltip","tooltip_en_us":"i18n.en_us.tooltip","tooltip_de_de":"i18n.de_de.tooltip","tooltip_fr_fr":"i18n.fr_fr.tooltip","tooltip_it_it":"i18n.it_it.tooltip","tooltip_es_es":"i18n.es_es.tooltip","tooltip_i18n-key":"tooltip","max-date-error-msg":"extraSettings.maxDateErrorMessage","max-date-error-msg_en_us":"i18n.en_us.extraSettings.maxDateErrorMessage","max-date-error-msg_de_de":"i18n.de_de.extraSettings.maxDateErrorMessage","max-date-error-msg_fr_fr":"i18n.fr_fr.extraSettings.maxDateErrorMessage","max-date-error-msg_it_it":"i18n.it_it.extraSettings.maxDateErrorMessage","max-date-error-msg_es_es":"i18n.es_es.extraSettings.maxDateErrorMessage","max-date-error-msg_i18n-key":"extraSettings.maxDateErrorMessage","default-value":"defaultValue","visible":"visible","visible-run":"visible","description":"description","description_en_us":"i18n.en_us.description","description_de_de":"i18n.de_de.description","description_fr_fr":"i18n.fr_fr.description","description_it_it":"i18n.it_it.description","description_es_es":"i18n.es_es.description","description_i18n-key":"description"},"xmlProperties":["min-date","max-date","min-date-error-msg","min-date-error-msg_en_us","min-date-error-msg_de_de","min-date-error-msg_fr_fr","min-date-error-msg_it_it","min-date-error-msg_es_es","min-date-error-msg_i18n-key","max-date-error-msg","max-date-error-msg_en_us","max-date-error-msg_de_de","max-date-error-msg_fr_fr","max-date-error-msg_it_it","max-date-error-msg_es_es","max-date-error-msg_i18n-key"],"childShapes":[],"bounds":{"lowerRight":{"x":984,"y":146},"upperLeft":{"x":507,"y":98}},"properties":{"stencilid":"cloud-date","stencilsuperid":"Component","stencilsuperids":["Component"],"customstencil":true,"size":6,"notes":"","node-type":"","id":"date2","description-align":"left","label":"Return trip date","label_en_us":"Return trip date","label_de_de":"Label","label_fr_fr":"Label","label_it_it":"Label","label_es_es":"Label","label_i18n-key":"","row":2,"col-align":"fill","time-interval":"15","format":"","min-date":"","max-date":"","label-position":"top","style-class":"","min-date-error-msg":"","min-date-error-msg_en_us":"","min-date-error-msg_de_de":"","min-date-error-msg_fr_fr":"","min-date-error-msg_it_it":"","min-date-error-msg_es_es":"","min-date-error-msg_i18n-key":"","col-span":"1","bordercolor":"#000000","col":7,"documentation":"","required":true,"required-run":"","value":"{{returnTripDate}}","enable-time":false,"row-weight":"","row-align":"top","height":"","col-weight":"","enabled":true,"enabled-run":"","ignored":false,"ignored-run":"","tooltip":"","tooltip_en_us":"","tooltip_de_de":"","tooltip_fr_fr":"","tooltip_it_it":"","tooltip_es_es":"","tooltip_i18n-key":"","max-date-error-msg":"","max-date-error-msg_en_us":"","max-date-error-msg_de_de":"","max-date-error-msg_fr_fr":"","max-date-error-msg_it_it":"","max-date-error-msg_es_es":"","max-date-error-msg_i18n-key":"","default-value":"","width":"200","description-position":"bottom","visible":true,"visible-run":"","label-align":"top-left","description":"","description_en_us":"","description_de_de":"","description_fr_fr":"","description_it_it":"","description_es_es":"","description_i18n-key":"","customstencilid":"cloud-date","customnamespace":"http://b3mn.org/stencilset/default.flowable.form.palette.xml#","xmlTag":"date"},"ssextensions":[],"outgoing":[],"dockers":[],"labels":[{"styles":{"fill":"#000000","size":"12","italic":false,"bold":false},"ref":"label_text"},{"styles":{"fill":"#000000","size":"12","italic":false,"bold":false},"ref":"input_text"},{"styles":{"fill":"#000000","size":"12","italic":false,"bold":false},"ref":"desc_text"}]},{"resourceId":"single-select2","stencil":{"id":"Component"},"pathProperties":{"description":"description","description_en_us":"i18n.en_us.description","description_de_de":"i18n.de_de.description","description_fr_fr":"i18n.fr_fr.description","description_it_it":"i18n.it_it.description","description_es_es":"i18n.es_es.description","description_i18n-key":"description","required":"isRequired","required-run":"isRequired","format-item":"extraSettings.formatItem","id":"id","link-target":"extraSettings.linkTarget","auto-complete-type":"extraSettings.storage","ignored":"ignore","ignored-run":"ignore","style-class":"styleClass","autocomplete-min-length":"extraSettings.autocompleteMinLength","preselect-all":"extraSettings.preselectAll","enable-autocomplete":"extraSettings.enableAutocomplete","link-item":"extraSettings.linkUrl","link-target-view":"extraSettings.linkTargetView","col-span":"size","label":"label","label_en_us":"i18n.en_us.label","label_de_de":"i18n.de_de.label","label_fr_fr":"i18n.fr_fr.label","label_it_it":"i18n.it_it.label","label_es_es":"i18n.es_es.label","label_i18n-key":"label","label-position":"labelAlign","enabled":"enabled","enabled-run":"enabled","visible":"visible","visible-run":"visible","query-url":"extraSettings.queryUrl","query-url-run":"extraSettings.queryUrl","multi":"extraSettings.multi","serialize-item":"extraSettings.identity","path":"extraSettings.path","selection-error-msg":"extraSettings.selectionErrorMessage","selection-error-msg_en_us":"i18n.en_us.extraSettings.selectionErrorMessage","selection-error-msg_de_de":"i18n.de_de.extraSettings.selectionErrorMessage","selection-error-msg_fr_fr":"i18n.fr_fr.extraSettings.selectionErrorMessage","selection-error-msg_it_it":"i18n.it_it.extraSettings.selectionErrorMessage","selection-error-msg_es_es":"i18n.es_es.extraSettings.selectionErrorMessage","selection-error-msg_i18n-key":"extraSettings.selectionErrorMessage","min-error-msg":"extraSettings.minItemsErrorMessage","min-error-msg_en_us":"i18n.en_us.extraSettings.minItemsErrorMessage","min-error-msg_de_de":"i18n.de_de.extraSettings.minItemsErrorMessage","min-error-msg_fr_fr":"i18n.fr_fr.extraSettings.minItemsErrorMessage","min-error-msg_it_it":"i18n.it_it.extraSettings.minItemsErrorMessage","min-error-msg_es_es":"i18n.es_es.extraSettings.minItemsErrorMessage","min-error-msg_i18n-key":"extraSettings.minItemsErrorMessage","min-items":"extraSettings.minItems","min-items-run":"extraSettings.minItems","tags-enabled":"extraSettings.tagsEnabled","tooltip":"tooltip","tooltip_en_us":"i18n.en_us.tooltip","tooltip_de_de":"i18n.de_de.tooltip","tooltip_fr_fr":"i18n.fr_fr.tooltip","tooltip_it_it":"i18n.it_it.tooltip","tooltip_es_es":"i18n.es_es.tooltip","tooltip_i18n-key":"tooltip","max-error-msg":"extraSettings.maxItemsErrorMessage","max-error-msg_en_us":"i18n.en_us.extraSettings.maxItemsErrorMessage","max-error-msg_de_de":"i18n.de_de.extraSettings.maxItemsErrorMessage","max-error-msg_fr_fr":"i18n.fr_fr.extraSettings.maxItemsErrorMessage","max-error-msg_it_it":"i18n.it_it.extraSettings.maxItemsErrorMessage","max-error-msg_es_es":"i18n.es_es.extraSettings.maxItemsErrorMessage","max-error-msg_i18n-key":"extraSettings.maxItemsErrorMessage","options":"extraSettings.items","options_en_us":"i18n.en_us.extraSettings.items","options_en_us-run":"i18n.en_us.extraSettings.items","options_de_de":"i18n.de_de.extraSettings.items","options_de_de-run":"i18n.de_de.extraSettings.items","options_fr_fr":"i18n.fr_fr.extraSettings.items","options_fr_fr-run":"i18n.fr_fr.extraSettings.items","options_it_it":"i18n.it_it.extraSettings.items","options_it_it-run":"i18n.it_it.extraSettings.items","options_es_es":"i18n.es_es.extraSettings.items","options_es_es-run":"i18n.es_es.extraSettings.items","options-run":"extraSettings.items","options_i18n-key":"extraSettings.items","default-value":"defaultValue","value":"value","search-query":"extraSettings.searchQuery","datasource":"extraSettings.dataSource","lookup-url":"extraSettings.lookupUrl","lookup-url-run":"extraSettings.lookupUrl","max-items":"extraSettings.maxItems","max-items-run":"extraSettings.maxItems"},"xmlProperties":["format-item","auto-complete-type","preselect-all","link-item","query-url","query-url-run","serialize-item","path","tags-enabled","lookup-url","lookup-url-run"],"childShapes":[],"bounds":{"lowerRight":{"x":492,"y":73},"upperLeft":{"x":15,"y":25}},"outputmappingproperties":{"options":{"type":"complex","placeholders":[]},"options_en_us":{"type":"complex","placeholders":[]},"options_de_de":{"type":"complex","placeholders":[]},"options_fr_fr":{"type":"complex","placeholders":[]},"options_it_it":{"type":"complex","placeholders":[]},"options_es_es":{"type":"complex","placeholders":[]}},"properties":{"stencilid":"cloud-single-select","stencilsuperid":"Component","stencilsuperids":["Component"],"customstencil":true,"description":"","description_en_us":"","description_de_de":"","description_fr_fr":"","description_it_it":"","description_es_es":"","description_i18n-key":"","notes":"","required":true,"required-run":"","format-item":"","id":"origin-select","link-target":"_blank","auto-complete-type":"Id","ignored":false,"ignored-run":"","style-class":"","autocomplete-min-length":"1","preselect-all":false,"row":1,"enable-autocomplete":false,"label-align":"top-left","link-item":"","col-align":"fill","description-position":"bottom","link-target-view":"browse","col-span":"1","label":"Origin","label_en_us":"Origin","label_de_de":"Label","label_fr_fr":"Label","label_it_it":"Label","label_es_es":"Label","label_i18n-key":"","label-position":"top","width":"200","enabled":true,"enabled-run":"","visible":true,"visible-run":"","query-url":"","query-url-run":"","multi":false,"serialize-item":"value","path":"","selection-error-msg":"","selection-error-msg_en_us":"","selection-error-msg_de_de":"","selection-error-msg_fr_fr":"","selection-error-msg_it_it":"","selection-error-msg_es_es":"","selection-error-msg_i18n-key":"","min-error-msg":"","min-error-msg_en_us":"","min-error-msg_de_de":"","min-error-msg_fr_fr":"","min-error-msg_it_it":"","min-error-msg_es_es":"","min-error-msg_i18n-key":"","size":6,"min-items":"","min-items-run":"","node-type":"","tags-enabled":false,"tooltip":"","tooltip_en_us":"","tooltip_de_de":"","tooltip_fr_fr":"","tooltip_it_it":"","tooltip_es_es":"","tooltip_i18n-key":"","max-error-msg":"","max-error-msg_en_us":"","max-error-msg_de_de":"","max-error-msg_fr_fr":"","max-error-msg_it_it":"","max-error-msg_es_es":"","max-error-msg_i18n-key":"","options":{"totalCount":5,"items":[{"text":"Spain","value":"ES"},{"text":"Switzerland","value":"CH"},{"text":"Germany","value":"DE"},{"text":"France","value":"FR"},{"text":"Portugal","value":"PT"}]},"options_en_us":{"totalCount":5,"items":[{"text":"Spain","value":"ES"},{"text":"Switzerland","value":"CH"},{"text":"Germany","value":"DE"},{"text":"France","value":"FR"},{"text":"Portugal","value":"PT"}]},"options_en_us-run":"","options_de_de":"","options_de_de-run":"","options_fr_fr":"","options_fr_fr-run":"","options_it_it":"","options_it_it-run":"","options_es_es":"","options_es_es-run":"","options-run":"","options_i18n-key":"","col-weight":"","row-align":"top","default-value":"","description-align":"left","height":"","value":"{{origin}}","col":1,"search-query":"","datasource":"Static","lookup-url":"","lookup-url-run":"","max-items":"","max-items-run":"","documentation":"","row-weight":"","customstencilid":"cloud-single-select","customnamespace":"http://b3mn.org/stencilset/default.flowable.form.palette.xml#","xmlTag":"select"},"ssextensions":[],"outgoing":[],"dockers":[],"labels":[{"styles":{"fill":"#000000","size":"12","italic":false,"bold":false},"ref":"label_text"},{"styles":{"fill":"#000000","size":"12","italic":false,"bold":false},"ref":"input_text"},{"styles":{"fill":"#000000","size":"12","italic":false,"bold":false},"ref":"desc_text"}]},{"resourceId":"single-select4","stencil":{"id":"Component"},"pathProperties":{"description":"description","description_en_us":"i18n.en_us.description","description_de_de":"i18n.de_de.description","description_fr_fr":"i18n.fr_fr.description","description_it_it":"i18n.it_it.description","description_es_es":"i18n.es_es.description","description_i18n-key":"description","required":"isRequired","required-run":"isRequired","format-item":"extraSettings.formatItem","id":"id","link-target":"extraSettings.linkTarget","auto-complete-type":"extraSettings.storage","ignored":"ignore","ignored-run":"ignore","style-class":"styleClass","autocomplete-min-length":"extraSettings.autocompleteMinLength","preselect-all":"extraSettings.preselectAll","enable-autocomplete":"extraSettings.enableAutocomplete","link-item":"extraSettings.linkUrl","link-target-view":"extraSettings.linkTargetView","col-span":"size","label":"label","label_en_us":"i18n.en_us.label","label_de_de":"i18n.de_de.label","label_fr_fr":"i18n.fr_fr.label","label_it_it":"i18n.it_it.label","label_es_es":"i18n.es_es.label","label_i18n-key":"label","label-position":"labelAlign","enabled":"enabled","enabled-run":"enabled","visible":"visible","visible-run":"visible","query-url":"extraSettings.queryUrl","query-url-run":"extraSettings.queryUrl","multi":"extraSettings.multi","serialize-item":"extraSettings.identity","path":"extraSettings.path","selection-error-msg":"extraSettings.selectionErrorMessage","selection-error-msg_en_us":"i18n.en_us.extraSettings.selectionErrorMessage","selection-error-msg_de_de":"i18n.de_de.extraSettings.selectionErrorMessage","selection-error-msg_fr_fr":"i18n.fr_fr.extraSettings.selectionErrorMessage","selection-error-msg_it_it":"i18n.it_it.extraSettings.selectionErrorMessage","selection-error-msg_es_es":"i18n.es_es.extraSettings.selectionErrorMessage","selection-error-msg_i18n-key":"extraSettings.selectionErrorMessage","min-error-msg":"extraSettings.minItemsErrorMessage","min-error-msg_en_us":"i18n.en_us.extraSettings.minItemsErrorMessage","min-error-msg_de_de":"i18n.de_de.extraSettings.minItemsErrorMessage","min-error-msg_fr_fr":"i18n.fr_fr.extraSettings.minItemsErrorMessage","min-error-msg_it_it":"i18n.it_it.extraSettings.minItemsErrorMessage","min-error-msg_es_es":"i18n.es_es.extraSettings.minItemsErrorMessage","min-error-msg_i18n-key":"extraSettings.minItemsErrorMessage","min-items":"extraSettings.minItems","min-items-run":"extraSettings.minItems","tags-enabled":"extraSettings.tagsEnabled","tooltip":"tooltip","tooltip_en_us":"i18n.en_us.tooltip","tooltip_de_de":"i18n.de_de.tooltip","tooltip_fr_fr":"i18n.fr_fr.tooltip","tooltip_it_it":"i18n.it_it.tooltip","tooltip_es_es":"i18n.es_es.tooltip","tooltip_i18n-key":"tooltip","max-error-msg":"extraSettings.maxItemsErrorMessage","max-error-msg_en_us":"i18n.en_us.extraSettings.maxItemsErrorMessage","max-error-msg_de_de":"i18n.de_de.extraSettings.maxItemsErrorMessage","max-error-msg_fr_fr":"i18n.fr_fr.extraSettings.maxItemsErrorMessage","max-error-msg_it_it":"i18n.it_it.extraSettings.maxItemsErrorMessage","max-error-msg_es_es":"i18n.es_es.extraSettings.maxItemsErrorMessage","max-error-msg_i18n-key":"extraSettings.maxItemsErrorMessage","options":"extraSettings.items","options_en_us":"i18n.en_us.extraSettings.items","options_en_us-run":"i18n.en_us.extraSettings.items","options_de_de":"i18n.de_de.extraSettings.items","options_de_de-run":"i18n.de_de.extraSettings.items","options_fr_fr":"i18n.fr_fr.extraSettings.items","options_fr_fr-run":"i18n.fr_fr.extraSettings.items","options_it_it":"i18n.it_it.extraSettings.items","options_it_it-run":"i18n.it_it.extraSettings.items","options_es_es":"i18n.es_es.extraSettings.items","options_es_es-run":"i18n.es_es.extraSettings.items","options-run":"extraSettings.items","options_i18n-key":"extraSettings.items","default-value":"defaultValue","value":"value","search-query":"extraSettings.searchQuery","datasource":"extraSettings.dataSource","lookup-url":"extraSettings.lookupUrl","lookup-url-run":"extraSettings.lookupUrl","max-items":"extraSettings.maxItems","max-items-run":"extraSettings.maxItems"},"xmlProperties":["format-item","auto-complete-type","preselect-all","link-item","query-url","query-url-run","serialize-item","path","tags-enabled","lookup-url","lookup-url-run"],"childShapes":[],"bounds":{"lowerRight":{"x":984,"y":73},"upperLeft":{"x":507,"y":25}},"outputmappingproperties":{"options":{"type":"complex","placeholders":[]},"options_en_us":{"type":"complex","placeholders":[]},"options_de_de":{"type":"complex","placeholders":[]},"options_fr_fr":{"type":"complex","placeholders":[]},"options_it_it":{"type":"complex","placeholders":[]},"options_es_es":{"type":"complex","placeholders":[]}},"properties":{"stencilid":"cloud-single-select","stencilsuperid":"Component","stencilsuperids":["Component"],"customstencil":true,"description":"","description_en_us":"","description_de_de":"","description_fr_fr":"","description_it_it":"","description_es_es":"","description_i18n-key":"","notes":"","required":true,"required-run":"","format-item":"","id":"destination-select","link-target":"_blank","auto-complete-type":"Id","ignored":false,"ignored-run":"","style-class":"","autocomplete-min-length":"1","preselect-all":false,"row":1,"enable-autocomplete":false,"label-align":"top-left","link-item":"","col-align":"fill","description-position":"bottom","link-target-view":"browse","col-span":"1","label":"Destination","label_en_us":"Destination","label_de_de":"Label","label_fr_fr":"Label","label_it_it":"Label","label_es_es":"Label","label_i18n-key":"","label-position":"top","width":"200","enabled":true,"enabled-run":"","visible":true,"visible-run":"","query-url":"","query-url-run":"","multi":false,"serialize-item":"value","path":"","selection-error-msg":"","selection-error-msg_en_us":"","selection-error-msg_de_de":"","selection-error-msg_fr_fr":"","selection-error-msg_it_it":"","selection-error-msg_es_es":"","selection-error-msg_i18n-key":"","min-error-msg":"","min-error-msg_en_us":"","min-error-msg_de_de":"","min-error-msg_fr_fr":"","min-error-msg_it_it":"","min-error-msg_es_es":"","min-error-msg_i18n-key":"","size":6,"min-items":"","min-items-run":"","node-type":"","tags-enabled":false,"tooltip":"","tooltip_en_us":"","tooltip_de_de":"","tooltip_fr_fr":"","tooltip_it_it":"","tooltip_es_es":"","tooltip_i18n-key":"","max-error-msg":"","max-error-msg_en_us":"","max-error-msg_de_de":"","max-error-msg_fr_fr":"","max-error-msg_it_it":"","max-error-msg_es_es":"","max-error-msg_i18n-key":"","options":{"totalCount":5,"items":[{"text":"Spain","value":"ES"},{"text":"Switzerland","value":"CH"},{"text":"Germany","value":"DE"},{"text":"France","value":"FR"},{"text":"Portugal","value":"PT"}]},"options_en_us":{"totalCount":5,"items":[{"text":"Spain","value":"ES"},{"text":"Switzerland","value":"CH"},{"text":"Germany","value":"DE"},{"text":"France","value":"FR"},{"text":"Portugal","value":"PT"}]},"options_en_us-run":"","options_de_de":"","options_de_de-run":"","options_fr_fr":"","options_fr_fr-run":"","options_it_it":"","options_it_it-run":"","options_es_es":"","options_es_es-run":"","options-run":"","options_i18n-key":"","col-weight":"","row-align":"top","default-value":"","description-align":"left","height":"","value":"{{destination}}","col":7,"search-query":"","datasource":"Static","lookup-url":"","lookup-url-run":"","max-items":"","max-items-run":"","documentation":"","row-weight":"","customstencilid":"cloud-single-select","customnamespace":"http://b3mn.org/stencilset/default.flowable.form.palette.xml#","xmlTag":"select"},"ssextensions":[],"outgoing":[],"dockers":[],"labels":[{"styles":{"fill":"#000000","size":"12","italic":false,"bold":false},"ref":"label_text"},{"styles":{"fill":"#000000","size":"12","italic":false,"bold":false},"ref":"input_text"},{"styles":{"fill":"#000000","size":"12","italic":false,"bold":false},"ref":"desc_text"}]}],"bounds":{"lowerRight":{"x":1049,"y":221},"upperLeft":{"x":50,"y":50}},"oldResourceId":"sid-8D9FC954-EB33-4C05-ADF0-5706EF50E974","properties":{"stencilid":"SlotPanel","stencilsuperid":"SlotPanel","stencilsuperids":["SlotPanel"],"customstencil":true,"id":"panel1","notes":"","width":"300","xmlTag":"panel"},"ssextensions":[],"outgoing":[],"dockers":[]}],"bounds":{"lowerRight":{"x":1485,"y":1050},"upperLeft":{"x":0,"y":0}},"outputmappingproperties":{"outcomes":{"type":"complex","placeholders":[]}},"properties":{"stencilid":"XForm","stencilsuperid":"XForm","stencilsuperids":["XForm"],"customstencil":true,"id":"travelRequestInfo","notes":"","guid":"FORM_MODEL-8b07e29e-2664-42b0-ac43-da708b462c0d","stylesheet":"","name":"Travel Request Info","creationdate":"2019-06-28T07:47:18.856Z","modificationdate":"2019-07-01T07:09:50.297Z","outcomes":"","outcomevariablename":"","dialog-size":"","dialog-title":"","dialog-description":"","xmlTag":"XForm","description":""},"ssextensions":["http://b3mn.org/stencilset/default.flowable.form.palette.xml#"],"stencilset":{"url":"./app/editor_stencilset","namespace":"http://b3mn.org/stencilset/xforms#"}}}