{"id":"PAGE_MODEL-c5aee385-21bf-449b-99e1-ca929d22ebaa","name":"indexing-training-page-2","key":"indexingTrainingPage2","description":"","editorJson":{"resourceId":"editor_PAGE_MODEL-c5aee385-21bf-449b-99e1-ca929d22ebaa","stencil":{"id":"XForm"},"pathProperties":{"id":"id","name":"name","creationdate":"creationdate","modificationdate":"modificationdate","outcomes":"outcomes","outcomevariablename":"outcomeVariableName","datamodel":"dataModel","dialog-size":"dialogSize","dialog-title":"dialogTitle","dialog-description":"dialogDescription"},"xmlProperties":[],"childShapes":[{"resourceId":"panel1","stencil":{"id":"SlotPanel"},"pathProperties":{"id":"id"},"xmlProperties":[],"childShapes":[{"resourceId":"datatable1","stencil":{"id":"Component"},"pathProperties":{"filterable":"extraSettings.filterable","value":"value","visible":"visible","visible-run":"visible","auto-complete-type":"extraSettings.storage","sort-separator":"extraSettings.sortSeparator","lookup-url":"extraSettings.lookupUrl","lookup-url-run":"extraSettings.lookupUrl","serialize-item":"extraSettings.identity","conditional-formatting":"extraSettings.conditionalFormatting","ignored":"ignore","ignored-run":"ignore","id":"id","url":"extraSettings.url","format-item":"extraSettings.formatItem","filter-pattern":"extraSettings.filterPattern","refresh-time":"extraSettings.refreshTime","refresh-time-run":"extraSettings.refreshTime","tooltip":"tooltip","tooltip_en_us":"i18n.en_us.tooltip","tooltip_de_de":"i18n.de_de.tooltip","tooltip_fr_fr":"i18n.fr_fr.tooltip","tooltip_it_it":"i18n.it_it.tooltip","tooltip_es_es":"i18n.es_es.tooltip","tooltip_i18n-key":"tooltip","response":"extraSettings.response","description":"description","description_en_us":"i18n.en_us.description","description_de_de":"i18n.de_de.description","description_fr_fr":"i18n.fr_fr.description","description_it_it":"i18n.it_it.description","description_es_es":"i18n.es_es.description","description_i18n-key":"description","query-url":"extraSettings.queryUrl","query-url-run":"extraSettings.queryUrl","table-key":"extraSettings.tableKey","table-key-run":"extraSettings.tableKey","sort-desc":"extraSettings.sortDesc","search-query":"extraSettings.searchQuery","label-position":"labelAlign","sort-asc":"extraSettings.sortAsc","page-size":"extraSettings.pageSize","show-pagination":"extraSettings.showPagination","show-pagination-run":"extraSettings.showPagination","client-pagination":"extraSettings.clientPagination","no-data-message":"extraSettings.noDataMessage","no-data-message_en_us":"i18n.en_us.extraSettings.noDataMessage","no-data-message_de_de":"i18n.de_de.extraSettings.noDataMessage","no-data-message_fr_fr":"i18n.fr_fr.extraSettings.noDataMessage","no-data-message_it_it":"i18n.it_it.extraSettings.noDataMessage","no-data-message_es_es":"i18n.es_es.extraSettings.noDataMessage","no-data-message_i18n-key":"extraSettings.noDataMessage","path":"extraSettings.path","path-run":"extraSettings.path","datasource":"extraSettings.dataSource","target":"extraSettings.target","selectable":"extraSettings.selectable","columns":"extraSettings.columns","page-size-options":"extraSettings.pageSizeOptions","show-total-records":"extraSettings.showTotalRecords","sort-pattern":"extraSettings.sortPattern","required":"isRequired","required-run":"isRequired","enabled":"enabled","enabled-run":"enabled","filter-separator":"extraSettings.filterSeparator","show-refresh-button":"extraSettings.showRefreshButton","label":"label","label_en_us":"i18n.en_us.label","label_de_de":"i18n.de_de.label","label_fr_fr":"i18n.fr_fr.label","label_it_it":"i18n.it_it.label","label_es_es":"i18n.es_es.label","label_i18n-key":"label","link-target":"extraSettings.linkTarget","col-span":"size","link-target-view":"extraSettings.linkTargetView","multi-sort":"extraSettings.multiSort","sortable":"extraSettings.sortable","style-class":"styleClass","options":"extraSettings.items","options_en_us":"i18n.en_us.extraSettings.items","options_en_us-run":"i18n.en_us.extraSettings.items","options_de_de":"i18n.de_de.extraSettings.items","options_de_de-run":"i18n.de_de.extraSettings.items","options_fr_fr":"i18n.fr_fr.extraSettings.items","options_fr_fr-run":"i18n.fr_fr.extraSettings.items","options_it_it":"i18n.it_it.extraSettings.items","options_it_it-run":"i18n.it_it.extraSettings.items","options_es_es":"i18n.es_es.extraSettings.items","options_es_es-run":"i18n.es_es.extraSettings.items","options-run":"extraSettings.items","options_i18n-key":"extraSettings.items","default-value":"defaultValue","link-item":"extraSettings.linkUrl"},"xmlProperties":["auto-complete-type","lookup-url","lookup-url-run","serialize-item","format-item","query-url","query-url-run","table-key","table-key-run","path","path-run","link-item"],"childShapes":[],"bounds":{"lowerRight":{"x":984,"y":239},"upperLeft":{"x":15,"y":171}},"outputmappingproperties":{"conditional-formatting":{"type":"complex","placeholders":[]},"columns":{"type":"complex","placeholders":[]},"page-size-options":{"type":"complex","placeholders":[]},"options":{"type":"complex","placeholders":[]},"options_en_us":{"type":"complex","placeholders":[]},"options_de_de":{"type":"complex","placeholders":[]},"options_fr_fr":{"type":"complex","placeholders":[]},"options_it_it":{"type":"complex","placeholders":[]},"options_es_es":{"type":"complex","placeholders":[]}},"properties":{"stencilid":"cloud-datatable","stencilsuperid":"Component","stencilsuperids":["Component"],"customstencil":true,"filterable":false,"notes":"","value":"","row":3,"col":1,"visible":"{{!destination || destination=='ALL'}}","visible-run":"{{!destination || destination=='ALL'}}","col-weight":"","documentation":"","auto-complete-type":"Id","sort-separator":"","lookup-url":"","lookup-url-run":"","serialize-item":"value","conditional-formatting":"","ignored":"","ignored-run":"","id":"allTravelRequest","url":"","format-item":"","filter-pattern":"","row-weight":"","refresh-time":"","refresh-time-run":"","tooltip":"","tooltip_en_us":"","tooltip_de_de":"","tooltip_fr_fr":"","tooltip_it_it":"","tooltip_es_es":"","tooltip_i18n-key":"","response":{},"description":"","description_en_us":"","description_de_de":"","description_fr_fr":"","description_it_it":"","description_es_es":"","description_i18n-key":"","query-url":"/flowable-work/platform-api/search/query-case-instances/alias/travel-request-alias","query-url-run":"/flowable-work/platform-api/search/query-case-instances/alias/travel-request-alias","table-key":"","table-key-run":"","sort-desc":"","search-query":"","label-position":"top","sort-asc":"","col-align":"fill","page-size":"","show-pagination":true,"show-pagination-run":"","client-pagination":true,"no-data-message":"","no-data-message_en_us":"","no-data-message_de_de":"","no-data-message_fr_fr":"","no-data-message_it_it":"","no-data-message_es_es":"","no-data-message_i18n-key":"","path":"data","path-run":"data","datasource":"Rest","target":"_blank","selectable":"","columns":{"totalCount":7,"items":[{"label":"Case Id","id":"id","alignment":"left","filterable":false,"sortable":"true","show":true,"accessor":"id"},{"label":"Origin","id":"origin","alignment":"left","filterable":false,"sortable":"true","show":true,"accessor":"origin"},{"label":"Destination","id":"destination","alignment":"left","filterable":false,"sortable":"true","show":true,"accessor":"destination"},{"label":"Transportation","id":"transportation","accessor":"transportation","alignment":"left","className":"","component":"","filterable":false,"maxWidth":"","minWidth":"","width":"","sortable":"true","show":true,"show_rt":""},{"label":"Travel Agent","id":"travelAgentId","accessor":"travelAgentId","alignment":"left","className":"","component":"","filterable":false,"maxWidth":"","minWidth":"","width":"","sortable":"true","show":true,"show_rt":""},{"label":"Accommodation","id":"accommodation","accessor":"accommodation","alignment":"left","className":"","component":"","filterable":false,"maxWidth":"","minWidth":"","width":"","sortable":"true","show":true,"show_rt":""},{"label":"","id":"","accessor":"","alignment":"left","className":"","component":"","filterable":false,"maxWidth":"","minWidth":"","width":"","sortable":"true","show":true,"show_rt":""}]},"page-size-options":{"totalCount":6,"items":[{"page-size":5},{"page-size":10},{"page-size":20},{"page-size":25},{"page-size":50},{"page-size":100}]},"show-total-records":false,"bordercolor":"#000000","sort-pattern":"","required":false,"required-run":"","enabled":true,"enabled-run":"","filter-separator":"","show-refresh-button":true,"height":"","label":"","label_en_us":"","label_de_de":"","label_fr_fr":"","label_it_it":"","label_es_es":"","label_i18n-key":"","row-align":"top","node-type":"","link-target":"","col-span":"1","size":12,"link-target-view":"browse","width":"200","multi-sort":false,"description-align":"left","sortable":true,"description-position":"bottom","style-class":"","options":"","options_en_us":"","options_en_us-run":"","options_de_de":"","options_de_de-run":"","options_fr_fr":"","options_fr_fr-run":"","options_it_it":"","options_it_it-run":"","options_es_es":"","options_es_es-run":"","options-run":"","options_i18n-key":"","default-value":"","label-align":"top-left","link-item":"","customstencilid":"cloud-datatable","customnamespace":"http://b3mn.org/stencilset/default.flowable.page.palette.xml#","xmlTag":"dataTable"},"ssextensions":[],"outgoing":[],"dockers":[],"labels":[{"styles":{"fill":"#000000","size":"12","italic":false,"bold":false},"ref":"label_text"},{"styles":{"fill":"#000000","size":"12","italic":false,"bold":false},"ref":"input_text"},{"styles":{"fill":"#000000","size":"12","italic":false,"bold":false},"ref":"input_dependent_text_1"},{"styles":{"fill":"#000000","size":"12","italic":false,"bold":false},"ref":"desc_text"}]},{"resourceId":"datatable2","stencil":{"id":"Component"},"pathProperties":{"filterable":"extraSettings.filterable","value":"value","visible":"visible","visible-run":"visible","auto-complete-type":"extraSettings.storage","sort-separator":"extraSettings.sortSeparator","lookup-url":"extraSettings.lookupUrl","lookup-url-run":"extraSettings.lookupUrl","serialize-item":"extraSettings.identity","conditional-formatting":"extraSettings.conditionalFormatting","ignored":"ignore","ignored-run":"ignore","id":"id","url":"extraSettings.url","format-item":"extraSettings.formatItem","filter-pattern":"extraSettings.filterPattern","refresh-time":"extraSettings.refreshTime","refresh-time-run":"extraSettings.refreshTime","tooltip":"tooltip","tooltip_en_us":"i18n.en_us.tooltip","tooltip_de_de":"i18n.de_de.tooltip","tooltip_fr_fr":"i18n.fr_fr.tooltip","tooltip_it_it":"i18n.it_it.tooltip","tooltip_es_es":"i18n.es_es.tooltip","tooltip_i18n-key":"tooltip","response":"extraSettings.response","description":"description","description_en_us":"i18n.en_us.description","description_de_de":"i18n.de_de.description","description_fr_fr":"i18n.fr_fr.description","description_it_it":"i18n.it_it.description","description_es_es":"i18n.es_es.description","description_i18n-key":"description","query-url":"extraSettings.queryUrl","query-url-run":"extraSettings.queryUrl","table-key":"extraSettings.tableKey","table-key-run":"extraSettings.tableKey","sort-desc":"extraSettings.sortDesc","search-query":"extraSettings.searchQuery","label-position":"labelAlign","sort-asc":"extraSettings.sortAsc","page-size":"extraSettings.pageSize","show-pagination":"extraSettings.showPagination","show-pagination-run":"extraSettings.showPagination","client-pagination":"extraSettings.clientPagination","no-data-message":"extraSettings.noDataMessage","no-data-message_en_us":"i18n.en_us.extraSettings.noDataMessage","no-data-message_de_de":"i18n.de_de.extraSettings.noDataMessage","no-data-message_fr_fr":"i18n.fr_fr.extraSettings.noDataMessage","no-data-message_it_it":"i18n.it_it.extraSettings.noDataMessage","no-data-message_es_es":"i18n.es_es.extraSettings.noDataMessage","no-data-message_i18n-key":"extraSettings.noDataMessage","path":"extraSettings.path","path-run":"extraSettings.path","datasource":"extraSettings.dataSource","target":"extraSettings.target","selectable":"extraSettings.selectable","columns":"extraSettings.columns","page-size-options":"extraSettings.pageSizeOptions","show-total-records":"extraSettings.showTotalRecords","sort-pattern":"extraSettings.sortPattern","required":"isRequired","required-run":"isRequired","enabled":"enabled","enabled-run":"enabled","filter-separator":"extraSettings.filterSeparator","show-refresh-button":"extraSettings.showRefreshButton","label":"label","label_en_us":"i18n.en_us.label","label_de_de":"i18n.de_de.label","label_fr_fr":"i18n.fr_fr.label","label_it_it":"i18n.it_it.label","label_es_es":"i18n.es_es.label","label_i18n-key":"label","link-target":"extraSettings.linkTarget","col-span":"size","link-target-view":"extraSettings.linkTargetView","multi-sort":"extraSettings.multiSort","sortable":"extraSettings.sortable","style-class":"styleClass","options":"extraSettings.items","options_en_us":"i18n.en_us.extraSettings.items","options_en_us-run":"i18n.en_us.extraSettings.items","options_de_de":"i18n.de_de.extraSettings.items","options_de_de-run":"i18n.de_de.extraSettings.items","options_fr_fr":"i18n.fr_fr.extraSettings.items","options_fr_fr-run":"i18n.fr_fr.extraSettings.items","options_it_it":"i18n.it_it.extraSettings.items","options_it_it-run":"i18n.it_it.extraSettings.items","options_es_es":"i18n.es_es.extraSettings.items","options_es_es-run":"i18n.es_es.extraSettings.items","options-run":"extraSettings.items","options_i18n-key":"extraSettings.items","default-value":"defaultValue","link-item":"extraSettings.linkUrl"},"xmlProperties":["auto-complete-type","lookup-url","lookup-url-run","serialize-item","format-item","query-url","query-url-run","table-key","table-key-run","path","path-run","link-item"],"childShapes":[],"bounds":{"lowerRight":{"x":984,"y":332},"upperLeft":{"x":15,"y":264}},"outputmappingproperties":{"conditional-formatting":{"type":"complex","placeholders":[]},"columns":{"type":"complex","placeholders":[]},"page-size-options":{"type":"complex","placeholders":[]},"options":{"type":"complex","placeholders":[]},"options_en_us":{"type":"complex","placeholders":[]},"options_de_de":{"type":"complex","placeholders":[]},"options_fr_fr":{"type":"complex","placeholders":[]},"options_it_it":{"type":"complex","placeholders":[]},"options_es_es":{"type":"complex","placeholders":[]}},"properties":{"stencilid":"cloud-datatable","stencilsuperid":"Component","stencilsuperids":["Component"],"customstencil":true,"filterable":false,"notes":"","value":"","row":4,"col":1,"visible":"{{destination && destination!='ALL'}}","visible-run":"{{destination && destination!='ALL'}}","col-weight":"","documentation":"","auto-complete-type":"Id","sort-separator":"","lookup-url":"","lookup-url-run":"","serialize-item":"value","conditional-formatting":"","ignored":false,"ignored-run":"","id":"originTravelRequest","url":"","format-item":"","filter-pattern":"","row-weight":"","refresh-time":"","refresh-time-run":"","tooltip":"","tooltip_en_us":"","tooltip_de_de":"","tooltip_fr_fr":"","tooltip_it_it":"","tooltip_es_es":"","tooltip_i18n-key":"","response":{},"description":"","description_en_us":"","description_de_de":"","description_fr_fr":"","description_it_it":"","description_es_es":"","description_i18n-key":"","query-url":"/flowable-work/platform-api/search/query-case-instances/query/travel-request-destination-case?destination={{destination}}","query-url-run":"/flowable-work/platform-api/search/query-case-instances/query/travel-request-destination-case?destination={{destination}}","table-key":"","table-key-run":"","sort-desc":"","search-query":"","label-position":"top","sort-asc":"","col-align":"fill","page-size":"","show-pagination":true,"show-pagination-run":"","client-pagination":true,"no-data-message":"","no-data-message_en_us":"","no-data-message_de_de":"","no-data-message_fr_fr":"","no-data-message_it_it":"","no-data-message_es_es":"","no-data-message_i18n-key":"","path":"data","path-run":"data","datasource":"Rest","target":"_blank","selectable":"","columns":{"totalCount":7,"items":[{"label":"Case Id","id":"id","alignment":"left","filterable":false,"sortable":"true","show":true,"accessor":"id"},{"label":"Origin","id":"origin","alignment":"left","filterable":false,"sortable":"true","show":true,"accessor":"origin"},{"label":"Destination","id":"destination","alignment":"left","filterable":false,"sortable":"true","show":true,"accessor":"destination"},{"label":"Transportation","id":"transportation","accessor":"transportation","alignment":"left","className":"","component":"","filterable":false,"maxWidth":"","minWidth":"","width":"","sortable":"true","show":true,"show_rt":""},{"label":"Travel Agent","id":"travelAgentId","accessor":"travelAgentId","alignment":"left","className":"","component":"","filterable":false,"maxWidth":"","minWidth":"","width":"","sortable":"true","show":true,"show_rt":""},{"label":"Accommodation","id":"accommodation","accessor":"accommodation","alignment":"left","className":"","component":"","filterable":false,"maxWidth":"","minWidth":"","width":"","sortable":"true","show":true,"show_rt":""},{"label":"","id":"","accessor":"","alignment":"left","className":"","component":"","filterable":false,"maxWidth":"","minWidth":"","width":"","sortable":"true","show":true,"show_rt":""}]},"page-size-options":{"totalCount":6,"items":[{"page-size":5},{"page-size":10},{"page-size":20},{"page-size":25},{"page-size":50},{"page-size":100}]},"show-total-records":false,"bordercolor":"#000000","sort-pattern":"","required":false,"required-run":"","enabled":true,"enabled-run":"","filter-separator":"","show-refresh-button":true,"height":"","label":"","label_en_us":"","label_de_de":"","label_fr_fr":"","label_it_it":"","label_es_es":"","label_i18n-key":"","row-align":"top","node-type":"","link-target":"","col-span":"1","size":12,"link-target-view":"browse","width":"200","multi-sort":false,"description-align":"left","sortable":true,"description-position":"bottom","style-class":"","options":"","options_en_us":"","options_en_us-run":"","options_de_de":"","options_de_de-run":"","options_fr_fr":"","options_fr_fr-run":"","options_it_it":"","options_it_it-run":"","options_es_es":"","options_es_es-run":"","options-run":"","options_i18n-key":"","default-value":"","label-align":"top-left","link-item":"","customstencilid":"cloud-datatable","customnamespace":"http://b3mn.org/stencilset/default.flowable.page.palette.xml#","xmlTag":"dataTable"},"ssextensions":[],"outgoing":[],"dockers":[],"labels":[{"styles":{"fill":"#000000","size":"12","italic":false,"bold":false},"ref":"label_text"},{"styles":{"fill":"#000000","size":"12","italic":false,"bold":false},"ref":"input_text"},{"styles":{"fill":"#000000","size":"12","italic":false,"bold":false},"ref":"input_dependent_text_1"},{"styles":{"fill":"#000000","size":"12","italic":false,"bold":false},"ref":"desc_text"}]},{"resourceId":"output1","stencil":{"id":"Output"},"pathProperties":{"col-span":"size","label-position":"labelAlign","ignored":"ignore","ignored-run":"ignore","description":"description","description_en_us":"i18n.en_us.description","description_de_de":"i18n.de_de.description","description_fr_fr":"i18n.fr_fr.description","description_it_it":"i18n.it_it.description","description_es_es":"i18n.es_es.description","description_i18n-key":"description","id":"id","required":"isRequired","required-run":"isRequired","height":"height","default-value":"defaultValue","enabled":"enabled","enabled-run":"enabled","style-class":"styleClass","visible":"visible","visible-run":"visible","tooltip":"tooltip","tooltip_en_us":"i18n.en_us.tooltip","tooltip_de_de":"i18n.de_de.tooltip","tooltip_fr_fr":"i18n.fr_fr.tooltip","tooltip_it_it":"i18n.it_it.tooltip","tooltip_es_es":"i18n.es_es.tooltip","tooltip_i18n-key":"tooltip","label":"label","label_en_us":"i18n.en_us.label","label_de_de":"i18n.de_de.label","label_fr_fr":"i18n.fr_fr.label","label_it_it":"i18n.it_it.label","label_es_es":"i18n.es_es.label","label_i18n-key":"label","value":"value","value_en_us":"i18n.en_us.value","value_de_de":"i18n.de_de.value","value_fr_fr":"i18n.fr_fr.value","value_it_it":"i18n.it_it.value","value_es_es":"i18n.es_es.value","value_i18n-key":"value"},"xmlProperties":[],"childShapes":[],"bounds":{"lowerRight":{"x":984,"y":75},"upperLeft":{"x":15,"y":25}},"properties":{"stencilid":"cloud-output","stencilsuperid":"Output","stencilsuperids":["Component"],"customstencil":true,"description-align":"left","notes":"","col-span":"1","label-position":"top","ignored":false,"ignored-run":"","description":"","description_en_us":"","description_de_de":"","description_fr_fr":"","description_it_it":"","description_es_es":"","description_i18n-key":"","size":12,"col":1,"id":"title","row-weight":"","node-type":"","required":false,"required-run":"","row-align":"top","max-length":"","height":"","description-position":"bottom","default-value":"false","col-align":"fill","bordercolor":"#000000","col-weight":"","label-align":"top-left","documentation":"","enabled":true,"enabled-run":"","style-class":"","visible":true,"visible-run":"","tooltip":"","tooltip_en_us":"","tooltip_de_de":"","tooltip_fr_fr":"","tooltip_it_it":"","tooltip_es_es":"","tooltip_i18n-key":"","label":"","label_en_us":"","label_de_de":"","label_fr_fr":"","label_it_it":"","label_es_es":"","label_i18n-key":"","value":"<h1><strong>INFORMATION - TRAVEL REQUEST</strong></h1>\n","value_en_us":"<h1><strong>INFORMATION - TRAVEL REQUEST</strong></h1>\n","value_de_de":"","value_fr_fr":"","value_it_it":"","value_es_es":"","value_i18n-key":"","width":"200","row":1,"rich-text":true,"customstencilid":"cloud-output","customnamespace":"http://b3mn.org/stencilset/default.flowable.page.palette.xml#","xmlTag":"htmlComponent"},"ssextensions":[],"outgoing":[],"dockers":[],"labels":[{"styles":{"fill":"#000000","size":"12","italic":false,"bold":false},"ref":"label_text"},{"styles":{"fill":"#000000","size":"12","italic":false,"bold":false},"ref":"input_text"},{"styles":{"fill":"#000000","size":"12","italic":false,"bold":false},"ref":"desc_text"}]},{"resourceId":"single-select2","stencil":{"id":"Component"},"pathProperties":{"query-url":"extraSettings.queryUrl","query-url-run":"extraSettings.queryUrl","max-error-msg":"extraSettings.maxItemsErrorMessage","max-error-msg_en_us":"i18n.en_us.extraSettings.maxItemsErrorMessage","max-error-msg_de_de":"i18n.de_de.extraSettings.maxItemsErrorMessage","max-error-msg_fr_fr":"i18n.fr_fr.extraSettings.maxItemsErrorMessage","max-error-msg_it_it":"i18n.it_it.extraSettings.maxItemsErrorMessage","max-error-msg_es_es":"i18n.es_es.extraSettings.maxItemsErrorMessage","max-error-msg_i18n-key":"extraSettings.maxItemsErrorMessage","ignored":"ignore","ignored-run":"ignore","format-item":"extraSettings.formatItem","lookup-url":"extraSettings.lookupUrl","lookup-url-run":"extraSettings.lookupUrl","enabled":"enabled","enabled-run":"enabled","link-item":"extraSettings.linkUrl","link-target-view":"extraSettings.linkTargetView","label-position":"labelAlign","link-target":"extraSettings.linkTarget","options":"extraSettings.items","options_en_us":"i18n.en_us.extraSettings.items","options_en_us-run":"i18n.en_us.extraSettings.items","options_de_de":"i18n.de_de.extraSettings.items","options_de_de-run":"i18n.de_de.extraSettings.items","options_fr_fr":"i18n.fr_fr.extraSettings.items","options_fr_fr-run":"i18n.fr_fr.extraSettings.items","options_it_it":"i18n.it_it.extraSettings.items","options_it_it-run":"i18n.it_it.extraSettings.items","options_es_es":"i18n.es_es.extraSettings.items","options_es_es-run":"i18n.es_es.extraSettings.items","options-run":"extraSettings.items","options_i18n-key":"extraSettings.items","visible":"visible","visible-run":"visible","search-query":"extraSettings.searchQuery","max-items":"extraSettings.maxItems","max-items-run":"extraSettings.maxItems","id":"id","selection-error-msg":"extraSettings.selectionErrorMessage","selection-error-msg_en_us":"i18n.en_us.extraSettings.selectionErrorMessage","selection-error-msg_de_de":"i18n.de_de.extraSettings.selectionErrorMessage","selection-error-msg_fr_fr":"i18n.fr_fr.extraSettings.selectionErrorMessage","selection-error-msg_it_it":"i18n.it_it.extraSettings.selectionErrorMessage","selection-error-msg_es_es":"i18n.es_es.extraSettings.selectionErrorMessage","selection-error-msg_i18n-key":"extraSettings.selectionErrorMessage","tags-enabled":"extraSettings.tagsEnabled","multi":"extraSettings.multi","table-key":"extraSettings.tableKey","table-key-run":"extraSettings.tableKey","style-class":"styleClass","autocomplete-min-length":"extraSettings.autocompleteMinLength","autocomplete-min-length-run":"extraSettings.autocompleteMinLength","preselect-all":"extraSettings.preselectAll","default-value":"defaultValue","min-error-msg":"extraSettings.minItemsErrorMessage","min-error-msg_en_us":"i18n.en_us.extraSettings.minItemsErrorMessage","min-error-msg_de_de":"i18n.de_de.extraSettings.minItemsErrorMessage","min-error-msg_fr_fr":"i18n.fr_fr.extraSettings.minItemsErrorMessage","min-error-msg_it_it":"i18n.it_it.extraSettings.minItemsErrorMessage","min-error-msg_es_es":"i18n.es_es.extraSettings.minItemsErrorMessage","min-error-msg_i18n-key":"extraSettings.minItemsErrorMessage","label":"label","label_en_us":"i18n.en_us.label","label_de_de":"i18n.de_de.label","label_fr_fr":"i18n.fr_fr.label","label_it_it":"i18n.it_it.label","label_es_es":"i18n.es_es.label","label_i18n-key":"label","min-items":"extraSettings.minItems","min-items-run":"extraSettings.minItems","value":"value","tooltip":"tooltip","tooltip_en_us":"i18n.en_us.tooltip","tooltip_de_de":"i18n.de_de.tooltip","tooltip_fr_fr":"i18n.fr_fr.tooltip","tooltip_it_it":"i18n.it_it.tooltip","tooltip_es_es":"i18n.es_es.tooltip","tooltip_i18n-key":"tooltip","serialize-item":"extraSettings.identity","auto-complete-type":"extraSettings.storage","col-span":"size","enable-autocomplete":"extraSettings.enableAutocomplete","required":"isRequired","required-run":"isRequired","datasource":"extraSettings.dataSource","path":"extraSettings.path","description":"description","description_en_us":"i18n.en_us.description","description_de_de":"i18n.de_de.description","description_fr_fr":"i18n.fr_fr.description","description_it_it":"i18n.it_it.description","description_es_es":"i18n.es_es.description","description_i18n-key":"description"},"xmlProperties":["query-url","query-url-run","format-item","lookup-url","lookup-url-run","link-item","tags-enabled","table-key","table-key-run","preselect-all","serialize-item","auto-complete-type","path"],"childShapes":[],"bounds":{"lowerRight":{"x":984,"y":146},"upperLeft":{"x":15,"y":98}},"outputmappingproperties":{"options":{"type":"complex","placeholders":[]},"options_en_us":{"type":"complex","placeholders":[]},"options_de_de":{"type":"complex","placeholders":[]},"options_fr_fr":{"type":"complex","placeholders":[]},"options_it_it":{"type":"complex","placeholders":[]},"options_es_es":{"type":"complex","placeholders":[]}},"properties":{"stencilid":"cloud-single-select","stencilsuperid":"Component","stencilsuperids":["Component"],"customstencil":true,"query-url":"/flowable-work/platform-api/search/query-case-instances/query/travel-request-destination-prefix-case?destination={{$searchText}}","query-url-run":"/flowable-work/platform-api/search/query-case-instances/query/travel-request-destination-prefix-case?destination={{$searchText}}","notes":"","description-position":"bottom","documentation":"","max-error-msg":"","max-error-msg_en_us":"","max-error-msg_de_de":"","max-error-msg_fr_fr":"","max-error-msg_it_it":"","max-error-msg_es_es":"","max-error-msg_i18n-key":"","ignored":false,"ignored-run":"","format-item":"{{$item.destination}}","lookup-url":"#","lookup-url-run":"#","enabled":true,"enabled-run":"","height":"","link-item":"","link-target-view":"browse","label-position":"top","link-target":"_blank","col-weight":"","options":{"totalCount":3,"items":[{"text":"Valencia","value":"VLC"},{"text":"Barcelona","value":"BCN"},{"text":"All","value":"ALL"}]},"options_en_us":{"totalCount":3,"items":[{"text":"Valencia","value":"VLC"},{"text":"Barcelona","value":"BCN"},{"text":"All","value":"ALL"}]},"options_en_us-run":"","options_de_de":"","options_de_de-run":"","options_fr_fr":"","options_fr_fr-run":"","options_it_it":"","options_it_it-run":"","options_es_es":"","options_es_es-run":"","options-run":"","options_i18n-key":"","visible":true,"visible-run":"","search-query":"","node-type":"","max-items":"","max-items-run":"","id":"single-select2","selection-error-msg":"","selection-error-msg_en_us":"","selection-error-msg_de_de":"","selection-error-msg_fr_fr":"","selection-error-msg_it_it":"","selection-error-msg_es_es":"","selection-error-msg_i18n-key":"","tags-enabled":false,"multi":false,"table-key":"","table-key-run":"","style-class":"","row":2,"autocomplete-min-length":"0","autocomplete-min-length-run":"0","preselect-all":false,"size":12,"default-value":"","min-error-msg":"","min-error-msg_en_us":"","min-error-msg_de_de":"","min-error-msg_fr_fr":"","min-error-msg_it_it":"","min-error-msg_es_es":"","min-error-msg_i18n-key":"","row-weight":"","label":"Destination","label_en_us":"Destination","label_de_de":"Origin","label_fr_fr":"Origin","label_it_it":"Origin","label_es_es":"Origin","label_i18n-key":"","min-items":"","min-items-run":"","value":"{{destination}}","tooltip":"","tooltip_en_us":"","tooltip_de_de":"","tooltip_fr_fr":"","tooltip_it_it":"","tooltip_es_es":"","tooltip_i18n-key":"","serialize-item":"destination","description-align":"left","auto-complete-type":"Id","col-span":"1","enable-autocomplete":true,"label-align":"top-left","required":false,"required-run":"","row-align":"top","datasource":"Rest","width":"200","col":1,"col-align":"fill","path":"data","description":"","description_en_us":"","description_de_de":"","description_fr_fr":"","description_it_it":"","description_es_es":"","description_i18n-key":"","customstencilid":"cloud-single-select","customnamespace":"http://b3mn.org/stencilset/default.flowable.page.palette.xml#","xmlTag":"select"},"ssextensions":[],"outgoing":[],"dockers":[],"labels":[{"styles":{"fill":"#000000","size":"12","italic":false,"bold":false},"ref":"label_text"},{"styles":{"fill":"#000000","size":"12","italic":false,"bold":false},"ref":"input_text"},{"styles":{"fill":"#000000","size":"12","italic":false,"bold":false},"ref":"desc_text"}]}],"bounds":{"lowerRight":{"x":1049,"y":407},"upperLeft":{"x":50,"y":50}},"oldResourceId":"sid-8D9FC954-EB33-4C05-ADF0-5706EF50E974","properties":{"stencilid":"SlotPanel","stencilsuperid":"SlotPanel","stencilsuperids":["SlotPanel"],"customstencil":true,"id":"panel1","notes":"","width":"300","xmlTag":"panel"},"ssextensions":[],"outgoing":[],"dockers":[]}],"bounds":{"lowerRight":{"x":1485,"y":1050},"upperLeft":{"x":0,"y":0}},"outputmappingproperties":{"outcomes":{"type":"complex","placeholders":[]},"datamodel":{"type":"complex","placeholders":[]}},"properties":{"stencilid":"XForm","stencilsuperid":"XForm","stencilsuperids":["XForm"],"customstencil":true,"id":"indexingTrainingPage2","notes":"","guid":"PAGE_MODEL-c5aee385-21bf-449b-99e1-ca929d22ebaa","stylesheet":"","name":"indexing-training-page-2","creationdate":"2019-07-02T10:53:09.448Z","modificationdate":"2019-07-02T14:46:23.305Z","outcomes":"","outcomevariablename":"","datamodel":"","dialog-size":"","dialog-title":"","dialog-description":"","xmlTag":"XForm","description":""},"ssextensions":["http://b3mn.org/stencilset/default.flowable.page.palette.xml#"],"stencilset":{"url":"./app/editor_stencilset","namespace":"http://b3mn.org/stencilset/pages#"}}}