{"id":"CASE_MODEL-e0f57f18-864d-427f-9fcb-773b5fd32f26","name":"Case with a Process with a Task with a Sub Form","key":"caseWithAProcessWithATaskWithASubForm","description":"","editorJson":{"resourceId":"editor_CASE_MODEL-e0f57f18-864d-427f-9fcb-773b5fd32f26","stencil":{"id":"CASEDiagram"},"pathProperties":{},"xmlProperties":[],"childShapes":[{"resourceId":"onecaseplanmodel1","stencil":{"id":"CasePlanModel"},"pathProperties":{},"xmlProperties":["autocomplete","autocomplete-run","planitemlifecyclelisteners","name","name_en_us","name_en_us-run","name_de_de","name_de_de-run","name_fr_fr","name_fr_fr-run","name_it_it","name_it_it-run","name_es_es","name_es_es-run","name-run","name_i18n-key"],"childShapes":[{"resourceId":"onehumantask1","stencil":{"id":"Task"},"pathProperties":{},"xmlProperties":["planitemlifecyclelisteners","guid","exposeasmessageitems","exposetoobjectitems","exposehumantaskasmessageitems","exposehumantasktoobjectitems","name","name_en_us","name_en_us-run","name_de_de","name_de_de-run","name_fr_fr","name_fr_fr-run","name_it_it","name_it_it-run","name_es_es","name_es_es-run","name-run","name_i18n-key"],"childShapes":[],"bounds":{"lowerRight":{"x":161,"y":126},"upperLeft":{"x":61,"y":46}},"specialproperties":{"startformreference":{"type":"treeview","placeholder":"startformkey"},"securitypolicy":{"type":"treeview","placeholder":"securitypolicymodel"},"form_entry":{"type":"treeview","placeholder":"formentry"}},"outputmappingproperties":{"planitemlifecyclelisteners":{"type":"complex","placeholders":[]},"tasklistener":{"type":"complex","placeholders":[]},"out":{"type":"complex","placeholders":[]},"exposeasmessageitems":{"type":"complex","placeholders":[]},"exposetoobjectitems":{"type":"complex","placeholders":[]},"exposehumantaskasmessageitems":{"type":"complex","placeholders":[]},"in":{"type":"complex","placeholders":[]},"exposehumantasktoobjectitems":{"type":"complex","placeholders":[]}},"properties":{"stencilid":"onehumantask","stencilsuperid":"HumanTask","stencilsuperids":["Task","HumanTask"],"customstencil":"true","fontweight":"","notes":"","tasktype":"human","planitemlifecyclelisteners":"","participantgroups":"","participantgroups-run":"","priority":"","fontcolor":"","tasklistener":"","fontstyle":"","guid":"GEAR-4fd02930-2076-4414-9d32-f6cd63c8504e","candidategroups":"","candidategroups-run":"","owner":"","owner-run":"","repetitioncountervariablename":"repetitionCounter","watchergroups":"","watchergroups-run":"","startformreference":"","startformkey":"","assignee":"","assignee-run":"${initiator}","out":"","isblocking":true,"isblocking-run":"","securitypolicy":"","securitypolicymodel":"","applicabilityrule":"","bordercolor":"#000000","taskid":"","fontsize":"","form_entry":"FORM_MODEL-78d4569e-bf21-453d-b887-0e1476f91ee0","formentry":"fooForm","required":false,"required-run":"","watcherusers":"","watcherusers-run":"","exposeasmessageitems":"","bgcolor":"#ffffff","completionneutral":false,"completionneutral-run":"","participantusers":"","participantusers-run":"","repetition":false,"repetition-run":"","manualactivation":false,"manualactivation-run":"","startformfieldvalidation":false,"startformfieldvalidation-run":"","async":false,"exposetoobjectitems":"","duedate":"","exclusive":true,"exposehumantaskasmessageitems":"","isdiscretionary":false,"description":"","candidateusers":"","candidateusers-run":"","documentation":"","customfolderpath":"","formfieldvalidation":false,"formfieldvalidation-run":"","in":"","exposehumantasktoobjectitems":"","id":"onehumantask1","value":"","name":"Foo Task","name_en_us":"Foo Task","name_en_us-run":"","name_de_de":"","name_de_de-run":"","name_fr_fr":"","name_fr_fr-run":"","name_it_it":"","name_it_it-run":"","name_es_es":"","name_es_es-run":"","name-run":"","name_i18n-key":"","customstencilid":"onehumantask","customnamespace":"http://b3mn.org/stencilset/default.case.palette.xml#","xmlTag":"HumanTask"},"ssextensions":[],"outgoing":[{"resourceId":"oneconnector1"}],"dockers":[],"labels":[{"styles":{"fill":"#000000","size":"12","italic":false,"bold":false},"ref":"text_name"}]},{"resourceId":"oneprocesstask1","stencil":{"id":"Task"},"pathProperties":{},"xmlProperties":["exposetoobjectitems","planitemlifecyclelisteners","processname","processname_en_us","processname_de_de","processname_fr_fr","processname_it_it","processname_es_es","processname_i18n-key","exposeasmessageitems","name","name_en_us","name_en_us-run","name_de_de","name_de_de-run","name_fr_fr","name_fr_fr-run","name_it_it","name_it_it-run","name_es_es","name_es_es-run","name-run","name_i18n-key"],"childShapes":[],"bounds":{"lowerRight":{"x":341,"y":126},"upperLeft":{"x":241,"y":46}},"specialproperties":{"startformreference":{"type":"treeview","placeholder":"startformkey"},"entry":{"type":"treeview","placeholder":"processentry"}},"outputmappingproperties":{"out":{"type":"complex","placeholders":[]},"exposetoobjectitems":{"type":"complex","placeholders":[]},"planitemlifecyclelisteners":{"type":"complex","placeholders":[]},"in":{"type":"complex","placeholders":[]},"exposeasmessageitems":{"type":"complex","placeholders":[]}},"properties":{"stencilid":"oneprocesstask","stencilsuperid":"ProcessTask","stencilsuperids":["Task","ProcessTask"],"customstencil":"true","required":false,"required-run":"","notes":"","out":"","exposetoobjectitems":"","startformreference":"","startformkey":"","tasktype":"process","startformfieldvalidation":false,"startformfieldvalidation-run":"","isdiscretionary":false,"fontcolor":"","planitemlifecyclelisteners":"","isblocking":true,"isblocking-run":"","processname":"","processname_en_us":"","processname_de_de":"","processname_fr_fr":"","processname_it_it":"","processname_es_es":"","processname_i18n-key":"","guid":"GEAR-ea2b43e4-7025-461e-8d1d-f1f56659152e","completionneutral":false,"completionneutral-run":"","exclusive":true,"description":"","repetitioncountervariablename":"repetitionCounter","processid":"","fallback-to-default-tenant":true,"entry":"PROCESS_MODEL-f334e518-b785-4f7a-9f7d-b37b2b79c001","processentry-run":"","processentry":"aProcess","bordercolor":"#000000","manualactivation":false,"manualactivation-run":"","async":false,"fontweight":"","repetition":false,"repetition-run":"","applicabilityrule":"","fontsize":"","documentation":"","bgcolor":"#ffffff","in":"","fontstyle":"","exposeasmessageitems":"","id":"oneprocesstask1","value":"","name":"A Process","name_en_us":"A Process","name_en_us-run":"","name_de_de":"","name_de_de-run":"","name_fr_fr":"","name_fr_fr-run":"","name_it_it":"","name_it_it-run":"","name_es_es":"","name_es_es-run":"","name-run":"","name_i18n-key":"","customstencilid":"oneprocesstask","customnamespace":"http://b3mn.org/stencilset/default.case.palette.xml#","xmlTag":"ProcessTask"},"ssextensions":[],"outgoing":[{"resourceId":"oneentrycriterion1"}],"dockers":[],"labels":[{"styles":{"fill":"#000000","size":"12","italic":false,"bold":false},"ref":"text_name"}]},{"resourceId":"oneentrycriterion1","stencil":{"id":"EntryCriterion"},"pathProperties":{},"xmlProperties":["name","name_en_us","name_en_us-run","name_de_de","name_de_de-run","name_fr_fr","name_fr_fr-run","name_it_it","name_it_it-run","name_es_es","name_es_es-run","name-run","name_i18n-key"],"childShapes":[],"bounds":{"lowerRight":{"x":250,"y":103},"upperLeft":{"x":232,"y":75}},"properties":{"stencilid":"oneentrycriterion","stencilsuperid":"EntryCriterion","stencilsuperids":["EntryCriterion"],"customstencil":"true","notes":"","description":"","documentation":"","fontstyle":"","fontweight":"","fontsize":"","guid":"GEAR-45a0921c-1da5-41e6-9463-8fcf57504975","condition":"","triggermode":"deferred","fontcolor":"","name":"","name_en_us":"","name_en_us-run":"","name_de_de":"","name_de_de-run":"","name_fr_fr":"","name_fr_fr-run":"","name_it_it":"","name_it_it-run":"","name_es_es":"","name_es_es-run":"","name-run":"","name_i18n-key":"","value":"","id":"oneentrycriterion1","customstencilid":"oneentrycriterion","customnamespace":"http://b3mn.org/stencilset/default.case.palette.xml#","xmlTag":"EntryCriterion"},"ssextensions":[],"outgoing":[],"dockers":[{"x":8,"y":43}]}],"bounds":{"lowerRight":{"x":788,"y":799},"upperLeft":{"x":30,"y":45}},"specialproperties":{"workformreference":{"type":"treeview","placeholder":"workformkey"},"formreference":{"type":"treeview","placeholder":"formkey"}},"outputmappingproperties":{"planitemlifecyclelisteners":{"type":"complex","placeholders":[]}},"properties":{"stencilid":"onecaseplanmodel","stencilsuperid":"CasePlanModel","stencilsuperids":["CasePlanModel"],"customstencil":true,"documentation":"","notes":"","guid":"GEAR-98794b7d-3b55-44c6-b84c-cd4a138fa897","fontstyle":"","workformreference":"","workformkey":"","formfieldvalidation":false,"formfieldvalidation-run":"","fontweight":"","autocomplete":false,"autocomplete-run":"","fontsize":"","bgcolor":"#ffffff","description":"","formreference":"","formkey":"","bordercolor":"#000000","fontcolor":"","planitemlifecyclelisteners":"","workformfieldvalidation":false,"workformfieldvalidation-run":"","value":"","name":"Case plan model","name_en_us":"Case plan model","name_en_us-run":"","name_de_de":"","name_de_de-run":"","name_fr_fr":"","name_fr_fr-run":"","name_it_it":"","name_it_it-run":"","name_es_es":"","name_es_es-run":"","name-run":"","name_i18n-key":"","id":"onecaseplanmodel1","customstencilid":"onecaseplanmodel","customnamespace":"http://b3mn.org/stencilset/default.case.palette.xml#","xmlTag":"CasePlanModel"},"ssextensions":[],"outgoing":[],"dockers":[],"labels":[{"styles":{"fill":"#000000","size":"12","italic":false,"bold":false},"ref":"text_name"}]},{"resourceId":"oneconnector1","stencil":{"id":"Connector"},"pathProperties":{},"xmlProperties":["name","name_en_us","name_en_us-run","name_de_de","name_de_de-run","name_fr_fr","name_fr_fr-run","name_it_it","name_it_it-run","name_es_es","name_es_es-run","name-run","name_i18n-key"],"childShapes":[],"bounds":{"lowerRight":{"x":261,"y":134},"upperLeft":{"x":191,"y":131}},"properties":{"stencilid":"oneconnector","stencilsuperid":"Connector","stencilsuperids":["Connector"],"customstencil":"true","bordercolor":"#000000","notes":"","documentation":"","display_ref_in_diagram":true,"fontstyle":"","standardevent":"complete","description":"","guid":"","fontweight":"","fontcolor":"","standardevent_casefileitem":"","fontsize":"","value":"","id":"oneconnector1","name":"complete","name_en_us":"complete","name_en_us-run":"complete","name_de_de":"complete","name_de_de-run":"complete","name_fr_fr":"complete","name_fr_fr-run":"complete","name_it_it":"complete","name_it_it-run":"complete","name_es_es":"complete","name_es_es-run":"complete","name-run":"complete","name_i18n-key":"","customstencilid":"oneconnector","customnamespace":"http://b3mn.org/stencilset/default.case.palette.xml#","xmlTag":"Connector"},"ssextensions":[],"outgoing":[{"resourceId":"oneentrycriterion1"}],"dockers":[{"x":50,"y":40},{"x":231,"y":131},{"x":231,"y":134},{"x":9,"y":14}],"labels":[{"styles":{"fill":"#000000","size":"12","italic":false,"bold":false},"ref":"text_name"}],"target":{"resourceId":"oneentrycriterion1"}}],"bounds":{"lowerRight":{"x":1485,"y":1050},"upperLeft":{"x":0,"y":0}},"specialproperties":{"securitypolicy":{"type":"treeview","placeholder":"securitypolicymodel"}},"outputmappingproperties":{"namespaces":{"type":"complex","placeholders":[]}},"properties":{"stencilid":"CASEDiagram","stencilsuperid":"CASEDiagram","stencilsuperids":["CASEDiagram"],"customstencil":true,"id":"caseWithAProcessWithATaskWithASubForm","notes":"","name":"Case with a Process with a Task with a Sub Form","name_en_us":"","name_de_de":"","name_fr_fr":"","name_it_it":"","name_es_es":"","name_i18n-key":"","description":"","guid":"CASE_MODEL-e0f57f18-864d-427f-9fcb-773b5fd32f26","labelexpression":"","version":"","author":"","language":"English","namespaces":"","creationdate":"2019-08-07T15:54:57.572Z","modificationdate":"2019-08-07T15:57:29.939Z","fontsize":"12","fontweight":"normal","fontstyle":"normal","fontcolor":"#000000","documentation":"","securitypolicy":"","securitypolicymodel":"","customfolderpath":"","owner":"","owner-run":"","assignee":"","assignee-run":"","case_potentialstarteruser":"","case_potentialstarteruser-run":"","case_potentialstartergroup":"","case_potentialstartergroup-run":"","participantusers":"","participantusers-run":"","participantgroups":"","participantgroups-run":"","watcherusers":"","watcherusers-run":"","watchergroups":"","watchergroups-run":"","case_initiatorvariablename":"initiator","case_namespace":"","xmlTag":"CASEDiagram"},"ssextensions":["http://b3mn.org/stencilset/default.case.palette.xml#"],"stencilset":{"url":"./app/editor_stencilset","namespace":"http://b3mn.org/stencilset/case1.0#"}}}