{"id":"CASE_MODEL-0b6c6e6f-5a2b-417c-913c-11ea48355b0f","name":"Simple Case","key":"simpleCase","description":null,"editorJson":{"resourceId":"editor_CASE_MODEL-0b6c6e6f-5a2b-417c-913c-11ea48355b0f","stencil":{"id":"CASEDiagram"},"pathProperties":{},"xmlProperties":[],"childShapes":[{"resourceId":"onecaseplanmodel1","stencil":{"id":"CasePlanModel"},"pathProperties":{},"xmlProperties":["autocomplete","autocomplete-run","planitemlifecyclelisteners","name","name_en_us","name_en_us-run","name_de_de","name_de_de-run","name_fr_fr","name_fr_fr-run","name_it_it","name_it_it-run","name_es_es","name_es_es-run","name-run","name_i18n-key"],"childShapes":[{"resourceId":"onehumantask1","stencil":{"id":"Task"},"pathProperties":{},"xmlProperties":["exposeasmessageitems","exposehumantasktoobjectitems","exposehumantaskasmessageitems","exposetoobjectitems","guid","planitemlifecyclelisteners","name","name_en_us","name_en_us-run","name_de_de","name_de_de-run","name_fr_fr","name_fr_fr-run","name_it_it","name_it_it-run","name_es_es","name_es_es-run","name-run","name_i18n-key"],"childShapes":[],"bounds":{"lowerRight":{"x":161,"y":126},"upperLeft":{"x":61,"y":46}},"specialproperties":{"startformreference":{"type":"treeview","placeholder":"startformkey"},"form_entry":{"type":"treeview","placeholder":"formentry"},"securitypolicy":{"type":"treeview","placeholder":"securitypolicymodel"}},"outputmappingproperties":{"exposeasmessageitems":{"type":"complex","placeholders":[]},"out":{"type":"complex","placeholders":[]},"exposehumantasktoobjectitems":{"type":"complex","placeholders":[]},"exposehumantaskasmessageitems":{"type":"complex","placeholders":[]},"exposetoobjectitems":{"type":"complex","placeholders":[]},"in":{"type":"complex","placeholders":[]},"tasklistener":{"type":"complex","placeholders":[]},"planitemlifecyclelisteners":{"type":"complex","placeholders":[]}},"properties":{"stencilid":"onehumantask","stencilsuperid":"HumanTask","stencilsuperids":["Task","HumanTask"],"customstencil":"true","exposeasmessageitems":"","notes":"","bordercolor":"#000000","out":"","description":"","completionneutral":false,"completionneutral-run":"","fontweight":"","applicabilityrule":"","repetitioncountervariablename":"repetitionCounter","required":false,"required-run":"","startformreference":"","startformkey":"","duedate":"","candidateusers":"","candidateusers-run":"","exposehumantasktoobjectitems":"","startformfieldvalidation":false,"startformfieldvalidation-run":"","fontstyle":"","exposehumantaskasmessageitems":"","fontcolor":"","taskid":"","exposetoobjectitems":"","form_entry":"FORM_MODEL-78d4569e-bf21-453d-b887-0e1476f91ee0","formentry":"fooForm","isdiscretionary":false,"candidategroups":"","candidategroups-run":"","isblocking":true,"isblocking-run":"","watcherusers":"","watcherusers-run":"","priority":"","exclusive":true,"participantgroups":"","participantgroups-run":"","formfieldvalidation":false,"formfieldvalidation-run":"","in":"","async":false,"watchergroups":"","watchergroups-run":"","tasklistener":"","fontsize":"","securitypolicy":"","securitypolicymodel":"","bgcolor":"#ffffff","participantusers":"","participantusers-run":"","tasktype":"human","assignee":"","assignee-run":"${initiator}","guid":"GEAR-599aea3b-b290-4c65-8ca4-f5efbee379eb","repetition":false,"repetition-run":"","documentation":"","manualactivation":false,"manualactivation-run":"","owner":"","owner-run":"","customfolderpath":"","planitemlifecyclelisteners":"","id":"onehumantask1","value":"","name":"Simple human task from a simple case","name_en_us":"Simple human task from a simple case","name_en_us-run":"","name_de_de":"","name_de_de-run":"","name_fr_fr":"","name_fr_fr-run":"","name_it_it":"","name_it_it-run":"","name_es_es":"","name_es_es-run":"","name-run":"","name_i18n-key":"","customstencilid":"onehumantask","customnamespace":"http://b3mn.org/stencilset/default.case.palette.xml#","xmlTag":"HumanTask"},"ssextensions":[],"outgoing":[],"dockers":[],"labels":[{"styles":{"fill":"#000000","size":"12","italic":false,"bold":false},"ref":"text_name"}]}],"bounds":{"lowerRight":{"x":788,"y":799},"upperLeft":{"x":30,"y":45}},"specialproperties":{"workformreference":{"type":"treeview","placeholder":"workformkey"},"formreference":{"type":"treeview","placeholder":"formkey"}},"outputmappingproperties":{"planitemlifecyclelisteners":{"type":"complex","placeholders":[]}},"properties":{"stencilid":"onecaseplanmodel","stencilsuperid":"CasePlanModel","stencilsuperids":["CasePlanModel"],"customstencil":true,"notes":"","guid":"GEAR-ab4a4388-8444-4055-9ffa-6f247b353819","documentation":"","workformfieldvalidation":false,"workformfieldvalidation-run":"","formfieldvalidation":false,"formfieldvalidation-run":"","bordercolor":"#000000","workformreference":"","workformkey":"","fontstyle":"","fontsize":"","autocomplete":false,"autocomplete-run":"","fontcolor":"","planitemlifecyclelisteners":"","bgcolor":"#ffffff","description":"","formreference":"","formkey":"","fontweight":"","value":"","name":"Case plan model","name_en_us":"Case plan model","name_en_us-run":"","name_de_de":"","name_de_de-run":"","name_fr_fr":"","name_fr_fr-run":"","name_it_it":"","name_it_it-run":"","name_es_es":"","name_es_es-run":"","name-run":"","name_i18n-key":"","id":"onecaseplanmodel1","customstencilid":"onecaseplanmodel","customnamespace":"http://b3mn.org/stencilset/default.case.palette.xml#","xmlTag":"CasePlanModel"},"ssextensions":[],"outgoing":[],"dockers":[],"labels":[{"styles":{"fill":"#000000","size":"12","italic":false,"bold":false},"ref":"text_name"}]}],"bounds":{"lowerRight":{"x":1485,"y":1050},"upperLeft":{"x":0,"y":0}},"specialproperties":{"securitypolicy":{"type":"treeview","placeholder":"securitypolicymodel"}},"outputmappingproperties":{"namespaces":{"type":"complex","placeholders":[]}},"properties":{"stencilid":"CASEDiagram","stencilsuperid":"CASEDiagram","stencilsuperids":["CASEDiagram"],"customstencil":true,"id":"simpleCase","notes":"","name":"Simple Case","name_en_us":"","name_de_de":"","name_fr_fr":"","name_it_it":"","name_es_es":"","name_i18n-key":"","description":"","guid":"CASE_MODEL-0b6c6e6f-5a2b-417c-913c-11ea48355b0f","labelexpression":"","version":"","author":"","language":"English","namespaces":"","creationdate":"2019-08-06T10:43:43.661Z","modificationdate":"2019-08-06T10:54:54.672Z","fontsize":"12","fontweight":"normal","fontstyle":"normal","fontcolor":"#000000","documentation":"","securitypolicy":"","securitypolicymodel":"","customfolderpath":"","owner":"","owner-run":"","assignee":"","assignee-run":"","case_potentialstarteruser":"","case_potentialstarteruser-run":"","case_potentialstartergroup":"","case_potentialstartergroup-run":"","participantusers":"","participantusers-run":"","participantgroups":"","participantgroups-run":"","watcherusers":"","watcherusers-run":"","watchergroups":"","watchergroups-run":"","case_initiatorvariablename":"initiator","case_namespace":"","xmlTag":"CASEDiagram"},"ssextensions":["http://b3mn.org/stencilset/default.case.palette.xml#"],"stencilset":{"url":"./app/editor_stencilset","namespace":"http://b3mn.org/stencilset/case1.0#"}}}