{"id":"PAGE_MODEL-75a5cd43-d7b9-430f-bbb3-2f8308ab0bca","name":"A New Page","key":"aNewPage","description":"","editorJson":{"resourceId":"editor_PAGE_MODEL-75a5cd43-d7b9-430f-bbb3-2f8308ab0bca","stencil":{"id":"XForm"},"pathProperties":{"id":"id","name":"name","creationdate":"creationdate","modificationdate":"modificationdate","outcomes":"outcomes","outcomevariablename":"outcomeVariableName","datamodel":"dataModel","dialog-size":"dialogSize","dialog-title":"dialogTitle","dialog-description":"dialogDescription"},"xmlProperties":[],"childShapes":[{"resourceId":"panel1","stencil":{"id":"SlotPanel"},"pathProperties":{"id":"id"},"xmlProperties":[],"childShapes":[{"resourceId":"datatable1","stencil":{"id":"Component"},"pathProperties":{"filterable":"extraSettings.filterable","col-span":"size","multi-sort":"extraSettings.multiSort","link-target":"extraSettings.linkTarget","show-pagination":"extraSettings.showPagination","show-pagination-run":"extraSettings.showPagination","description":"description","description_en_us":"i18n.en_us.description","description_de_de":"i18n.de_de.description","description_fr_fr":"i18n.fr_fr.description","description_it_it":"i18n.it_it.description","description_es_es":"i18n.es_es.description","description_i18n-key":"description","sort-separator":"extraSettings.sortSeparator","serialize-item":"extraSettings.identity","table-key":"extraSettings.tableKey","table-key-run":"extraSettings.tableKey","auto-complete-type":"extraSettings.storage","url":"extraSettings.url","format-item":"extraSettings.formatItem","default-value":"defaultValue","no-data-message":"extraSettings.noDataMessage","no-data-message_en_us":"i18n.en_us.extraSettings.noDataMessage","no-data-message_de_de":"i18n.de_de.extraSettings.noDataMessage","no-data-message_fr_fr":"i18n.fr_fr.extraSettings.noDataMessage","no-data-message_it_it":"i18n.it_it.extraSettings.noDataMessage","no-data-message_es_es":"i18n.es_es.extraSettings.noDataMessage","no-data-message_i18n-key":"extraSettings.noDataMessage","ignored":"ignore","ignored-run":"ignore","sortable":"extraSettings.sortable","filter-pattern":"extraSettings.filterPattern","show-refresh-button":"extraSettings.showRefreshButton","id":"id","selectable":"extraSettings.selectable","page-size":"extraSettings.pageSize","options":"extraSettings.items","options_en_us":"i18n.en_us.extraSettings.items","options_en_us-run":"i18n.en_us.extraSettings.items","options_de_de":"i18n.de_de.extraSettings.items","options_de_de-run":"i18n.de_de.extraSettings.items","options_fr_fr":"i18n.fr_fr.extraSettings.items","options_fr_fr-run":"i18n.fr_fr.extraSettings.items","options_it_it":"i18n.it_it.extraSettings.items","options_it_it-run":"i18n.it_it.extraSettings.items","options_es_es":"i18n.es_es.extraSettings.items","options_es_es-run":"i18n.es_es.extraSettings.items","options-run":"extraSettings.items","options_i18n-key":"extraSettings.items","show-total-records":"extraSettings.showTotalRecords","client-pagination":"extraSettings.clientPagination","response":"extraSettings.response","columns":"extraSettings.columns","sort-asc":"extraSettings.sortAsc","value":"value","filter-separator":"extraSettings.filterSeparator","target":"extraSettings.target","refresh-time":"extraSettings.refreshTime","refresh-time-run":"extraSettings.refreshTime","tooltip":"tooltip","tooltip_en_us":"i18n.en_us.tooltip","tooltip_de_de":"i18n.de_de.tooltip","tooltip_fr_fr":"i18n.fr_fr.tooltip","tooltip_it_it":"i18n.it_it.tooltip","tooltip_es_es":"i18n.es_es.tooltip","tooltip_i18n-key":"tooltip","page-size-options":"extraSettings.pageSizeOptions","enabled":"enabled","enabled-run":"enabled","sort-desc":"extraSettings.sortDesc","lookup-url":"extraSettings.lookupUrl","lookup-url-run":"extraSettings.lookupUrl","label":"label","label_en_us":"i18n.en_us.label","label_de_de":"i18n.de_de.label","label_fr_fr":"i18n.fr_fr.label","label_it_it":"i18n.it_it.label","label_es_es":"i18n.es_es.label","label_i18n-key":"label","link-target-view":"extraSettings.linkTargetView","required":"isRequired","required-run":"isRequired","conditional-formatting":"extraSettings.conditionalFormatting","datasource":"extraSettings.dataSource","visible":"visible","visible-run":"visible","link-item":"extraSettings.linkUrl","label-position":"labelAlign","path":"extraSettings.path","path-run":"extraSettings.path","search-query":"extraSettings.searchQuery","query-url":"extraSettings.queryUrl","query-url-run":"extraSettings.queryUrl","style-class":"styleClass","sort-pattern":"extraSettings.sortPattern"},"xmlProperties":["serialize-item","table-key","table-key-run","auto-complete-type","format-item","lookup-url","lookup-url-run","link-item","path","path-run","query-url","query-url-run"],"childShapes":[],"bounds":{"lowerRight":{"x":984,"y":166},"upperLeft":{"x":15,"y":98}},"outputmappingproperties":{"options":{"type":"complex","placeholders":[]},"options_en_us":{"type":"complex","placeholders":[]},"options_de_de":{"type":"complex","placeholders":[]},"options_fr_fr":{"type":"complex","placeholders":[]},"options_it_it":{"type":"complex","placeholders":[]},"options_es_es":{"type":"complex","placeholders":[]},"columns":{"type":"complex","placeholders":[]},"page-size-options":{"type":"complex","placeholders":[]},"conditional-formatting":{"type":"complex","placeholders":[]}},"properties":{"stencilid":"cloud-datatable","stencilsuperid":"Component","stencilsuperids":["Component"],"customstencil":true,"filterable":false,"notes":"","col-span":"1","multi-sort":false,"description-position":"bottom","row":2,"link-target":"","show-pagination":true,"show-pagination-run":"","description":"","description_en_us":"","description_de_de":"","description_fr_fr":"","description_it_it":"","description_es_es":"","description_i18n-key":"","sort-separator":"","serialize-item":"value","size":12,"table-key":"","table-key-run":"","auto-complete-type":"Id","url":"","format-item":"","default-value":"","description-align":"left","no-data-message":"","no-data-message_en_us":"","no-data-message_de_de":"","no-data-message_fr_fr":"","no-data-message_it_it":"","no-data-message_es_es":"","no-data-message_i18n-key":"","ignored":false,"ignored-run":"","col-align":"fill","sortable":false,"filter-pattern":"","show-refresh-button":false,"id":"datatable1","selectable":"","page-size":"","options":"","options_en_us":"","options_en_us-run":"","options_de_de":"","options_de_de-run":"","options_fr_fr":"","options_fr_fr-run":"","options_it_it":"","options_it_it-run":"","options_es_es":"","options_es_es-run":"","options-run":"","options_i18n-key":"","row-align":"top","label-align":"top-left","show-total-records":false,"client-pagination":true,"col-weight":"","response":{},"columns":{"totalCount":3,"items":[{"label":"Id","id":"id","accessor":"id","alignment":"left","className":"","component":"","filterable":false,"maxWidth":"","minWidth":"","width":"","sortable":false,"show":true,"show_rt":""},{"label":"A Text","id":"aText","accessor":"aText","alignment":"left","className":"","component":"","filterable":false,"maxWidth":"","minWidth":"","width":"","sortable":false,"show":true,"show_rt":""},{"label":"Completed","id":"completed","accessor":"completed","alignment":"left","className":"","component":"","filterable":false,"maxWidth":"","minWidth":"","width":"","sortable":false,"show":true,"show_rt":""}]},"sort-asc":"","value":"","filter-separator":"","target":"_blank","height":"","width":"200","refresh-time":"","refresh-time-run":"","tooltip":"","tooltip_en_us":"","tooltip_de_de":"","tooltip_fr_fr":"","tooltip_it_it":"","tooltip_es_es":"","tooltip_i18n-key":"","page-size-options":{"totalCount":6,"items":[{"page-size":5},{"page-size":10},{"page-size":20},{"page-size":25},{"page-size":50},{"page-size":100}]},"enabled":true,"enabled-run":"","sort-desc":"","lookup-url":"","lookup-url-run":"","label":"","label_en_us":"","label_de_de":"","label_fr_fr":"","label_it_it":"","label_es_es":"","label_i18n-key":"","link-target-view":"browse","required":false,"required-run":"","conditional-formatting":"","col":1,"datasource":"Rest","visible":true,"visible-run":"","row-weight":"","link-item":"","documentation":"","label-position":"top","path":"data","path-run":"data","bordercolor":"#000000","search-query":"","query-url":"/platform-api/search/query-process-instances/query/process-search-query?aTextValue={{searchText}}","query-url-run":"/platform-api/search/query-process-instances/query/process-search-query?aTextValue={{searchText}}","style-class":"","node-type":"","sort-pattern":"","customstencilid":"cloud-datatable","customnamespace":"http://b3mn.org/stencilset/default.flowable.page.palette.xml#","xmlTag":"dataTable"},"ssextensions":[],"outgoing":[],"dockers":[],"labels":[{"styles":{"fill":"#000000","size":"12","italic":false,"bold":false},"ref":"label_text"},{"styles":{"fill":"#000000","size":"12","italic":false,"bold":false},"ref":"input_text"},{"styles":{"fill":"#000000","size":"12","italic":false,"bold":false},"ref":"input_dependent_text_1"},{"styles":{"fill":"#000000","size":"12","italic":false,"bold":false},"ref":"desc_text"}]},{"resourceId":"text2","stencil":{"id":"Component"},"pathProperties":{"label-position":"labelAlign","label":"label","label_en_us":"i18n.en_us.label","label_de_de":"i18n.de_de.label","label_fr_fr":"i18n.fr_fr.label","label_it_it":"i18n.it_it.label","label_es_es":"i18n.es_es.label","label_i18n-key":"label","style-class":"styleClass","validation-regexp":"validationRegExp","value":"value","description":"description","description_en_us":"i18n.en_us.description","description_de_de":"i18n.de_de.description","description_fr_fr":"i18n.fr_fr.description","description_it_it":"i18n.it_it.description","description_es_es":"i18n.es_es.description","description_i18n-key":"description","tooltip":"tooltip","tooltip_en_us":"i18n.en_us.tooltip","tooltip_de_de":"i18n.de_de.tooltip","tooltip_fr_fr":"i18n.fr_fr.tooltip","tooltip_it_it":"i18n.it_it.tooltip","tooltip_es_es":"i18n.es_es.tooltip","tooltip_i18n-key":"tooltip","default-value":"defaultValue","visible":"visible","visible-run":"visible","ignored":"ignore","ignored-run":"ignore","id":"id","col-span":"size","max-length":"extraSettings.maxLength","max-length-run":"extraSettings.maxLength","enabled":"enabled","enabled-run":"enabled","min-length-error-msg":"minLengthErrorMessage","min-length-error-msg_en_us":"i18n.en_us.minLengthErrorMessage","min-length-error-msg_de_de":"i18n.de_de.minLengthErrorMessage","min-length-error-msg_fr_fr":"i18n.fr_fr.minLengthErrorMessage","min-length-error-msg_it_it":"i18n.it_it.minLengthErrorMessage","min-length-error-msg_es_es":"i18n.es_es.minLengthErrorMessage","min-length-error-msg_i18n-key":"minLengthErrorMessage","max-length-error-msg":"maxLengthErrorMessage","max-length-error-msg_en_us":"i18n.en_us.maxLengthErrorMessage","max-length-error-msg_de_de":"i18n.de_de.maxLengthErrorMessage","max-length-error-msg_fr_fr":"i18n.fr_fr.maxLengthErrorMessage","max-length-error-msg_it_it":"i18n.it_it.maxLengthErrorMessage","max-length-error-msg_es_es":"i18n.es_es.maxLengthErrorMessage","max-length-error-msg_i18n-key":"maxLengthErrorMessage","validation-mask-error-msg":"validationMaskErrorMessage","validation-mask-error-msg_en_us":"i18n.en_us.validationMaskErrorMessage","validation-mask-error-msg_de_de":"i18n.de_de.validationMaskErrorMessage","validation-mask-error-msg_fr_fr":"i18n.fr_fr.validationMaskErrorMessage","validation-mask-error-msg_it_it":"i18n.it_it.validationMaskErrorMessage","validation-mask-error-msg_es_es":"i18n.es_es.validationMaskErrorMessage","validation-mask-error-msg_i18n-key":"validationMaskErrorMessage","validation-regexp-error-msg":"validationRegExpErrorMessage","validation-regexp-error-msg_en_us":"i18n.en_us.validationRegExpErrorMessage","validation-regexp-error-msg_de_de":"i18n.de_de.validationRegExpErrorMessage","validation-regexp-error-msg_fr_fr":"i18n.fr_fr.validationRegExpErrorMessage","validation-regexp-error-msg_it_it":"i18n.it_it.validationRegExpErrorMessage","validation-regexp-error-msg_es_es":"i18n.es_es.validationRegExpErrorMessage","validation-regexp-error-msg_i18n-key":"validationRegExpErrorMessage","validation-mask":"validationMask","min-length":"extraSettings.minLength","min-length-run":"extraSettings.minLength","required":"isRequired","required-run":"isRequired"},"xmlProperties":["validation-regexp","min-length-error-msg","min-length-error-msg_en_us","min-length-error-msg_de_de","min-length-error-msg_fr_fr","min-length-error-msg_it_it","min-length-error-msg_es_es","min-length-error-msg_i18n-key","validation-mask-error-msg","validation-mask-error-msg_en_us","validation-mask-error-msg_de_de","validation-mask-error-msg_fr_fr","validation-mask-error-msg_it_it","validation-mask-error-msg_es_es","validation-mask-error-msg_i18n-key","validation-regexp-error-msg","validation-regexp-error-msg_en_us","validation-regexp-error-msg_de_de","validation-regexp-error-msg_fr_fr","validation-regexp-error-msg_it_it","validation-regexp-error-msg_es_es","validation-regexp-error-msg_i18n-key","validation-mask","min-length","min-length-run"],"childShapes":[],"bounds":{"lowerRight":{"x":984,"y":73},"upperLeft":{"x":15,"y":25}},"properties":{"stencilid":"cloud-text","stencilsuperid":"Component","stencilsuperids":["Component"],"customstencil":true,"description-align":"left","notes":"","label-position":"top","col":1,"label":"Search Text","label_en_us":"Search Text","label_de_de":"Label","label_fr_fr":"Label","label_it_it":"Label","label_es_es":"Label","label_i18n-key":"","description-position":"bottom","row-align":"top","style-class":"","label-align":"top-left","validation-regexp":"","value":"{{searchText}}","node-type":"","description":"","description_en_us":"","description_de_de":"","description_fr_fr":"","description_it_it":"","description_es_es":"","description_i18n-key":"","tooltip":"","tooltip_en_us":"","tooltip_de_de":"","tooltip_fr_fr":"","tooltip_it_it":"","tooltip_es_es":"","tooltip_i18n-key":"","default-value":"","visible":true,"visible-run":"","row":1,"bordercolor":"#000000","ignored":false,"ignored-run":"","id":"text2","row-weight":"","size":12,"documentation":"","col-span":"1","max-length":"","max-length-run":"","enabled":true,"enabled-run":"","min-length-error-msg":"","min-length-error-msg_en_us":"","min-length-error-msg_de_de":"","min-length-error-msg_fr_fr":"","min-length-error-msg_it_it":"","min-length-error-msg_es_es":"","min-length-error-msg_i18n-key":"","max-length-error-msg":"","max-length-error-msg_en_us":"","max-length-error-msg_de_de":"","max-length-error-msg_fr_fr":"","max-length-error-msg_it_it":"","max-length-error-msg_es_es":"","max-length-error-msg_i18n-key":"","width":"200","validation-mask-error-msg":"","validation-mask-error-msg_en_us":"","validation-mask-error-msg_de_de":"","validation-mask-error-msg_fr_fr":"","validation-mask-error-msg_it_it":"","validation-mask-error-msg_es_es":"","validation-mask-error-msg_i18n-key":"","col-weight":"","validation-regexp-error-msg":"","validation-regexp-error-msg_en_us":"","validation-regexp-error-msg_de_de":"","validation-regexp-error-msg_fr_fr":"","validation-regexp-error-msg_it_it":"","validation-regexp-error-msg_es_es":"","validation-regexp-error-msg_i18n-key":"","validation-mask":"","min-length":"","min-length-run":"","col-align":"fill","height":"","required":false,"required-run":"","customstencilid":"cloud-text","customnamespace":"http://b3mn.org/stencilset/default.flowable.page.palette.xml#","xmlTag":"text"},"ssextensions":[],"outgoing":[],"dockers":[],"labels":[{"styles":{"fill":"#000000","size":"12","italic":false,"bold":false},"ref":"label_text"},{"styles":{"fill":"#000000","size":"12","italic":false,"bold":false},"ref":"input_text"},{"styles":{"fill":"#000000","size":"12","italic":false,"bold":false},"ref":"desc_text"}]}],"bounds":{"lowerRight":{"x":1049,"y":241},"upperLeft":{"x":50,"y":50}},"oldResourceId":"sid-8D9FC954-EB33-4C05-ADF0-5706EF50E974","properties":{"stencilid":"SlotPanel","stencilsuperid":"SlotPanel","stencilsuperids":["SlotPanel"],"customstencil":true,"id":"panel1","notes":"","width":"300","xmlTag":"panel"},"ssextensions":[],"outgoing":[],"dockers":[]}],"bounds":{"lowerRight":{"x":1485,"y":1050},"upperLeft":{"x":0,"y":0}},"outputmappingproperties":{"outcomes":{"type":"complex","placeholders":[]},"datamodel":{"type":"complex","placeholders":[]}},"properties":{"stencilid":"XForm","stencilsuperid":"XForm","stencilsuperids":["XForm"],"customstencil":true,"id":"aNewPage","notes":"","guid":"PAGE_MODEL-75a5cd43-d7b9-430f-bbb3-2f8308ab0bca","stylesheet":"","name":"A New Page","creationdate":"2019-08-08T05:56:28.686Z","modificationdate":"2019-08-08T06:18:38.537Z","outcomes":"","outcomevariablename":"","datamodel":"","dialog-size":"","dialog-title":"","dialog-description":"","xmlTag":"XForm","description":""},"ssextensions":["http://b3mn.org/stencilset/default.flowable.page.palette.xml#"],"stencilset":{"url":"./app/editor_stencilset","namespace":"http://b3mn.org/stencilset/pages#"}}}